# СИНТЕТИЧЕСКИЕ ДАННЫЕ: сгенерированный магазин для демо, не реальные продажи
date,sku,category,sold,stock,price
2025-06-01,ПРО-001,Продукты,8,107,29.28
2025-06-02,ПРО-001,Продукты,8,138,29.28
2025-06-03,ПРО-001,Продукты,3,135,29.28
2025-06-04,ПРО-001,Продукты,10,125,29.28
2025-06-05,ПРО-001,Продукты,10,115,29.28
2025-06-06,ПРО-001,Продукты,4,111,29.28
2025-06-07,ПРО-001,Продукты,5,106,29.28
2025-06-08,ПРО-001,Продукты,3,103,29.28
2025-06-09,ПРО-001,Продукты,7,139,29.28
2025-06-10,ПРО-001,Продукты,4,135,29.28
2025-06-11,ПРО-001,Продукты,5,130,29.28
2025-06-12,ПРО-001,Продукты,11,119,29.28
2025-06-13,ПРО-001,Продукты,8,111,29.28
2025-06-14,ПРО-001,Продукты,9,102,29.28
2025-06-15,ПРО-001,Продукты,27,75,29.28
2025-06-16,ПРО-001,Продукты,10,136,29.28
2025-06-17,ПРО-001,Продукты,10,126,29.28
2025-06-18,ПРО-001,Продукты,4,122,29.28
2025-06-19,ПРО-001,Продукты,11,111,29.28
2025-06-20,ПРО-001,Продукты,23,88,29.28
2025-06-21,ПРО-001,Продукты,10,78,29.28
2025-06-22,ПРО-001,Продукты,8,70,29.28
2025-06-23,ПРО-001,Продукты,6,140,29.28
2025-06-24,ПРО-001,Продукты,20,120,29.28
2025-06-25,ПРО-001,Продукты,24,96,29.28
2025-06-26,ПРО-001,Продукты,10,86,29.28
2025-06-27,ПРО-001,Продукты,2,84,29.28
2025-06-28,ПРО-001,Продукты,7,77,29.28
2025-06-29,ПРО-001,Продукты,30,47,29.28
2025-06-30,ПРО-001,Продукты,3,143,29.28
2025-07-01,ПРО-001,Продукты,15,128,29.28
2025-07-02,ПРО-001,Продукты,2,126,29.28
2025-07-03,ПРО-001,Продукты,12,114,29.28
2025-07-04,ПРО-001,Продукты,8,106,29.28
2025-07-05,ПРО-001,Продукты,19,87,29.28
2025-07-06,ПРО-001,Продукты,23,64,29.28
2025-07-07,ПРО-001,Продукты,4,142,29.28
2025-07-08,ПРО-001,Продукты,7,135,29.28
2025-07-09,ПРО-001,Продукты,12,123,29.28
2025-07-10,ПРО-001,Продукты,7,116,29.28
2025-07-11,ПРО-001,Продукты,15,101,29.28
2025-07-12,ПРО-001,Продукты,26,75,29.28
2025-07-13,ПРО-001,Продукты,18,57,29.28
2025-07-14,ПРО-001,Продукты,8,138,29.28
2025-07-15,ПРО-001,Продукты,2,136,29.28
2025-07-16,ПРО-001,Продукты,5,131,29.28
2025-07-17,ПРО-001,Продукты,1,130,29.28
2025-07-18,ПРО-001,Продукты,15,115,29.28
2025-07-19,ПРО-001,Продукты,5,110,29.28
2025-07-20,ПРО-001,Продукты,10,100,29.28
2025-07-21,ПРО-001,Продукты,7,139,29.28
2025-07-22,ПРО-001,Продукты,11,128,29.28
2025-07-23,ПРО-001,Продукты,14,114,29.28
2025-07-24,ПРО-001,Продукты,5,109,29.28
2025-07-25,ПРО-001,Продукты,9,100,29.28
2025-07-26,ПРО-001,Продукты,10,90,29.28
2025-07-27,ПРО-001,Продукты,17,73,29.28
2025-07-28,ПРО-001,Продукты,3,143,29.28
2025-07-29,ПРО-001,Продукты,1,142,29.28
2025-07-30,ПРО-001,Продукты,9,133,29.28
2025-07-31,ПРО-001,Продукты,7,126,29.28
2025-08-01,ПРО-001,Продукты,12,114,29.28
2025-08-02,ПРО-001,Продукты,16,98,29.28
2025-08-03,ПРО-001,Продукты,17,81,29.28
2025-08-04,ПРО-001,Продукты,4,142,29.28
2025-08-05,ПРО-001,Продукты,7,135,29.28
2025-08-06,ПРО-001,Продукты,5,130,29.28
2025-08-07,ПРО-001,Продукты,14,116,29.28
2025-08-08,ПРО-001,Продукты,11,105,29.28
2025-08-09,ПРО-001,Продукты,12,93,29.28
2025-08-10,ПРО-001,Продукты,22,71,29.28
2025-08-11,ПРО-001,Продукты,12,134,29.28
2025-08-12,ПРО-001,Продукты,7,127,29.28
2025-08-13,ПРО-001,Продукты,4,123,29.28
2025-08-14,ПРО-001,Продукты,6,117,29.28
2025-08-15,ПРО-001,Продукты,17,100,29.28
2025-08-16,ПРО-001,Продукты,10,90,29.28
2025-08-17,ПРО-001,Продукты,11,79,29.28
2025-08-18,ПРО-001,Продукты,8,138,29.28
2025-08-19,ПРО-001,Продукты,13,125,29.28
2025-08-20,ПРО-001,Продукты,13,112,29.28
2025-08-21,ПРО-001,Продукты,6,106,29.28
2025-08-22,ПРО-001,Продукты,0,106,29.28
2025-08-23,ПРО-001,Продукты,2,104,29.28
2025-08-24,ПРО-001,Продукты,6,98,29.28
2025-08-25,ПРО-001,Продукты,2,144,29.28
2025-08-26,ПРО-001,Продукты,5,139,29.28
2025-08-27,ПРО-001,Продукты,3,136,29.28
2025-08-28,ПРО-001,Продукты,1,135,29.28
2025-08-29,ПРО-001,Продукты,2,133,29.28
2025-08-30,ПРО-001,Продукты,4,129,29.28
2025-08-31,ПРО-001,Продукты,10,119,29.28
2025-09-01,ПРО-001,Продукты,9,137,29.28
2025-09-02,ПРО-001,Продукты,3,134,29.28
2025-09-03,ПРО-001,Продукты,6,128,29.28
2025-09-04,ПРО-001,Продукты,2,126,29.28
2025-09-05,ПРО-001,Продукты,8,118,29.28
2025-09-06,ПРО-001,Продукты,17,101,29.28
2025-09-07,ПРО-001,Продукты,19,82,29.28
2025-09-08,ПРО-001,Продукты,8,138,29.28
2025-09-09,ПРО-001,Продукты,5,133,29.28
2025-09-10,ПРО-001,Продукты,4,129,29.28
2025-09-11,ПРО-001,Продукты,5,124,29.28
2025-09-12,ПРО-001,Продукты,4,120,29.28
2025-09-13,ПРО-001,Продукты,11,109,29.28
2025-09-14,ПРО-001,Продукты,8,101,29.28
2025-09-15,ПРО-001,Продукты,4,142,29.28
2025-09-16,ПРО-001,Продукты,3,139,29.28
2025-09-17,ПРО-001,Продукты,8,131,29.28
2025-09-18,ПРО-001,Продукты,2,129,29.28
2025-09-19,ПРО-001,Продукты,10,119,29.28
2025-09-20,ПРО-001,Продукты,11,108,29.28
2025-09-21,ПРО-001,Продукты,7,101,29.28
2025-09-22,ПРО-001,Продукты,7,139,29.28
2025-09-23,ПРО-001,Продукты,8,131,29.28
2025-09-24,ПРО-001,Продукты,12,119,29.28
2025-09-25,ПРО-001,Продукты,0,119,29.28
2025-09-26,ПРО-001,Продукты,10,109,29.28
2025-09-27,ПРО-001,Продукты,2,107,29.28
2025-09-28,ПРО-001,Продукты,11,96,29.28
2025-09-29,ПРО-001,Продукты,15,131,29.28
2025-09-30,ПРО-001,Продукты,5,126,29.28
2025-10-01,ПРО-001,Продукты,8,118,29.28
2025-10-02,ПРО-001,Продукты,12,106,29.28
2025-10-03,ПРО-001,Продукты,9,97,29.28
2025-10-04,ПРО-001,Продукты,10,87,29.28
2025-10-05,ПРО-001,Продукты,9,78,29.28
2025-10-06,ПРО-001,Продукты,8,138,29.28
2025-10-07,ПРО-001,Продукты,3,135,29.28
2025-10-08,ПРО-001,Продукты,8,127,29.28
2025-10-09,ПРО-001,Продукты,7,120,29.28
2025-10-10,ПРО-001,Продукты,8,112,29.28
2025-10-11,ПРО-001,Продукты,15,97,29.28
2025-10-12,ПРО-001,Продукты,16,81,29.28
2025-10-13,ПРО-001,Продукты,4,142,29.28
2025-10-14,ПРО-001,Продукты,6,136,29.28
2025-10-15,ПРО-001,Продукты,2,134,29.28
2025-10-16,ПРО-001,Продукты,7,127,29.28
2025-10-17,ПРО-001,Продукты,6,121,29.28
2025-10-18,ПРО-001,Продукты,9,112,29.28
2025-10-19,ПРО-001,Продукты,2,110,29.28
2025-10-20,ПРО-001,Продукты,5,141,29.28
2025-10-21,ПРО-001,Продукты,4,137,29.28
2025-10-22,ПРО-001,Продукты,4,133,29.28
2025-10-23,ПРО-001,Продукты,5,128,29.28
2025-10-24,ПРО-001,Продукты,1,127,29.28
2025-10-25,ПРО-001,Продукты,4,123,29.28
2025-10-26,ПРО-001,Продукты,4,119,29.28
2025-10-27,ПРО-001,Продукты,4,142,29.28
2025-10-28,ПРО-001,Продукты,11,131,29.28
2025-10-29,ПРО-001,Продукты,11,120,29.28
2025-10-30,ПРО-001,Продукты,14,106,29.28
2025-10-31,ПРО-001,Продукты,3,103,29.28
2025-11-01,ПРО-001,Продукты,12,91,29.28
2025-11-02,ПРО-001,Продукты,6,85,29.28
2025-11-03,ПРО-001,Продукты,11,135,29.28
2025-11-04,ПРО-001,Продукты,3,132,29.28
2025-11-05,ПРО-001,Продукты,7,125,29.28
2025-11-06,ПРО-001,Продукты,8,117,29.28
2025-11-07,ПРО-001,Продукты,8,109,29.28
2025-11-08,ПРО-001,Продукты,7,102,29.28
2025-11-09,ПРО-001,Продукты,11,91,29.28
2025-11-10,ПРО-001,Продукты,4,142,29.28
2025-11-11,ПРО-001,Продукты,9,133,29.28
2025-11-12,ПРО-001,Продукты,14,119,29.28
2025-11-13,ПРО-001,Продукты,3,116,29.28
2025-11-14,ПРО-001,Продукты,6,110,29.28
2025-11-15,ПРО-001,Продукты,4,106,29.28
2025-11-16,ПРО-001,Продукты,9,97,29.28
2025-11-17,ПРО-001,Продукты,24,122,29.28
2025-11-18,ПРО-001,Продукты,5,117,29.28
2025-11-19,ПРО-001,Продукты,10,107,29.28
2025-11-20,ПРО-001,Продукты,7,100,29.28
2025-11-21,ПРО-001,Продукты,13,87,29.28
2025-11-22,ПРО-001,Продукты,13,74,29.28
2025-11-23,ПРО-001,Продукты,11,63,29.28
2025-11-24,ПРО-001,Продукты,2,144,29.28
2025-11-25,ПРО-001,Продукты,5,139,29.28
2025-11-26,ПРО-001,Продукты,5,134,29.28
2025-11-27,ПРО-001,Продукты,8,126,29.28
2025-11-28,ПРО-001,Продукты,14,112,29.28
2025-11-29,ПРО-001,Продукты,14,98,29.28
2025-11-30,ПРО-001,Продукты,11,87,29.28
2025-12-01,ПРО-001,Продукты,20,126,29.28
2025-12-02,ПРО-001,Продукты,7,119,29.28
2025-12-03,ПРО-001,Продукты,5,114,29.28
2025-12-04,ПРО-001,Продукты,6,108,29.28
2025-12-05,ПРО-001,Продукты,5,103,29.28
2025-12-06,ПРО-001,Продукты,5,98,29.28
2025-12-07,ПРО-001,Продукты,6,92,29.28
2025-12-08,ПРО-001,Продукты,6,140,29.28
2025-12-09,ПРО-001,Продукты,2,138,29.28
2025-12-10,ПРО-001,Продукты,6,132,29.28
2025-12-11,ПРО-001,Продукты,4,128,29.28
2025-12-12,ПРО-001,Продукты,11,117,29.28
2025-12-13,ПРО-001,Продукты,13,104,29.28
2025-12-14,ПРО-001,Продукты,10,94,29.28
2025-12-15,ПРО-001,Продукты,9,137,29.28
2025-12-16,ПРО-001,Продукты,4,133,29.28
2025-12-17,ПРО-001,Продукты,2,131,29.28
2025-12-18,ПРО-001,Продукты,4,127,29.28
2025-12-19,ПРО-001,Продукты,4,123,29.28
2025-12-20,ПРО-001,Продукты,8,115,29.28
2025-12-21,ПРО-001,Продукты,9,106,29.28
2025-12-22,ПРО-001,Продукты,2,144,29.28
2025-12-23,ПРО-001,Продукты,7,137,29.28
2025-12-24,ПРО-001,Продукты,2,135,29.28
2025-12-25,ПРО-001,Продукты,10,125,29.28
2025-12-26,ПРО-001,Продукты,6,119,29.28
2025-12-27,ПРО-001,Продукты,15,104,29.28
2025-12-28,ПРО-001,Продукты,5,99,29.28
2025-12-29,ПРО-001,Продукты,6,140,29.28
2025-12-30,ПРО-001,Продукты,25,115,29.28
2025-12-31,ПРО-001,Продукты,6,109,29.28
2026-01-01,ПРО-001,Продукты,7,102,29.28
2026-01-02,ПРО-001,Продукты,3,99,29.28
2026-01-03,ПРО-001,Продукты,10,89,29.28
2026-01-04,ПРО-001,Продукты,2,87,29.28
2026-01-05,ПРО-001,Продукты,17,129,29.28
2026-01-06,ПРО-001,Продукты,7,122,29.28
2026-01-07,ПРО-001,Продукты,2,120,29.28
2026-01-08,ПРО-001,Продукты,3,117,29.28
2026-01-09,ПРО-001,Продукты,12,105,29.28
2026-01-10,ПРО-001,Продукты,3,102,29.28
2026-01-11,ПРО-001,Продукты,8,94,29.28
2026-01-12,ПРО-001,Продукты,6,140,29.28
2026-01-13,ПРО-001,Продукты,8,132,29.28
2026-01-14,ПРО-001,Продукты,1,131,29.28
2026-01-15,ПРО-001,Продукты,6,125,29.28
2026-01-16,ПРО-001,Продукты,10,115,29.28
2026-01-17,ПРО-001,Продукты,16,99,29.28
2026-01-18,ПРО-001,Продукты,13,86,29.28
2026-01-19,ПРО-001,Продукты,3,143,29.28
2026-01-20,ПРО-001,Продукты,8,135,29.28
2026-01-21,ПРО-001,Продукты,1,134,29.28
2026-01-22,ПРО-001,Продукты,3,131,29.28
2026-01-23,ПРО-001,Продукты,5,126,29.28
2026-01-24,ПРО-001,Продукты,5,121,29.28
2026-01-25,ПРО-001,Продукты,5,116,29.28
2026-01-26,ПРО-001,Продукты,2,144,29.28
2026-01-27,ПРО-001,Продукты,3,141,29.28
2026-01-28,ПРО-001,Продукты,3,138,29.28
2026-01-29,ПРО-001,Продукты,8,130,29.28
2026-01-30,ПРО-001,Продукты,5,125,29.28
2026-01-31,ПРО-001,Продукты,14,111,29.28
2026-02-01,ПРО-001,Продукты,7,104,29.28
2026-02-02,ПРО-001,Продукты,13,133,29.28
2026-02-03,ПРО-001,Продукты,12,121,29.28
2026-02-04,ПРО-001,Продукты,5,116,29.28
2026-02-05,ПРО-001,Продукты,10,106,29.28
2026-02-06,ПРО-001,Продукты,3,103,29.28
2026-02-07,ПРО-001,Продукты,6,97,29.28
2026-02-08,ПРО-001,Продукты,4,93,29.28
2026-02-09,ПРО-001,Продукты,16,130,29.28
2026-02-10,ПРО-001,Продукты,2,128,29.28
2026-02-11,ПРО-001,Продукты,4,124,29.28
2026-02-12,ПРО-001,Продукты,15,109,29.28
2026-02-13,ПРО-001,Продукты,18,91,29.28
2026-02-14,ПРО-001,Продукты,3,88,29.28
2026-02-15,ПРО-001,Продукты,9,79,29.28
2026-02-16,ПРО-001,Продукты,6,140,29.28
2026-02-17,ПРО-001,Продукты,16,124,29.28
2026-02-18,ПРО-001,Продукты,10,114,29.28
2026-02-19,ПРО-001,Продукты,6,108,29.28
2026-02-20,ПРО-001,Продукты,6,102,29.28
2026-02-21,ПРО-001,Продукты,15,87,29.28
2026-02-22,ПРО-001,Продукты,19,68,29.28
2026-02-23,ПРО-001,Продукты,3,143,29.28
2026-02-24,ПРО-001,Продукты,9,134,29.28
2026-02-25,ПРО-001,Продукты,5,129,29.28
2026-02-26,ПРО-001,Продукты,9,120,29.28
2026-02-27,ПРО-001,Продукты,6,114,29.28
2026-02-28,ПРО-001,Продукты,7,107,29.28
2026-03-01,ПРО-001,Продукты,21,86,29.28
2026-03-02,ПРО-001,Продукты,1,145,29.28
2026-03-03,ПРО-001,Продукты,7,138,29.28
2026-03-04,ПРО-001,Продукты,0,138,29.28
2026-03-05,ПРО-001,Продукты,16,122,29.28
2026-03-06,ПРО-001,Продукты,2,120,29.28
2026-03-07,ПРО-001,Продукты,19,101,29.28
2026-03-08,ПРО-001,Продукты,6,95,29.28
2026-03-09,ПРО-001,Продукты,7,139,29.28
2026-03-10,ПРО-001,Продукты,2,137,29.28
2026-03-11,ПРО-001,Продукты,6,131,29.28
2026-03-12,ПРО-001,Продукты,4,127,29.28
2026-03-13,ПРО-001,Продукты,7,120,29.28
2026-03-14,ПРО-001,Продукты,14,106,29.28
2026-03-15,ПРО-001,Продукты,9,97,29.28
2026-03-16,ПРО-001,Продукты,17,129,29.28
2026-03-17,ПРО-001,Продукты,10,119,29.28
2026-03-18,ПРО-001,Продукты,1,118,29.28
2026-03-19,ПРО-001,Продукты,1,117,29.28
2026-03-20,ПРО-001,Продукты,6,111,29.28
2026-03-21,ПРО-001,Продукты,7,104,29.28
2026-03-22,ПРО-001,Продукты,17,87,29.28
2026-03-23,ПРО-001,Продукты,10,136,29.28
2026-03-24,ПРО-001,Продукты,7,129,29.28
2026-03-25,ПРО-001,Продукты,12,117,29.28
2026-03-26,ПРО-001,Продукты,6,111,29.28
2026-03-27,ПРО-001,Продукты,12,99,29.28
2026-03-28,ПРО-001,Продукты,16,83,29.28
2026-03-29,ПРО-001,Продукты,10,73,29.28
2026-03-30,ПРО-001,Продукты,5,141,29.28
2026-03-31,ПРО-001,Продукты,10,131,29.28
2026-04-01,ПРО-001,Продукты,6,125,29.28
2026-04-02,ПРО-001,Продукты,4,121,29.28
2026-04-03,ПРО-001,Продукты,19,102,29.28
2026-04-04,ПРО-001,Продукты,10,92,29.28
2026-04-05,ПРО-001,Продукты,3,89,29.28
2026-04-06,ПРО-001,Продукты,11,135,29.28
2026-04-07,ПРО-001,Продукты,4,131,29.28
2026-04-08,ПРО-001,Продукты,7,124,29.28
2026-04-09,ПРО-001,Продукты,10,114,29.28
2026-04-10,ПРО-001,Продукты,11,103,29.28
2026-04-11,ПРО-001,Продукты,20,83,29.28
2026-04-12,ПРО-001,Продукты,6,77,29.28
2026-04-13,ПРО-001,Продукты,8,138,29.28
2026-04-14,ПРО-001,Продукты,3,135,29.28
2026-04-15,ПРО-001,Продукты,7,128,29.28
2026-04-16,ПРО-001,Продукты,7,121,29.28
2026-04-17,ПРО-001,Продукты,9,112,29.28
2026-04-18,ПРО-001,Продукты,30,82,29.28
2026-04-19,ПРО-001,Продукты,16,66,29.28
2026-04-20,ПРО-001,Продукты,1,145,29.28
2026-04-21,ПРО-001,Продукты,18,127,29.28
2026-04-22,ПРО-001,Продукты,7,120,29.28
2026-04-23,ПРО-001,Продукты,12,108,29.28
2026-04-24,ПРО-001,Продукты,15,93,29.28
2026-04-25,ПРО-001,Продукты,7,86,29.28
2026-04-26,ПРО-001,Продукты,10,76,29.28
2026-04-27,ПРО-001,Продукты,8,138,29.28
2026-04-28,ПРО-001,Продукты,11,127,29.28
2026-04-29,ПРО-001,Продукты,3,124,29.28
2026-04-30,ПРО-001,Продукты,6,118,29.28
2026-05-01,ПРО-001,Продукты,2,116,29.28
2026-05-02,ПРО-001,Продукты,19,97,29.28
2026-05-03,ПРО-001,Продукты,13,84,29.28
2026-05-04,ПРО-001,Продукты,7,139,29.28
2026-05-05,ПРО-001,Продукты,4,135,29.28
2026-05-06,ПРО-001,Продукты,6,129,29.28
2026-05-07,ПРО-001,Продукты,12,117,29.28
2026-05-08,ПРО-001,Продукты,10,107,29.28
2026-05-09,ПРО-001,Продукты,7,100,29.28
2026-05-10,ПРО-001,Продукты,8,92,29.28
2026-05-11,ПРО-001,Продукты,9,137,29.28
2026-05-12,ПРО-001,Продукты,4,133,29.28
2026-05-13,ПРО-001,Продукты,2,131,29.28
2026-05-14,ПРО-001,Продукты,3,128,29.28
2026-05-15,ПРО-001,Продукты,12,116,29.28
2026-05-16,ПРО-001,Продукты,20,96,29.28
2026-05-17,ПРО-001,Продукты,7,89,29.28
2026-05-18,ПРО-001,Продукты,9,137,29.28
2026-05-19,ПРО-001,Продукты,9,128,29.28
2026-05-20,ПРО-001,Продукты,4,124,29.28
2026-05-21,ПРО-001,Продукты,13,111,29.28
2026-05-22,ПРО-001,Продукты,2,109,29.28
2026-05-23,ПРО-001,Продукты,3,106,29.28
2026-05-24,ПРО-001,Продукты,10,96,29.28
2026-05-25,ПРО-001,Продукты,13,133,29.28
2026-05-26,ПРО-001,Продукты,16,117,29.28
2026-05-27,ПРО-001,Продукты,14,103,29.28
2026-05-28,ПРО-001,Продукты,5,98,29.28
2026-05-29,ПРО-001,Продукты,11,87,29.28
2026-05-30,ПРО-001,Продукты,2,85,29.28
2026-05-31,ПРО-001,Продукты,2,83,29.28
2026-06-01,ПРО-001,Продукты,10,136,29.28
2026-06-02,ПРО-001,Продукты,5,131,29.28
2026-06-03,ПРО-001,Продукты,5,126,29.28
2026-06-04,ПРО-001,Продукты,12,114,29.28
2026-06-05,ПРО-001,Продукты,14,100,29.28
2026-06-06,ПРО-001,Продукты,13,87,29.28
2026-06-07,ПРО-001,Продукты,10,77,29.28
2026-06-08,ПРО-001,Продукты,3,143,29.28
2026-06-09,ПРО-001,Продукты,10,133,29.28
2026-06-10,ПРО-001,Продукты,1,132,29.28
2026-06-11,ПРО-001,Продукты,9,123,29.28
2026-06-12,ПРО-001,Продукты,13,110,29.28
2026-06-13,ПРО-001,Продукты,11,99,29.28
2026-06-14,ПРО-001,Продукты,9,90,29.28
2026-06-15,ПРО-001,Продукты,12,134,29.28
2026-06-16,ПРО-001,Продукты,20,114,29.28
2026-06-17,ПРО-001,Продукты,26,88,29.28
2026-06-18,ПРО-001,Продукты,4,84,29.28
2026-06-19,ПРО-001,Продукты,28,56,29.28
2026-06-20,ПРО-001,Продукты,19,37,29.28
2026-06-21,ПРО-001,Продукты,21,16,29.28
2026-06-22,ПРО-001,Продукты,1,145,29.28
2026-06-23,ПРО-001,Продукты,9,136,29.28
2026-06-24,ПРО-001,Продукты,8,128,29.28
2026-06-25,ПРО-001,Продукты,6,122,29.28
2026-06-26,ПРО-001,Продукты,10,112,29.28
2026-06-27,ПРО-001,Продукты,6,106,29.28
2026-06-28,ПРО-001,Продукты,11,95,29.28
2026-06-29,ПРО-001,Продукты,12,134,29.28
2026-06-30,ПРО-001,Продукты,8,126,29.28
2026-07-01,ПРО-001,Продукты,1,125,29.28
2026-07-02,ПРО-001,Продукты,5,120,29.28
2026-07-03,ПРО-001,Продукты,16,104,29.28
2026-07-04,ПРО-001,Продукты,9,95,29.28
2026-07-05,ПРО-001,Продукты,10,85,29.28
2026-07-06,ПРО-001,Продукты,5,141,29.28
2026-07-07,ПРО-001,Продукты,12,129,29.28
2026-07-08,ПРО-001,Продукты,6,123,29.28
2026-07-09,ПРО-001,Продукты,23,100,29.28
2026-07-10,ПРО-001,Продукты,14,86,29.28
2026-07-11,ПРО-001,Продукты,14,72,29.28
2026-07-12,ПРО-001,Продукты,10,62,29.28
2026-07-13,ПРО-001,Продукты,7,139,29.28
2026-07-14,ПРО-001,Продукты,8,131,29.28
2026-07-15,ПРО-001,Продукты,14,117,29.28
2026-07-16,ПРО-001,Продукты,2,115,29.28
2026-07-17,ПРО-001,Продукты,7,108,29.28
2026-07-18,ПРО-001,Продукты,10,98,29.28
2026-07-19,ПРО-001,Продукты,20,78,29.28
2026-07-20,ПРО-001,Продукты,7,139,29.28
2026-07-21,ПРО-001,Продукты,11,128,29.28
2026-07-22,ПРО-001,Продукты,4,124,29.28
2026-07-23,ПРО-001,Продукты,6,118,29.28
2026-07-24,ПРО-001,Продукты,2,116,29.28
2026-07-25,ПРО-001,Продукты,18,98,29.28
2026-07-26,ПРО-001,Продукты,21,77,29.28
2026-07-27,ПРО-001,Продукты,1,145,29.28
2026-07-28,ПРО-001,Продукты,7,138,29.28
2026-07-29,ПРО-001,Продукты,4,134,29.28
2026-07-30,ПРО-001,Продукты,5,129,29.28
2026-07-31,ПРО-001,Продукты,11,118,29.28
2026-08-01,ПРО-001,Продукты,15,103,29.28
2026-08-02,ПРО-001,Продукты,5,98,29.28
2026-08-03,ПРО-001,Продукты,8,138,29.28
2026-08-04,ПРО-001,Продукты,6,132,29.28
2026-08-05,ПРО-001,Продукты,4,128,29.28
2026-08-06,ПРО-001,Продукты,18,110,29.28
2026-08-07,ПРО-001,Продукты,5,105,29.28
2026-08-08,ПРО-001,Продукты,7,98,29.28
2026-08-09,ПРО-001,Продукты,18,80,29.28
2026-08-10,ПРО-001,Продукты,5,141,29.28
2026-08-11,ПРО-001,Продукты,1,140,29.28
2026-08-12,ПРО-001,Продукты,7,133,29.28
2026-08-13,ПРО-001,Продукты,7,126,29.28
2026-08-14,ПРО-001,Продукты,14,112,29.28
2026-08-15,ПРО-001,Продукты,18,94,29.28
2026-08-16,ПРО-001,Продукты,15,79,29.28
2026-08-17,ПРО-001,Продукты,2,144,29.28
2026-08-18,ПРО-001,Продукты,3,141,29.28
2026-08-19,ПРО-001,Продукты,16,125,29.28
2026-08-20,ПРО-001,Продукты,20,105,29.28
2026-08-21,ПРО-001,Продукты,21,84,29.28
2026-08-22,ПРО-001,Продукты,9,75,29.28
2026-08-23,ПРО-001,Продукты,10,65,29.28
2026-08-24,ПРО-001,Продукты,6,140,29.28
2026-08-25,ПРО-001,Продукты,13,127,29.28
2026-08-26,ПРО-001,Продукты,14,113,29.28
2026-08-27,ПРО-001,Продукты,19,94,29.28
2026-08-28,ПРО-001,Продукты,18,76,29.28
2026-08-29,ПРО-001,Продукты,18,58,29.28
2026-08-30,ПРО-001,Продукты,5,53,29.28
2026-08-31,ПРО-001,Продукты,11,135,29.28
2026-09-01,ПРО-001,Продукты,7,128,29.28
2026-09-02,ПРО-001,Продукты,3,125,29.28
2026-09-03,ПРО-001,Продукты,15,110,29.28
2026-09-04,ПРО-001,Продукты,7,103,29.28
2026-09-05,ПРО-001,Продукты,15,88,29.28
2026-09-06,ПРО-001,Продукты,14,74,29.28
2026-09-07,ПРО-001,Продукты,12,134,29.28
2026-09-08,ПРО-001,Продукты,6,128,29.28
2026-09-09,ПРО-001,Продукты,9,119,29.28
2026-09-10,ПРО-001,Продукты,4,115,29.28
2026-09-11,ПРО-001,Продукты,22,93,29.28
2026-09-12,ПРО-001,Продукты,21,72,29.28
2026-09-13,ПРО-001,Продукты,9,63,29.28
2026-09-14,ПРО-001,Продукты,2,144,29.28
2026-09-15,ПРО-001,Продукты,1,143,29.28
2026-09-16,ПРО-001,Продукты,26,117,29.28
2026-09-17,ПРО-001,Продукты,7,110,29.28
2026-09-18,ПРО-001,Продукты,16,94,29.28
2026-09-19,ПРО-001,Продукты,7,87,29.28
2026-09-20,ПРО-001,Продукты,5,82,29.28
2026-09-21,ПРО-001,Продукты,1,145,29.28
2026-09-22,ПРО-001,Продукты,10,135,29.28
2026-09-23,ПРО-001,Продукты,13,122,29.28
2026-09-24,ПРО-001,Продукты,8,114,29.28
2026-09-25,ПРО-001,Продукты,7,107,29.28
2026-09-26,ПРО-001,Продукты,7,100,29.28
2026-09-27,ПРО-001,Продукты,5,95,29.28
2026-09-28,ПРО-001,Продукты,12,134,29.28
2026-09-29,ПРО-001,Продукты,10,124,29.28
2026-09-30,ПРО-001,Продукты,13,111,29.28
2025-06-01,ПРО-002,Продукты,14,156,53.04
2025-06-02,ПРО-002,Продукты,9,208,53.04
2025-06-03,ПРО-002,Продукты,12,196,53.04
2025-06-04,ПРО-002,Продукты,10,186,53.04
2025-06-05,ПРО-002,Продукты,9,177,53.04
2025-06-06,ПРО-002,Продукты,3,174,53.04
2025-06-07,ПРО-002,Продукты,29,145,53.04
2025-06-08,ПРО-002,Продукты,9,136,53.04
2025-06-09,ПРО-002,Продукты,7,210,53.04
2025-06-10,ПРО-002,Продукты,15,195,53.04
2025-06-11,ПРО-002,Продукты,17,178,53.04
2025-06-12,ПРО-002,Продукты,11,167,53.04
2025-06-13,ПРО-002,Продукты,22,145,53.04
2025-06-14,ПРО-002,Продукты,5,140,53.04
2025-06-15,ПРО-002,Продукты,16,124,53.04
2025-06-16,ПРО-002,Продукты,4,213,53.04
2025-06-17,ПРО-002,Продукты,8,205,53.04
2025-06-18,ПРО-002,Продукты,16,189,53.04
2025-06-19,ПРО-002,Продукты,5,184,53.04
2025-06-20,ПРО-002,Продукты,5,179,53.04
2025-06-21,ПРО-002,Продукты,11,168,53.04
2025-06-22,ПРО-002,Продукты,14,154,53.04
2025-06-23,ПРО-002,Продукты,5,212,53.04
2025-06-24,ПРО-002,Продукты,11,201,53.04
2025-06-25,ПРО-002,Продукты,5,196,53.04
2025-06-26,ПРО-002,Продукты,7,189,53.04
2025-06-27,ПРО-002,Продукты,5,184,53.04
2025-06-28,ПРО-002,Продукты,12,172,53.04
2025-06-29,ПРО-002,Продукты,30,142,53.04
2025-06-30,ПРО-002,Продукты,16,201,53.04
2025-07-01,ПРО-002,Продукты,8,193,53.04
2025-07-02,ПРО-002,Продукты,7,186,53.04
2025-07-03,ПРО-002,Продукты,8,178,53.04
2025-07-04,ПРО-002,Продукты,13,165,53.04
2025-07-05,ПРО-002,Продукты,21,144,53.04
2025-07-06,ПРО-002,Продукты,10,134,53.04
2025-07-07,ПРО-002,Продукты,19,198,53.04
2025-07-08,ПРО-002,Продукты,9,189,53.04
2025-07-09,ПРО-002,Продукты,11,178,53.04
2025-07-10,ПРО-002,Продукты,21,157,53.04
2025-07-11,ПРО-002,Продукты,27,130,53.04
2025-07-12,ПРО-002,Продукты,17,113,53.04
2025-07-13,ПРО-002,Продукты,15,98,53.04
2025-07-14,ПРО-002,Продукты,10,207,53.04
2025-07-15,ПРО-002,Продукты,10,197,53.04
2025-07-16,ПРО-002,Продукты,12,185,53.04
2025-07-17,ПРО-002,Продукты,17,168,53.04
2025-07-18,ПРО-002,Продукты,13,155,53.04
2025-07-19,ПРО-002,Продукты,21,134,53.04
2025-07-20,ПРО-002,Продукты,16,118,53.04
2025-07-21,ПРО-002,Продукты,12,205,53.04
2025-07-22,ПРО-002,Продукты,10,195,53.04
2025-07-23,ПРО-002,Продукты,7,188,53.04
2025-07-24,ПРО-002,Продукты,28,160,53.04
2025-07-25,ПРО-002,Продукты,24,136,53.04
2025-07-26,ПРО-002,Продукты,14,122,53.04
2025-07-27,ПРО-002,Продукты,6,116,53.04
2025-07-28,ПРО-002,Продукты,4,213,53.04
2025-07-29,ПРО-002,Продукты,18,195,53.04
2025-07-30,ПРО-002,Продукты,25,170,53.04
2025-07-31,ПРО-002,Продукты,11,159,53.04
2025-08-01,ПРО-002,Продукты,12,147,53.04
2025-08-02,ПРО-002,Продукты,12,135,53.04
2025-08-03,ПРО-002,Продукты,39,96,53.04
2025-08-04,ПРО-002,Продукты,18,199,53.04
2025-08-05,ПРО-002,Продукты,8,191,53.04
2025-08-06,ПРО-002,Продукты,10,181,53.04
2025-08-07,ПРО-002,Продукты,10,171,53.04
2025-08-08,ПРО-002,Продукты,14,157,53.04
2025-08-09,ПРО-002,Продукты,24,133,53.04
2025-08-10,ПРО-002,Продукты,24,109,53.04
2025-08-11,ПРО-002,Продукты,10,207,53.04
2025-08-12,ПРО-002,Продукты,12,195,53.04
2025-08-13,ПРО-002,Продукты,18,177,53.04
2025-08-14,ПРО-002,Продукты,18,159,53.04
2025-08-15,ПРО-002,Продукты,7,152,53.04
2025-08-16,ПРО-002,Продукты,20,132,53.04
2025-08-17,ПРО-002,Продукты,30,102,53.04
2025-08-18,ПРО-002,Продукты,11,206,53.04
2025-08-19,ПРО-002,Продукты,15,191,53.04
2025-08-20,ПРО-002,Продукты,8,183,53.04
2025-08-21,ПРО-002,Продукты,24,159,53.04
2025-08-22,ПРО-002,Продукты,5,154,53.04
2025-08-23,ПРО-002,Продукты,15,139,53.04
2025-08-24,ПРО-002,Продукты,17,122,53.04
2025-08-25,ПРО-002,Продукты,4,213,53.04
2025-08-26,ПРО-002,Продукты,11,202,53.04
2025-08-27,ПРО-002,Продукты,6,196,53.04
2025-08-28,ПРО-002,Продукты,24,172,53.04
2025-08-29,ПРО-002,Продукты,10,162,53.04
2025-08-30,ПРО-002,Продукты,3,159,53.04
2025-08-31,ПРО-002,Продукты,12,147,53.04
2025-09-01,ПРО-002,Продукты,4,213,53.04
2025-09-02,ПРО-002,Продукты,9,204,53.04
2025-09-03,ПРО-002,Продукты,6,198,53.04
2025-09-04,ПРО-002,Продукты,6,192,53.04
2025-09-05,ПРО-002,Продукты,8,184,53.04
2025-09-06,ПРО-002,Продукты,21,163,53.04
2025-09-07,ПРО-002,Продукты,9,154,53.04
2025-09-08,ПРО-002,Продукты,11,206,53.04
2025-09-09,ПРО-002,Продукты,8,198,53.04
2025-09-10,ПРО-002,Продукты,8,190,53.04
2025-09-11,ПРО-002,Продукты,6,184,53.04
2025-09-12,ПРО-002,Продукты,19,165,53.04
2025-09-13,ПРО-002,Продукты,27,138,53.04
2025-09-14,ПРО-002,Продукты,7,131,53.04
2025-09-15,ПРО-002,Продукты,8,209,53.04
2025-09-16,ПРО-002,Продукты,13,196,53.04
2025-09-17,ПРО-002,Продукты,2,194,53.04
2025-09-18,ПРО-002,Продукты,14,180,53.04
2025-09-19,ПРО-002,Продукты,7,173,53.04
2025-09-20,ПРО-002,Продукты,19,154,53.04
2025-09-21,ПРО-002,Продукты,14,140,53.04
2025-09-22,ПРО-002,Продукты,6,211,53.04
2025-09-23,ПРО-002,Продукты,13,198,53.04
2025-09-24,ПРО-002,Продукты,16,182,53.04
2025-09-25,ПРО-002,Продукты,13,169,53.04
2025-09-26,ПРО-002,Продукты,5,164,53.04
2025-09-27,ПРО-002,Продукты,9,155,53.04
2025-09-28,ПРО-002,Продукты,6,149,53.04
2025-09-29,ПРО-002,Продукты,14,203,53.04
2025-09-30,ПРО-002,Продукты,2,201,53.04
2025-10-01,ПРО-002,Продукты,5,196,53.04
2025-10-02,ПРО-002,Продукты,12,184,53.04
2025-10-03,ПРО-002,Продукты,8,176,53.04
2025-10-04,ПРО-002,Продукты,5,171,53.04
2025-10-05,ПРО-002,Продукты,16,155,53.04
2025-10-06,ПРО-002,Продукты,16,201,53.04
2025-10-07,ПРО-002,Продукты,4,197,53.04
2025-10-08,ПРО-002,Продукты,7,190,53.04
2025-10-09,ПРО-002,Продукты,10,180,53.04
2025-10-10,ПРО-002,Продукты,12,168,53.04
2025-10-11,ПРО-002,Продукты,10,158,53.04
2025-10-12,ПРО-002,Продукты,10,148,53.04
2025-10-13,ПРО-002,Продукты,6,211,53.04
2025-10-14,ПРО-002,Продукты,5,206,53.04
2025-10-15,ПРО-002,Продукты,8,198,53.04
2025-10-16,ПРО-002,Продукты,11,187,53.04
2025-10-17,ПРО-002,Продукты,12,175,53.04
2025-10-18,ПРО-002,Продукты,5,170,53.04
2025-10-19,ПРО-002,Продукты,43,127,53.04
2025-10-20,ПРО-002,Продукты,1,216,53.04
2025-10-21,ПРО-002,Продукты,10,206,53.04
2025-10-22,ПРО-002,Продукты,5,201,53.04
2025-10-23,ПРО-002,Продукты,8,193,53.04
2025-10-24,ПРО-002,Продукты,10,183,53.04
2025-10-25,ПРО-002,Продукты,8,175,53.04
2025-10-26,ПРО-002,Продукты,16,159,53.04
2025-10-27,ПРО-002,Продукты,18,199,53.04
2025-10-28,ПРО-002,Продукты,4,195,53.04
2025-10-29,ПРО-002,Продукты,2,193,53.04
2025-10-30,ПРО-002,Продукты,13,180,53.04
2025-10-31,ПРО-002,Продукты,9,171,53.04
2025-11-01,ПРО-002,Продукты,17,154,53.04
2025-11-02,ПРО-002,Продукты,9,145,53.04
2025-11-03,ПРО-002,Продукты,5,212,53.04
2025-11-04,ПРО-002,Продукты,16,196,53.04
2025-11-05,ПРО-002,Продукты,34,162,53.04
2025-11-06,ПРО-002,Продукты,17,145,53.04
2025-11-07,ПРО-002,Продукты,18,127,53.04
2025-11-08,ПРО-002,Продукты,11,116,53.04
2025-11-09,ПРО-002,Продукты,16,100,53.04
2025-11-10,ПРО-002,Продукты,7,210,53.04
2025-11-11,ПРО-002,Продукты,21,189,53.04
2025-11-12,ПРО-002,Продукты,10,179,53.04
2025-11-13,ПРО-002,Продукты,16,163,53.04
2025-11-14,ПРО-002,Продукты,11,152,53.04
2025-11-15,ПРО-002,Продукты,21,131,53.04
2025-11-16,ПРО-002,Продукты,12,119,53.04
2025-11-17,ПРО-002,Продукты,5,212,53.04
2025-11-18,ПРО-002,Продукты,11,201,53.04
2025-11-19,ПРО-002,Продукты,0,201,53.04
2025-11-20,ПРО-002,Продукты,17,184,53.04
2025-11-21,ПРО-002,Продукты,12,172,53.04
2025-11-22,ПРО-002,Продукты,29,143,53.04
2025-11-23,ПРО-002,Продукты,14,129,53.04
2025-11-24,ПРО-002,Продукты,15,202,53.04
2025-11-25,ПРО-002,Продукты,12,190,53.04
2025-11-26,ПРО-002,Продукты,4,186,53.04
2025-11-27,ПРО-002,Продукты,6,180,53.04
2025-11-28,ПРО-002,Продукты,14,166,53.04
2025-11-29,ПРО-002,Продукты,13,153,53.04
2025-11-30,ПРО-002,Продукты,13,140,53.04
2025-12-01,ПРО-002,Продукты,7,210,53.04
2025-12-02,ПРО-002,Продукты,10,200,53.04
2025-12-03,ПРО-002,Продукты,6,194,53.04
2025-12-04,ПРО-002,Продукты,11,183,53.04
2025-12-05,ПРО-002,Продукты,21,162,53.04
2025-12-06,ПРО-002,Продукты,19,143,53.04
2025-12-07,ПРО-002,Продукты,16,127,53.04
2025-12-08,ПРО-002,Продукты,7,210,53.04
2025-12-09,ПРО-002,Продукты,11,199,53.04
2025-12-10,ПРО-002,Продукты,5,194,53.04
2025-12-11,ПРО-002,Продукты,8,186,53.04
2025-12-12,ПРО-002,Продукты,12,174,53.04
2025-12-13,ПРО-002,Продукты,13,161,53.04
2025-12-14,ПРО-002,Продукты,3,158,53.04
2025-12-15,ПРО-002,Продукты,10,207,53.04
2025-12-16,ПРО-002,Продукты,1,206,53.04
2025-12-17,ПРО-002,Продукты,11,195,53.04
2025-12-18,ПРО-002,Продукты,4,191,53.04
2025-12-19,ПРО-002,Продукты,4,187,53.04
2025-12-20,ПРО-002,Продукты,8,179,53.04
2025-12-21,ПРО-002,Продукты,13,166,53.04
2025-12-22,ПРО-002,Продукты,5,212,53.04
2025-12-23,ПРО-002,Продукты,7,205,53.04
2025-12-24,ПРО-002,Продукты,5,200,53.04
2025-12-25,ПРО-002,Продукты,13,187,53.04
2025-12-26,ПРО-002,Продукты,8,179,53.04
2025-12-27,ПРО-002,Продукты,15,164,53.04
2025-12-28,ПРО-002,Продукты,16,148,53.04
2025-12-29,ПРО-002,Продукты,10,207,53.04
2025-12-30,ПРО-002,Продукты,14,193,53.04
2025-12-31,ПРО-002,Продукты,18,175,53.04
2026-01-01,ПРО-002,Продукты,11,164,53.04
2026-01-02,ПРО-002,Продукты,7,157,53.04
2026-01-03,ПРО-002,Продукты,10,147,53.04
2026-01-04,ПРО-002,Продукты,27,120,53.04
2026-01-05,ПРО-002,Продукты,7,210,53.04
2026-01-06,ПРО-002,Продукты,12,198,53.04
2026-01-07,ПРО-002,Продукты,4,194,53.04
2026-01-08,ПРО-002,Продукты,2,192,53.04
2026-01-09,ПРО-002,Продукты,18,174,53.04
2026-01-10,ПРО-002,Продукты,6,168,53.04
2026-01-11,ПРО-002,Продукты,9,159,53.04
2026-01-12,ПРО-002,Продукты,14,203,53.04
2026-01-13,ПРО-002,Продукты,6,197,53.04
2026-01-14,ПРО-002,Продукты,13,184,53.04
2026-01-15,ПРО-002,Продукты,9,175,53.04
2026-01-16,ПРО-002,Продукты,40,135,53.04
2026-01-17,ПРО-002,Продукты,9,126,53.04
2026-01-18,ПРО-002,Продукты,13,113,53.04
2026-01-19,ПРО-002,Продукты,12,205,53.04
2026-01-20,ПРО-002,Продукты,7,198,53.04
2026-01-21,ПРО-002,Продукты,6,192,53.04
2026-01-22,ПРО-002,Продукты,18,174,53.04
2026-01-23,ПРО-002,Продукты,5,169,53.04
2026-01-24,ПРО-002,Продукты,26,143,53.04
2026-01-25,ПРО-002,Продукты,27,116,53.04
2026-01-26,ПРО-002,Продукты,9,208,53.04
2026-01-27,ПРО-002,Продукты,13,195,53.04
2026-01-28,ПРО-002,Продукты,1,194,53.04
2026-01-29,ПРО-002,Продукты,20,174,53.04
2026-01-30,ПРО-002,Продукты,8,166,53.04
2026-01-31,ПРО-002,Продукты,24,142,53.04
2026-02-01,ПРО-002,Продукты,9,133,53.04
2026-02-02,ПРО-002,Продукты,7,210,53.04
2026-02-03,ПРО-002,Продукты,9,201,53.04
2026-02-04,ПРО-002,Продукты,8,193,53.04
2026-02-05,ПРО-002,Продукты,18,175,53.04
2026-02-06,ПРО-002,Продукты,24,151,53.04
2026-02-07,ПРО-002,Продукты,15,136,53.04
2026-02-08,ПРО-002,Продукты,7,129,53.04
2026-02-09,ПРО-002,Продукты,5,212,53.04
2026-02-10,ПРО-002,Продукты,11,201,53.04
2026-02-11,ПРО-002,Продукты,5,196,53.04
2026-02-12,ПРО-002,Продукты,9,187,53.04
2026-02-13,ПРО-002,Продукты,15,172,53.04
2026-02-14,ПРО-002,Продукты,8,164,53.04
2026-02-15,ПРО-002,Продукты,18,146,53.04
2026-02-16,ПРО-002,Продукты,9,208,53.04
2026-02-17,ПРО-002,Продукты,8,200,53.04
2026-02-18,ПРО-002,Продукты,8,192,53.04
2026-02-19,ПРО-002,Продукты,8,184,53.04
2026-02-20,ПРО-002,Продукты,20,164,53.04
2026-02-21,ПРО-002,Продукты,12,152,53.04
2026-02-22,ПРО-002,Продукты,20,132,53.04
2026-02-23,ПРО-002,Продукты,4,213,53.04
2026-02-24,ПРО-002,Продукты,8,205,53.04
2026-02-25,ПРО-002,Продукты,5,200,53.04
2026-02-26,ПРО-002,Продукты,20,180,53.04
2026-02-27,ПРО-002,Продукты,10,170,53.04
2026-02-28,ПРО-002,Продукты,9,161,53.04
2026-03-01,ПРО-002,Продукты,15,146,53.04
2026-03-02,ПРО-002,Продукты,14,203,53.04
2026-03-03,ПРО-002,Продукты,17,186,53.04
2026-03-04,ПРО-002,Продукты,16,170,53.04
2026-03-05,ПРО-002,Продукты,9,161,53.04
2026-03-06,ПРО-002,Продукты,14,147,53.04
2026-03-07,ПРО-002,Продукты,18,129,53.04
2026-03-08,ПРО-002,Продукты,37,92,53.04
2026-03-09,ПРО-002,Продукты,14,203,53.04
2026-03-10,ПРО-002,Продукты,10,193,53.04
2026-03-11,ПРО-002,Продукты,8,185,53.04
2026-03-12,ПРО-002,Продукты,14,171,53.04
2026-03-13,ПРО-002,Продукты,17,154,53.04
2026-03-14,ПРО-002,Продукты,17,137,53.04
2026-03-15,ПРО-002,Продукты,5,132,53.04
2026-03-16,ПРО-002,Продукты,9,208,53.04
2026-03-17,ПРО-002,Продукты,18,190,53.04
2026-03-18,ПРО-002,Продукты,22,168,53.04
2026-03-19,ПРО-002,Продукты,13,155,53.04
2026-03-20,ПРО-002,Продукты,25,130,53.04
2026-03-21,ПРО-002,Продукты,12,118,53.04
2026-03-22,ПРО-002,Продукты,9,109,53.04
2026-03-23,ПРО-002,Продукты,9,208,53.04
2026-03-24,ПРО-002,Продукты,9,199,53.04
2026-03-25,ПРО-002,Продукты,10,189,53.04
2026-03-26,ПРО-002,Продукты,12,177,53.04
2026-03-27,ПРО-002,Продукты,6,171,53.04
2026-03-28,ПРО-002,Продукты,23,148,53.04
2026-03-29,ПРО-002,Продукты,18,130,53.04
2026-03-30,ПРО-002,Продукты,21,196,53.04
2026-03-31,ПРО-002,Продукты,17,179,53.04
2026-04-01,ПРО-002,Продукты,14,165,53.04
2026-04-02,ПРО-002,Продукты,13,152,53.04
2026-04-03,ПРО-002,Продукты,26,126,53.04
2026-04-04,ПРО-002,Продукты,7,119,53.04
2026-04-05,ПРО-002,Продукты,29,90,53.04
2026-04-06,ПРО-002,Продукты,6,211,53.04
2026-04-07,ПРО-002,Продукты,12,199,53.04
2026-04-08,ПРО-002,Продукты,10,189,53.04
2026-04-09,ПРО-002,Продукты,19,170,53.04
2026-04-10,ПРО-002,Продукты,17,153,53.04
2026-04-11,ПРО-002,Продукты,3,150,53.04
2026-04-12,ПРО-002,Продукты,10,140,53.04
2026-04-13,ПРО-002,Продукты,18,199,53.04
2026-04-14,ПРО-002,Продукты,23,176,53.04
2026-04-15,ПРО-002,Продукты,12,164,53.04
2026-04-16,ПРО-002,Продукты,14,150,53.04
2026-04-17,ПРО-002,Продукты,12,138,53.04
2026-04-18,ПРО-002,Продукты,16,122,53.04
2026-04-19,ПРО-002,Продукты,12,110,53.04
2026-04-20,ПРО-002,Продукты,31,186,53.04
2026-04-21,ПРО-002,Продукты,11,175,53.04
2026-04-22,ПРО-002,Продукты,7,168,53.04
2026-04-23,ПРО-002,Продукты,11,157,53.04
2026-04-24,ПРО-002,Продукты,9,148,53.04
2026-04-25,ПРО-002,Продукты,19,129,53.04
2026-04-26,ПРО-002,Продукты,34,95,53.04
2026-04-27,ПРО-002,Продукты,33,184,53.04
2026-04-28,ПРО-002,Продукты,26,158,53.04
2026-04-29,ПРО-002,Продукты,16,142,53.04
2026-04-30,ПРО-002,Продукты,21,121,53.04
2026-05-01,ПРО-002,Продукты,23,98,53.04
2026-05-02,ПРО-002,Продукты,18,80,53.04
2026-05-03,ПРО-002,Продукты,32,48,53.04
2026-05-04,ПРО-002,Продукты,13,204,53.04
2026-05-05,ПРО-002,Продукты,18,186,53.04
2026-05-06,ПРО-002,Продукты,13,173,53.04
2026-05-07,ПРО-002,Продукты,16,157,53.04
2026-05-08,ПРО-002,Продукты,4,153,53.04
2026-05-09,ПРО-002,Продукты,5,148,53.04
2026-05-10,ПРО-002,Продукты,14,134,53.04
2026-05-11,ПРО-002,Продукты,2,215,53.04
2026-05-12,ПРО-002,Продукты,17,198,53.04
2026-05-13,ПРО-002,Продукты,10,188,53.04
2026-05-14,ПРО-002,Продукты,22,166,53.04
2026-05-15,ПРО-002,Продукты,4,162,53.04
2026-05-16,ПРО-002,Продукты,16,146,53.04
2026-05-17,ПРО-002,Продукты,20,126,53.04
2026-05-18,ПРО-002,Продукты,12,205,53.04
2026-05-19,ПРО-002,Продукты,3,202,53.04
2026-05-20,ПРО-002,Продукты,21,181,53.04
2026-05-21,ПРО-002,Продукты,19,162,53.04
2026-05-22,ПРО-002,Продукты,8,154,53.04
2026-05-23,ПРО-002,Продукты,34,120,53.04
2026-05-24,ПРО-002,Продукты,23,97,53.04
2026-05-25,ПРО-002,Продукты,14,203,53.04
2026-05-26,ПРО-002,Продукты,14,189,53.04
2026-05-27,ПРО-002,Продукты,15,174,53.04
2026-05-28,ПРО-002,Продукты,9,165,53.04
2026-05-29,ПРО-002,Продукты,23,142,53.04
2026-05-30,ПРО-002,Продукты,36,106,53.04
2026-05-31,ПРО-002,Продукты,13,93,53.04
2026-06-01,ПРО-002,Продукты,4,213,53.04
2026-06-02,ПРО-002,Продукты,7,206,53.04
2026-06-03,ПРО-002,Продукты,28,178,53.04
2026-06-04,ПРО-002,Продукты,19,159,53.04
2026-06-05,ПРО-002,Продукты,31,128,53.04
2026-06-06,ПРО-002,Продукты,17,111,53.04
2026-06-07,ПРО-002,Продукты,22,89,53.04
2026-06-08,ПРО-002,Продукты,4,213,53.04
2026-06-09,ПРО-002,Продукты,37,176,53.04
2026-06-10,ПРО-002,Продукты,13,163,53.04
2026-06-11,ПРО-002,Продукты,22,141,53.04
2026-06-12,ПРО-002,Продукты,11,130,53.04
2026-06-13,ПРО-002,Продукты,27,103,53.04
2026-06-14,ПРО-002,Продукты,13,90,53.04
2026-06-15,ПРО-002,Продукты,16,201,53.04
2026-06-16,ПРО-002,Продукты,28,173,53.04
2026-06-17,ПРО-002,Продукты,13,160,53.04
2026-06-18,ПРО-002,Продукты,1,159,53.04
2026-06-19,ПРО-002,Продукты,33,126,53.04
2026-06-20,ПРО-002,Продукты,12,114,53.04
2026-06-21,ПРО-002,Продукты,28,86,53.04
2026-06-22,ПРО-002,Продукты,19,198,53.04
2026-06-23,ПРО-002,Продукты,13,185,53.04
2026-06-24,ПРО-002,Продукты,10,175,53.04
2026-06-25,ПРО-002,Продукты,10,165,53.04
2026-06-26,ПРО-002,Продукты,2,163,53.04
2026-06-27,ПРО-002,Продукты,15,148,53.04
2026-06-28,ПРО-002,Продукты,11,137,53.04
2026-06-29,ПРО-002,Продукты,11,206,53.04
2026-06-30,ПРО-002,Продукты,26,180,53.04
2026-07-01,ПРО-002,Продукты,29,151,53.04
2026-07-02,ПРО-002,Продукты,15,136,53.04
2026-07-03,ПРО-002,Продукты,12,124,53.04
2026-07-04,ПРО-002,Продукты,24,100,53.04
2026-07-05,ПРО-002,Продукты,14,86,53.04
2026-07-06,ПРО-002,Продукты,8,209,53.04
2026-07-07,ПРО-002,Продукты,13,196,53.04
2026-07-08,ПРО-002,Продукты,20,176,53.04
2026-07-09,ПРО-002,Продукты,12,164,53.04
2026-07-10,ПРО-002,Продукты,19,145,53.04
2026-07-11,ПРО-002,Продукты,14,131,53.04
2026-07-12,ПРО-002,Продукты,32,99,53.04
2026-07-13,ПРО-002,Продукты,4,213,53.04
2026-07-14,ПРО-002,Продукты,10,203,53.04
2026-07-15,ПРО-002,Продукты,21,182,53.04
2026-07-16,ПРО-002,Продукты,10,172,53.04
2026-07-17,ПРО-002,Продукты,26,146,53.04
2026-07-18,ПРО-002,Продукты,19,127,53.04
2026-07-19,ПРО-002,Продукты,14,113,53.04
2026-07-20,ПРО-002,Продукты,18,199,53.04
2026-07-21,ПРО-002,Продукты,12,187,53.04
2026-07-22,ПРО-002,Продукты,3,184,53.04
2026-07-23,ПРО-002,Продукты,30,154,53.04
2026-07-24,ПРО-002,Продукты,9,145,53.04
2026-07-25,ПРО-002,Продукты,29,116,53.04
2026-07-26,ПРО-002,Продукты,7,109,53.04
2026-07-27,ПРО-002,Продукты,8,209,53.04
2026-07-28,ПРО-002,Продукты,11,198,53.04
2026-07-29,ПРО-002,Продукты,5,193,53.04
2026-07-30,ПРО-002,Продукты,14,179,53.04
2026-07-31,ПРО-002,Продукты,19,160,53.04
2026-08-01,ПРО-002,Продукты,12,148,53.04
2026-08-02,ПРО-002,Продукты,14,134,53.04
2026-08-03,ПРО-002,Продукты,9,208,53.04
2026-08-04,ПРО-002,Продукты,8,200,53.04
2026-08-05,ПРО-002,Продукты,28,172,53.04
2026-08-06,ПРО-002,Продукты,18,154,53.04
2026-08-07,ПРО-002,Продукты,37,117,53.04
2026-08-08,ПРО-002,Продукты,15,102,53.04
2026-08-09,ПРО-002,Продукты,19,83,53.04
2026-08-10,ПРО-002,Продукты,9,208,53.04
2026-08-11,ПРО-002,Продукты,24,184,53.04
2026-08-12,ПРО-002,Продукты,19,165,53.04
2026-08-13,ПРО-002,Продукты,12,153,53.04
2026-08-14,ПРО-002,Продукты,24,129,53.04
2026-08-15,ПРО-002,Продукты,18,111,53.04
2026-08-16,ПРО-002,Продукты,31,80,53.04
2026-08-17,ПРО-002,Продукты,16,201,53.04
2026-08-18,ПРО-002,Продукты,39,162,53.04
2026-08-19,ПРО-002,Продукты,10,152,53.04
2026-08-20,ПРО-002,Продукты,7,145,53.04
2026-08-21,ПРО-002,Продукты,16,129,53.04
2026-08-22,ПРО-002,Продукты,19,110,53.04
2026-08-23,ПРО-002,Продукты,10,100,53.04
2026-08-24,ПРО-002,Продукты,13,204,53.04
2026-08-25,ПРО-002,Продукты,14,190,53.04
2026-08-26,ПРО-002,Продукты,15,175,53.04
2026-08-27,ПРО-002,Продукты,9,166,53.04
2026-08-28,ПРО-002,Продукты,4,162,53.04
2026-08-29,ПРО-002,Продукты,8,154,53.04
2026-08-30,ПРО-002,Продукты,39,115,53.04
2026-08-31,ПРО-002,Продукты,5,212,53.04
2026-09-01,ПРО-002,Продукты,12,200,53.04
2026-09-02,ПРО-002,Продукты,8,192,53.04
2026-09-03,ПРО-002,Продукты,6,186,53.04
2026-09-04,ПРО-002,Продукты,23,163,53.04
2026-09-05,ПРО-002,Продукты,27,136,53.04
2026-09-06,ПРО-002,Продукты,38,98,53.04
2026-09-07,ПРО-002,Продукты,14,203,53.04
2026-09-08,ПРО-002,Продукты,13,190,53.04
2026-09-09,ПРО-002,Продукты,12,178,53.04
2026-09-10,ПРО-002,Продукты,10,168,53.04
2026-09-11,ПРО-002,Продукты,17,151,53.04
2026-09-12,ПРО-002,Продукты,15,136,53.04
2026-09-13,ПРО-002,Продукты,13,123,53.04
2026-09-14,ПРО-002,Продукты,10,207,53.04
2026-09-15,ПРО-002,Продукты,9,198,53.04
2026-09-16,ПРО-002,Продукты,13,185,53.04
2026-09-17,ПРО-002,Продукты,4,181,53.04
2026-09-18,ПРО-002,Продукты,15,166,53.04
2026-09-19,ПРО-002,Продукты,37,129,53.04
2026-09-20,ПРО-002,Продукты,8,121,53.04
2026-09-21,ПРО-002,Продукты,11,206,53.04
2026-09-22,ПРО-002,Продукты,13,193,53.04
2026-09-23,ПРО-002,Продукты,7,186,53.04
2026-09-24,ПРО-002,Продукты,14,172,53.04
2026-09-25,ПРО-002,Продукты,10,162,53.04
2026-09-26,ПРО-002,Продукты,15,147,53.04
2026-09-27,ПРО-002,Продукты,5,142,53.04
2026-09-28,ПРО-002,Продукты,18,199,53.04
2026-09-29,ПРО-002,Продукты,6,193,53.04
2026-09-30,ПРО-002,Продукты,2,191,53.04
2025-06-01,ПРО-003,Продукты,3,16,27.06
2025-06-02,ПРО-003,Продукты,3,18,27.06
2025-06-03,ПРО-003,Продукты,1,17,27.06
2025-06-04,ПРО-003,Продукты,0,17,27.06
2025-06-05,ПРО-003,Продукты,2,15,27.06
2025-06-06,ПРО-003,Продукты,0,15,27.06
2025-06-07,ПРО-003,Продукты,2,13,27.06
2025-06-08,ПРО-003,Продукты,4,9,27.06
2025-06-09,ПРО-003,Продукты,1,20,27.06
2025-06-10,ПРО-003,Продукты,7,13,27.06
2025-06-11,ПРО-003,Продукты,1,12,27.06
2025-06-12,ПРО-003,Продукты,1,11,27.06
2025-06-13,ПРО-003,Продукты,0,11,27.06
2025-06-14,ПРО-003,Продукты,1,10,27.06
2025-06-15,ПРО-003,Продукты,4,6,27.06
2025-06-16,ПРО-003,Продукты,0,21,27.06
2025-06-17,ПРО-003,Продукты,2,19,27.06
2025-06-18,ПРО-003,Продукты,2,17,27.06
2025-06-19,ПРО-003,Продукты,0,17,27.06
2025-06-20,ПРО-003,Продукты,3,14,27.06
2025-06-21,ПРО-003,Продукты,4,10,27.06
2025-06-22,ПРО-003,Продукты,1,9,27.06
2025-06-23,ПРО-003,Продукты,0,21,27.06
2025-06-24,ПРО-003,Продукты,1,20,27.06
2025-06-25,ПРО-003,Продукты,0,20,27.06
2025-06-26,ПРО-003,Продукты,3,17,27.06
2025-06-27,ПРО-003,Продукты,2,15,27.06
2025-06-28,ПРО-003,Продукты,0,15,27.06
2025-06-29,ПРО-003,Продукты,0,15,27.06
2025-06-30,ПРО-003,Продукты,2,19,27.06
2025-07-01,ПРО-003,Продукты,2,17,27.06
2025-07-02,ПРО-003,Продукты,1,16,27.06
2025-07-03,ПРО-003,Продукты,0,16,27.06
2025-07-04,ПРО-003,Продукты,0,16,27.06
2025-07-05,ПРО-003,Продукты,1,15,27.06
2025-07-06,ПРО-003,Продукты,2,13,27.06
2025-07-07,ПРО-003,Продукты,2,19,27.06
2025-07-08,ПРО-003,Продукты,1,18,27.06
2025-07-09,ПРО-003,Продукты,3,15,27.06
2025-07-10,ПРО-003,Продукты,2,13,27.06
2025-07-11,ПРО-003,Продукты,1,12,27.06
2025-07-12,ПРО-003,Продукты,1,11,27.06
2025-07-13,ПРО-003,Продукты,0,11,27.06
2025-07-14,ПРО-003,Продукты,0,21,27.06
2025-07-15,ПРО-003,Продукты,0,21,27.06
2025-07-16,ПРО-003,Продукты,1,20,27.06
2025-07-17,ПРО-003,Продукты,2,18,27.06
2025-07-18,ПРО-003,Продукты,0,18,27.06
2025-07-19,ПРО-003,Продукты,1,17,27.06
2025-07-20,ПРО-003,Продукты,3,14,27.06
2025-07-21,ПРО-003,Продукты,2,19,27.06
2025-07-22,ПРО-003,Продукты,0,19,27.06
2025-07-23,ПРО-003,Продукты,0,19,27.06
2025-07-24,ПРО-003,Продукты,3,16,27.06
2025-07-25,ПРО-003,Продукты,0,16,27.06
2025-07-26,ПРО-003,Продукты,4,12,27.06
2025-07-27,ПРО-003,Продукты,2,10,27.06
2025-07-28,ПРО-003,Продукты,0,21,27.06
2025-07-29,ПРО-003,Продукты,2,19,27.06
2025-07-30,ПРО-003,Продукты,0,19,27.06
2025-07-31,ПРО-003,Продукты,2,17,27.06
2025-08-01,ПРО-003,Продукты,2,15,27.06
2025-08-02,ПРО-003,Продукты,1,14,27.06
2025-08-03,ПРО-003,Продукты,0,14,27.06
2025-08-04,ПРО-003,Продукты,1,20,27.06
2025-08-05,ПРО-003,Продукты,3,17,27.06
2025-08-06,ПРО-003,Продукты,1,16,27.06
2025-08-07,ПРО-003,Продукты,1,15,27.06
2025-08-08,ПРО-003,Продукты,0,15,27.06
2025-08-09,ПРО-003,Продукты,2,13,27.06
2025-08-10,ПРО-003,Продукты,0,13,27.06
2025-08-11,ПРО-003,Продукты,1,20,27.06
2025-08-12,ПРО-003,Продукты,0,20,27.06
2025-08-13,ПРО-003,Продукты,0,20,27.06
2025-08-14,ПРО-003,Продукты,0,20,27.06
2025-08-15,ПРО-003,Продукты,1,19,27.06
2025-08-16,ПРО-003,Продукты,1,18,27.06
2025-08-17,ПРО-003,Продукты,2,16,27.06
2025-08-18,ПРО-003,Продукты,3,18,27.06
2025-08-19,ПРО-003,Продукты,1,17,27.06
2025-08-20,ПРО-003,Продукты,1,16,27.06
2025-08-21,ПРО-003,Продукты,1,15,27.06
2025-08-22,ПРО-003,Продукты,1,14,27.06
2025-08-23,ПРО-003,Продукты,0,14,27.06
2025-08-24,ПРО-003,Продукты,2,12,27.06
2025-08-25,ПРО-003,Продукты,2,19,27.06
2025-08-26,ПРО-003,Продукты,2,17,27.06
2025-08-27,ПРО-003,Продукты,3,14,27.06
2025-08-28,ПРО-003,Продукты,0,14,27.06
2025-08-29,ПРО-003,Продукты,0,14,27.06
2025-08-30,ПРО-003,Продукты,1,13,27.06
2025-08-31,ПРО-003,Продукты,3,10,27.06
2025-09-01,ПРО-003,Продукты,0,21,27.06
2025-09-02,ПРО-003,Продукты,0,21,27.06
2025-09-03,ПРО-003,Продукты,0,21,27.06
2025-09-04,ПРО-003,Продукты,3,18,27.06
2025-09-05,ПРО-003,Продукты,0,18,27.06
2025-09-06,ПРО-003,Продукты,1,17,27.06
2025-09-07,ПРО-003,Продукты,1,16,27.06
2025-09-08,ПРО-003,Продукты,2,19,27.06
2025-09-09,ПРО-003,Продукты,1,18,27.06
2025-09-10,ПРО-003,Продукты,0,18,27.06
2025-09-11,ПРО-003,Продукты,0,18,27.06
2025-09-12,ПРО-003,Продукты,1,17,27.06
2025-09-13,ПРО-003,Продукты,0,17,27.06
2025-09-14,ПРО-003,Продукты,3,14,27.06
2025-09-15,ПРО-003,Продукты,1,20,27.06
2025-09-16,ПРО-003,Продукты,0,20,27.06
2025-09-17,ПРО-003,Продукты,3,17,27.06
2025-09-18,ПРО-003,Продукты,1,16,27.06
2025-09-19,ПРО-003,Продукты,2,14,27.06
2025-09-20,ПРО-003,Продукты,1,13,27.06
2025-09-21,ПРО-003,Продукты,1,12,27.06
2025-09-22,ПРО-003,Продукты,0,21,27.06
2025-09-23,ПРО-003,Продукты,3,18,27.06
2025-09-24,ПРО-003,Продукты,0,18,27.06
2025-09-25,ПРО-003,Продукты,1,17,27.06
2025-09-26,ПРО-003,Продукты,0,17,27.06
2025-09-27,ПРО-003,Продукты,1,16,27.06
2025-09-28,ПРО-003,Продукты,1,15,27.06
2025-09-29,ПРО-003,Продукты,0,21,27.06
2025-09-30,ПРО-003,Продукты,1,20,27.06
2025-10-01,ПРО-003,Продукты,1,19,27.06
2025-10-02,ПРО-003,Продукты,3,16,27.06
2025-10-03,ПРО-003,Продукты,0,16,27.06
2025-10-04,ПРО-003,Продукты,4,12,27.06
2025-10-05,ПРО-003,Продукты,2,10,27.06
2025-10-06,ПРО-003,Продукты,1,20,27.06
2025-10-07,ПРО-003,Продукты,3,17,27.06
2025-10-08,ПРО-003,Продукты,1,16,27.06
2025-10-09,ПРО-003,Продукты,0,16,27.06
2025-10-10,ПРО-003,Продукты,1,15,27.06
2025-10-11,ПРО-003,Продукты,0,15,27.06
2025-10-12,ПРО-003,Продукты,1,14,27.06
2025-10-13,ПРО-003,Продукты,3,18,27.06
2025-10-14,ПРО-003,Продукты,1,17,27.06
2025-10-15,ПРО-003,Продукты,0,17,27.06
2025-10-16,ПРО-003,Продукты,2,15,27.06
2025-10-17,ПРО-003,Продукты,0,15,27.06
2025-10-18,ПРО-003,Продукты,0,15,27.06
2025-10-19,ПРО-003,Продукты,3,12,27.06
2025-10-20,ПРО-003,Продукты,1,20,27.06
2025-10-21,ПРО-003,Продукты,0,20,27.06
2025-10-22,ПРО-003,Продукты,1,19,27.06
2025-10-23,ПРО-003,Продукты,1,18,27.06
2025-10-24,ПРО-003,Продукты,2,16,27.06
2025-10-25,ПРО-003,Продукты,0,16,27.06
2025-10-26,ПРО-003,Продукты,0,16,27.06
2025-10-27,ПРО-003,Продукты,1,20,27.06
2025-10-28,ПРО-003,Продукты,0,20,27.06
2025-10-29,ПРО-003,Продукты,1,19,27.06
2025-10-30,ПРО-003,Продукты,0,19,27.06
2025-10-31,ПРО-003,Продукты,1,18,27.06
2025-11-01,ПРО-003,Продукты,2,16,27.06
2025-11-02,ПРО-003,Продукты,1,15,27.06
2025-11-03,ПРО-003,Продукты,0,21,27.06
2025-11-04,ПРО-003,Продукты,3,18,27.06
2025-11-05,ПРО-003,Продукты,1,17,27.06
2025-11-06,ПРО-003,Продукты,0,17,27.06
2025-11-07,ПРО-003,Продукты,0,17,27.06
2025-11-08,ПРО-003,Продукты,1,16,27.06
2025-11-09,ПРО-003,Продукты,2,14,27.06
2025-11-10,ПРО-003,Продукты,5,16,27.06
2025-11-11,ПРО-003,Продукты,2,14,27.06
2025-11-12,ПРО-003,Продукты,2,12,27.06
2025-11-13,ПРО-003,Продукты,3,9,27.06
2025-11-14,ПРО-003,Продукты,0,9,27.06
2025-11-15,ПРО-003,Продукты,3,6,27.06
2025-11-16,ПРО-003,Продукты,0,6,27.06
2025-11-17,ПРО-003,Продукты,0,21,27.06
2025-11-18,ПРО-003,Продукты,2,19,27.06
2025-11-19,ПРО-003,Продукты,3,16,27.06
2025-11-20,ПРО-003,Продукты,0,16,27.06
2025-11-21,ПРО-003,Продукты,0,16,27.06
2025-11-22,ПРО-003,Продукты,1,15,27.06
2025-11-23,ПРО-003,Продукты,0,15,27.06
2025-11-24,ПРО-003,Продукты,2,19,27.06
2025-11-25,ПРО-003,Продукты,3,16,27.06
2025-11-26,ПРО-003,Продукты,0,16,27.06
2025-11-27,ПРО-003,Продукты,1,15,27.06
2025-11-28,ПРО-003,Продукты,1,14,27.06
2025-11-29,ПРО-003,Продукты,4,10,27.06
2025-11-30,ПРО-003,Продукты,2,8,27.06
2025-12-01,ПРО-003,Продукты,0,21,27.06
2025-12-02,ПРО-003,Продукты,0,21,27.06
2025-12-03,ПРО-003,Продукты,0,21,27.06
2025-12-04,ПРО-003,Продукты,1,20,27.06
2025-12-05,ПРО-003,Продукты,1,19,27.06
2025-12-06,ПРО-003,Продукты,1,18,27.06
2025-12-07,ПРО-003,Продукты,2,16,27.06
2025-12-08,ПРО-003,Продукты,1,20,27.06
2025-12-09,ПРО-003,Продукты,0,20,27.06
2025-12-10,ПРО-003,Продукты,2,18,27.06
2025-12-11,ПРО-003,Продукты,0,18,27.06
2025-12-12,ПРО-003,Продукты,0,18,27.06
2025-12-13,ПРО-003,Продукты,1,17,27.06
2025-12-14,ПРО-003,Продукты,0,17,27.06
2025-12-15,ПРО-003,Продукты,3,18,27.06
2025-12-16,ПРО-003,Продукты,1,17,27.06
2025-12-17,ПРО-003,Продукты,0,17,27.06
2025-12-18,ПРО-003,Продукты,0,17,27.06
2025-12-19,ПРО-003,Продукты,0,17,27.06
2025-12-20,ПРО-003,Продукты,0,17,27.06
2025-12-21,ПРО-003,Продукты,1,16,27.06
2025-12-22,ПРО-003,Продукты,0,21,27.06
2025-12-23,ПРО-003,Продукты,0,21,27.06
2025-12-24,ПРО-003,Продукты,1,20,27.06
2025-12-25,ПРО-003,Продукты,1,19,27.06
2025-12-26,ПРО-003,Продукты,1,18,27.06
2025-12-27,ПРО-003,Продукты,3,15,27.06
2025-12-28,ПРО-003,Продукты,0,15,27.06
2025-12-29,ПРО-003,Продукты,1,20,27.06
2025-12-30,ПРО-003,Продукты,2,18,27.06
2025-12-31,ПРО-003,Продукты,0,18,27.06
2026-01-01,ПРО-003,Продукты,3,15,27.06
2026-01-02,ПРО-003,Продукты,1,14,27.06
2026-01-03,ПРО-003,Продукты,3,11,27.06
2026-01-04,ПРО-003,Продукты,0,11,27.06
2026-01-05,ПРО-003,Продукты,0,21,27.06
2026-01-06,ПРО-003,Продукты,1,20,27.06
2026-01-07,ПРО-003,Продукты,0,20,27.06
2026-01-08,ПРО-003,Продукты,1,19,27.06
2026-01-09,ПРО-003,Продукты,0,19,27.06
2026-01-10,ПРО-003,Продукты,0,19,27.06
2026-01-11,ПРО-003,Продукты,0,19,27.06
2026-01-12,ПРО-003,Продукты,0,21,27.06
2026-01-13,ПРО-003,Продукты,2,19,27.06
2026-01-14,ПРО-003,Продукты,0,19,27.06
2026-01-15,ПРО-003,Продукты,2,17,27.06
2026-01-16,ПРО-003,Продукты,1,16,27.06
2026-01-17,ПРО-003,Продукты,2,14,27.06
2026-01-18,ПРО-003,Продукты,0,14,27.06
2026-01-19,ПРО-003,Продукты,1,20,27.06
2026-01-20,ПРО-003,Продукты,0,20,27.06
2026-01-21,ПРО-003,Продукты,1,19,27.06
2026-01-22,ПРО-003,Продукты,0,19,27.06
2026-01-23,ПРО-003,Продукты,2,17,27.06
2026-01-24,ПРО-003,Продукты,2,15,27.06
2026-01-25,ПРО-003,Продукты,0,15,27.06
2026-01-26,ПРО-003,Продукты,2,19,27.06
2026-01-27,ПРО-003,Продукты,1,18,27.06
2026-01-28,ПРО-003,Продукты,0,18,27.06
2026-01-29,ПРО-003,Продукты,2,16,27.06
2026-01-30,ПРО-003,Продукты,1,15,27.06
2026-01-31,ПРО-003,Продукты,1,14,27.06
2026-02-01,ПРО-003,Продукты,0,14,27.06
2026-02-02,ПРО-003,Продукты,1,20,27.06
2026-02-03,ПРО-003,Продукты,0,20,27.06
2026-02-04,ПРО-003,Продукты,0,20,27.06
2026-02-05,ПРО-003,Продукты,0,20,27.06
2026-02-06,ПРО-003,Продукты,2,18,27.06
2026-02-07,ПРО-003,Продукты,3,15,27.06
2026-02-08,ПРО-003,Продукты,1,14,27.06
2026-02-09,ПРО-003,Продукты,1,20,27.06
2026-02-10,ПРО-003,Продукты,1,19,27.06
2026-02-11,ПРО-003,Продукты,1,18,27.06
2026-02-12,ПРО-003,Продукты,0,18,27.06
2026-02-13,ПРО-003,Продукты,5,13,27.06
2026-02-14,ПРО-003,Продукты,3,10,27.06
2026-02-15,ПРО-003,Продукты,4,6,27.06
2026-02-16,ПРО-003,Продукты,0,21,27.06
2026-02-17,ПРО-003,Продукты,0,21,27.06
2026-02-18,ПРО-003,Продукты,1,20,27.06
2026-02-19,ПРО-003,Продукты,2,18,27.06
2026-02-20,ПРО-003,Продукты,3,15,27.06
2026-02-21,ПРО-003,Продукты,2,13,27.06
2026-02-22,ПРО-003,Продукты,2,11,27.06
2026-02-23,ПРО-003,Продукты,3,18,27.06
2026-02-24,ПРО-003,Продукты,0,18,27.06
2026-02-25,ПРО-003,Продукты,1,17,27.06
2026-02-26,ПРО-003,Продукты,1,16,27.06
2026-02-27,ПРО-003,Продукты,2,14,27.06
2026-02-28,ПРО-003,Продукты,1,13,27.06
2026-03-01,ПРО-003,Продукты,2,11,27.06
2026-03-02,ПРО-003,Продукты,2,19,27.06
2026-03-03,ПРО-003,Продукты,1,18,27.06
2026-03-04,ПРО-003,Продукты,0,18,27.06
2026-03-05,ПРО-003,Продукты,1,17,27.06
2026-03-06,ПРО-003,Продукты,1,16,27.06
2026-03-07,ПРО-003,Продукты,3,13,27.06
2026-03-08,ПРО-003,Продукты,2,11,27.06
2026-03-09,ПРО-003,Продукты,1,20,27.06
2026-03-10,ПРО-003,Продукты,0,20,27.06
2026-03-11,ПРО-003,Продукты,1,19,27.06
2026-03-12,ПРО-003,Продукты,0,19,27.06
2026-03-13,ПРО-003,Продукты,1,18,27.06
2026-03-14,ПРО-003,Продукты,2,16,27.06
2026-03-15,ПРО-003,Продукты,1,15,27.06
2026-03-16,ПРО-003,Продукты,1,20,27.06
2026-03-17,ПРО-003,Продукты,0,20,27.06
2026-03-18,ПРО-003,Продукты,1,19,27.06
2026-03-19,ПРО-003,Продукты,2,17,27.06
2026-03-20,ПРО-003,Продукты,1,16,27.06
2026-03-21,ПРО-003,Продукты,0,16,27.06
2026-03-22,ПРО-003,Продукты,0,16,27.06
2026-03-23,ПРО-003,Продукты,0,21,27.06
2026-03-24,ПРО-003,Продукты,0,21,27.06
2026-03-25,ПРО-003,Продукты,0,21,27.06
2026-03-26,ПРО-003,Продукты,2,19,27.06
2026-03-27,ПРО-003,Продукты,0,19,27.06
2026-03-28,ПРО-003,Продукты,2,17,27.06
2026-03-29,ПРО-003,Продукты,4,13,27.06
2026-03-30,ПРО-003,Продукты,2,19,27.06
2026-03-31,ПРО-003,Продукты,1,18,27.06
2026-04-01,ПРО-003,Продукты,2,16,27.06
2026-04-02,ПРО-003,Продукты,1,15,27.06
2026-04-03,ПРО-003,Продукты,1,14,27.06
2026-04-04,ПРО-003,Продукты,1,13,27.06
2026-04-05,ПРО-003,Продукты,1,12,27.06
2026-04-06,ПРО-003,Продукты,0,21,27.06
2026-04-07,ПРО-003,Продукты,1,20,27.06
2026-04-08,ПРО-003,Продукты,2,18,27.06
2026-04-09,ПРО-003,Продукты,0,18,27.06
2026-04-10,ПРО-003,Продукты,2,16,27.06
2026-04-11,ПРО-003,Продукты,2,14,27.06
2026-04-12,ПРО-003,Продукты,2,12,27.06
2026-04-13,ПРО-003,Продукты,0,21,27.06
2026-04-14,ПРО-003,Продукты,3,18,27.06
2026-04-15,ПРО-003,Продукты,1,17,27.06
2026-04-16,ПРО-003,Продукты,0,17,27.06
2026-04-17,ПРО-003,Продукты,0,17,27.06
2026-04-18,ПРО-003,Продукты,3,14,27.06
2026-04-19,ПРО-003,Продукты,2,12,27.06
2026-04-20,ПРО-003,Продукты,4,17,27.06
2026-04-21,ПРО-003,Продукты,1,16,27.06
2026-04-22,ПРО-003,Продукты,2,14,27.06
2026-04-23,ПРО-003,Продукты,3,11,27.06
2026-04-24,ПРО-003,Продукты,0,11,27.06
2026-04-25,ПРО-003,Продукты,1,10,27.06
2026-04-26,ПРО-003,Продукты,1,9,27.06
2026-04-27,ПРО-003,Продукты,1,20,27.06
2026-04-28,ПРО-003,Продукты,1,19,27.06
2026-04-29,ПРО-003,Продукты,1,18,27.06
2026-04-30,ПРО-003,Продукты,3,15,27.06
2026-05-01,ПРО-003,Продукты,0,15,27.06
2026-05-02,ПРО-003,Продукты,1,14,27.06
2026-05-03,ПРО-003,Продукты,1,13,27.06
2026-05-04,ПРО-003,Продукты,0,21,27.06
2026-05-05,ПРО-003,Продукты,2,19,27.06
2026-05-06,ПРО-003,Продукты,1,18,27.06
2026-05-07,ПРО-003,Продукты,0,18,27.06
2026-05-08,ПРО-003,Продукты,1,17,27.06
2026-05-09,ПРО-003,Продукты,3,14,27.06
2026-05-10,ПРО-003,Продукты,3,11,27.06
2026-05-11,ПРО-003,Продукты,1,20,27.06
2026-05-12,ПРО-003,Продукты,2,18,27.06
2026-05-13,ПРО-003,Продукты,0,18,27.06
2026-05-14,ПРО-003,Продукты,0,18,27.06
2026-05-15,ПРО-003,Продукты,0,18,27.06
2026-05-16,ПРО-003,Продукты,3,15,27.06
2026-05-17,ПРО-003,Продукты,1,14,27.06
2026-05-18,ПРО-003,Продукты,2,19,27.06
2026-05-19,ПРО-003,Продукты,1,18,27.06
2026-05-20,ПРО-003,Продукты,0,18,27.06
2026-05-21,ПРО-003,Продукты,4,14,27.06
2026-05-22,ПРО-003,Продукты,2,12,27.06
2026-05-23,ПРО-003,Продукты,2,10,27.06
2026-05-24,ПРО-003,Продукты,0,10,27.06
2026-05-25,ПРО-003,Продукты,1,20,27.06
2026-05-26,ПРО-003,Продукты,3,17,27.06
2026-05-27,ПРО-003,Продукты,2,15,27.06
2026-05-28,ПРО-003,Продукты,4,11,27.06
2026-05-29,ПРО-003,Продукты,0,11,27.06
2026-05-30,ПРО-003,Продукты,1,10,27.06
2026-05-31,ПРО-003,Продукты,2,8,27.06
2026-06-01,ПРО-003,Продукты,0,21,27.06
2026-06-02,ПРО-003,Продукты,0,21,27.06
2026-06-03,ПРО-003,Продукты,2,19,27.06
2026-06-04,ПРО-003,Продукты,2,17,27.06
2026-06-05,ПРО-003,Продукты,1,16,27.06
2026-06-06,ПРО-003,Продукты,2,14,27.06
2026-06-07,ПРО-003,Продукты,2,12,27.06
2026-06-08,ПРО-003,Продукты,0,21,27.06
2026-06-09,ПРО-003,Продукты,3,18,27.06
2026-06-10,ПРО-003,Продукты,1,17,27.06
2026-06-11,ПРО-003,Продукты,2,15,27.06
2026-06-12,ПРО-003,Продукты,0,15,27.06
2026-06-13,ПРО-003,Продукты,0,15,27.06
2026-06-14,ПРО-003,Продукты,2,13,27.06
2026-06-15,ПРО-003,Продукты,1,20,27.06
2026-06-16,ПРО-003,Продукты,1,19,27.06
2026-06-17,ПРО-003,Продукты,1,18,27.06
2026-06-18,ПРО-003,Продукты,1,17,27.06
2026-06-19,ПРО-003,Продукты,3,14,27.06
2026-06-20,ПРО-003,Продукты,0,14,27.06
2026-06-21,ПРО-003,Продукты,1,13,27.06
2026-06-22,ПРО-003,Продукты,1,20,27.06
2026-06-23,ПРО-003,Продукты,1,19,27.06
2026-06-24,ПРО-003,Продукты,2,17,27.06
2026-06-25,ПРО-003,Продукты,1,16,27.06
2026-06-26,ПРО-003,Продукты,2,14,27.06
2026-06-27,ПРО-003,Продукты,1,13,27.06
2026-06-28,ПРО-003,Продукты,4,9,27.06
2026-06-29,ПРО-003,Продукты,0,21,27.06
2026-06-30,ПРО-003,Продукты,0,21,27.06
2026-07-01,ПРО-003,Продукты,0,21,27.06
2026-07-02,ПРО-003,Продукты,1,20,27.06
2026-07-03,ПРО-003,Продукты,1,19,27.06
2026-07-04,ПРО-003,Продукты,1,18,27.06
2026-07-05,ПРО-003,Продукты,2,16,27.06
2026-07-06,ПРО-003,Продукты,1,20,27.06
2026-07-07,ПРО-003,Продукты,2,18,27.06
2026-07-08,ПРО-003,Продукты,1,17,27.06
2026-07-09,ПРО-003,Продукты,1,16,27.06
2026-07-10,ПРО-003,Продукты,2,14,27.06
2026-07-11,ПРО-003,Продукты,1,13,27.06
2026-07-12,ПРО-003,Продукты,0,13,27.06
2026-07-13,ПРО-003,Продукты,2,19,27.06
2026-07-14,ПРО-003,Продукты,1,18,27.06
2026-07-15,ПРО-003,Продукты,2,16,27.06
2026-07-16,ПРО-003,Продукты,0,16,27.06
2026-07-17,ПРО-003,Продукты,0,16,27.06
2026-07-18,ПРО-003,Продукты,1,15,27.06
2026-07-19,ПРО-003,Продукты,1,14,27.06
2026-07-20,ПРО-003,Продукты,0,21,27.06
2026-07-21,ПРО-003,Продукты,1,20,27.06
2026-07-22,ПРО-003,Продукты,1,19,27.06
2026-07-23,ПРО-003,Продукты,3,16,27.06
2026-07-24,ПРО-003,Продукты,0,16,27.06
2026-07-25,ПРО-003,Продукты,4,12,27.06
2026-07-26,ПРО-003,Продукты,1,11,27.06
2026-07-27,ПРО-003,Продукты,0,21,27.06
2026-07-28,ПРО-003,Продукты,1,20,27.06
2026-07-29,ПРО-003,Продукты,2,18,27.06
2026-07-30,ПРО-003,Продукты,1,17,27.06
2026-07-31,ПРО-003,Продукты,1,16,27.06
2026-08-01,ПРО-003,Продукты,0,16,27.06
2026-08-02,ПРО-003,Продукты,1,15,27.06
2026-08-03,ПРО-003,Продукты,0,21,27.06
2026-08-04,ПРО-003,Продукты,0,21,27.06
2026-08-05,ПРО-003,Продукты,2,19,27.06
2026-08-06,ПРО-003,Продукты,3,16,27.06
2026-08-07,ПРО-003,Продукты,1,15,27.06
2026-08-08,ПРО-003,Продукты,5,10,27.06
2026-08-09,ПРО-003,Продукты,2,8,27.06
2026-08-10,ПРО-003,Продукты,3,18,27.06
2026-08-11,ПРО-003,Продукты,0,18,27.06
2026-08-12,ПРО-003,Продукты,1,17,27.06
2026-08-13,ПРО-003,Продукты,0,17,27.06
2026-08-14,ПРО-003,Продукты,1,16,27.06
2026-08-15,ПРО-003,Продукты,1,15,27.06
2026-08-16,ПРО-003,Продукты,2,13,27.06
2026-08-17,ПРО-003,Продукты,2,19,27.06
2026-08-18,ПРО-003,Продукты,1,18,27.06
2026-08-19,ПРО-003,Продукты,3,15,27.06
2026-08-20,ПРО-003,Продукты,1,14,27.06
2026-08-21,ПРО-003,Продукты,2,12,27.06
2026-08-22,ПРО-003,Продукты,1,11,27.06
2026-08-23,ПРО-003,Продукты,1,10,27.06
2026-08-24,ПРО-003,Продукты,6,15,27.06
2026-08-25,ПРО-003,Продукты,4,11,27.06
2026-08-26,ПРО-003,Продукты,1,10,27.06
2026-08-27,ПРО-003,Продукты,1,9,27.06
2026-08-28,ПРО-003,Продукты,0,9,27.06
2026-08-29,ПРО-003,Продукты,0,9,27.06
2026-08-30,ПРО-003,Продукты,1,8,27.06
2026-08-31,ПРО-003,Продукты,3,18,27.06
2026-09-01,ПРО-003,Продукты,0,18,27.06
2026-09-02,ПРО-003,Продукты,1,17,27.06
2026-09-03,ПРО-003,Продукты,0,17,27.06
2026-09-04,ПРО-003,Продукты,0,17,27.06
2026-09-05,ПРО-003,Продукты,0,17,27.06
2026-09-06,ПРО-003,Продукты,2,15,27.06
2026-09-07,ПРО-003,Продукты,0,21,27.06
2026-09-08,ПРО-003,Продукты,0,21,27.06
2026-09-09,ПРО-003,Продукты,0,21,27.06
2026-09-10,ПРО-003,Продукты,2,19,27.06
2026-09-11,ПРО-003,Продукты,0,19,27.06
2026-09-12,ПРО-003,Продукты,3,16,27.06
2026-09-13,ПРО-003,Продукты,1,15,27.06
2026-09-14,ПРО-003,Продукты,0,21,27.06
2026-09-15,ПРО-003,Продукты,0,21,27.06
2026-09-16,ПРО-003,Продукты,2,19,27.06
2026-09-17,ПРО-003,Продукты,0,19,27.06
2026-09-18,ПРО-003,Продукты,1,18,27.06
2026-09-19,ПРО-003,Продукты,4,14,27.06
2026-09-20,ПРО-003,Продукты,2,12,27.06
2026-09-21,ПРО-003,Продукты,1,20,27.06
2026-09-22,ПРО-003,Продукты,2,18,27.06
2026-09-23,ПРО-003,Продукты,1,17,27.06
2026-09-24,ПРО-003,Продукты,3,14,27.06
2026-09-25,ПРО-003,Продукты,1,13,27.06
2026-09-26,ПРО-003,Продукты,2,11,27.06
2026-09-27,ПРО-003,Продукты,0,11,27.06
2026-09-28,ПРО-003,Продукты,0,21,27.06
2026-09-29,ПРО-003,Продукты,1,20,27.06
2026-09-30,ПРО-003,Продукты,3,17,27.06
2026-03-01,ПРО-004,Продукты,4,121,36.38
2026-03-02,ПРО-004,Продукты,3,122,36.38
2026-03-03,ПРО-004,Продукты,9,113,36.38
2026-03-04,ПРО-004,Продукты,1,112,36.38
2026-03-05,ПРО-004,Продукты,3,109,36.38
2026-03-06,ПРО-004,Продукты,4,105,36.38
2026-03-07,ПРО-004,Продукты,7,98,36.38
2026-03-08,ПРО-004,Продукты,1,97,36.38
2026-03-09,ПРО-004,Продукты,9,116,36.38
2026-03-10,ПРО-004,Продукты,6,110,36.38
2026-03-11,ПРО-004,Продукты,7,103,36.38
2026-03-12,ПРО-004,Продукты,2,101,36.38
2026-03-13,ПРО-004,Продукты,9,92,36.38
2026-03-14,ПРО-004,Продукты,17,75,36.38
2026-03-15,ПРО-004,Продукты,10,65,36.38
2026-03-16,ПРО-004,Продукты,4,121,36.38
2026-03-17,ПРО-004,Продукты,4,117,36.38
2026-03-18,ПРО-004,Продукты,7,110,36.38
2026-03-19,ПРО-004,Продукты,16,94,36.38
2026-03-20,ПРО-004,Продукты,3,91,36.38
2026-03-21,ПРО-004,Продукты,6,85,36.38
2026-03-22,ПРО-004,Продукты,3,82,36.38
2026-03-23,ПРО-004,Продукты,7,118,36.38
2026-03-24,ПРО-004,Продукты,2,116,36.38
2026-03-25,ПРО-004,Продукты,0,116,36.38
2026-03-26,ПРО-004,Продукты,13,103,36.38
2026-03-27,ПРО-004,Продукты,1,102,36.38
2026-03-28,ПРО-004,Продукты,1,101,36.38
2026-03-29,ПРО-004,Продукты,9,92,36.38
2026-03-30,ПРО-004,Продукты,2,123,36.38
2026-03-31,ПРО-004,Продукты,10,113,36.38
2026-04-01,ПРО-004,Продукты,5,108,36.38
2026-04-02,ПРО-004,Продукты,4,104,36.38
2026-04-03,ПРО-004,Продукты,5,99,36.38
2026-04-04,ПРО-004,Продукты,2,97,36.38
2026-04-05,ПРО-004,Продукты,4,93,36.38
2026-04-06,ПРО-004,Продукты,11,114,36.38
2026-04-07,ПРО-004,Продукты,1,113,36.38
2026-04-08,ПРО-004,Продукты,5,108,36.38
2026-04-09,ПРО-004,Продукты,8,100,36.38
2026-04-10,ПРО-004,Продукты,10,90,36.38
2026-04-11,ПРО-004,Продукты,6,84,36.38
2026-04-12,ПРО-004,Продукты,5,79,36.38
2026-04-13,ПРО-004,Продукты,5,120,36.38
2026-04-14,ПРО-004,Продукты,3,117,36.38
2026-04-15,ПРО-004,Продукты,7,110,36.38
2026-04-16,ПРО-004,Продукты,9,101,36.38
2026-04-17,ПРО-004,Продукты,16,85,36.38
2026-04-18,ПРО-004,Продукты,5,80,36.38
2026-04-19,ПРО-004,Продукты,15,65,36.38
2026-04-20,ПРО-004,Продукты,6,119,36.38
2026-04-21,ПРО-004,Продукты,15,104,36.38
2026-04-22,ПРО-004,Продукты,8,96,36.38
2026-04-23,ПРО-004,Продукты,7,89,36.38
2026-04-24,ПРО-004,Продукты,5,84,36.38
2026-04-25,ПРО-004,Продукты,1,83,36.38
2026-04-26,ПРО-004,Продукты,27,56,36.38
2026-04-27,ПРО-004,Продукты,3,122,36.38
2026-04-28,ПРО-004,Продукты,7,115,36.38
2026-04-29,ПРО-004,Продукты,13,102,36.38
2026-04-30,ПРО-004,Продукты,7,95,36.38
2026-05-01,ПРО-004,Продукты,6,89,36.38
2026-05-02,ПРО-004,Продукты,8,81,36.38
2026-05-03,ПРО-004,Продукты,2,79,36.38
2026-05-04,ПРО-004,Продукты,10,115,36.38
2026-05-05,ПРО-004,Продукты,5,110,36.38
2026-05-06,ПРО-004,Продукты,5,105,36.38
2026-05-07,ПРО-004,Продукты,7,98,36.38
2026-05-08,ПРО-004,Продукты,10,88,36.38
2026-05-09,ПРО-004,Продукты,10,78,36.38
2026-05-10,ПРО-004,Продукты,7,71,36.38
2026-05-11,ПРО-004,Продукты,13,112,36.38
2026-05-12,ПРО-004,Продукты,6,106,36.38
2026-05-13,ПРО-004,Продукты,3,103,36.38
2026-05-14,ПРО-004,Продукты,2,101,36.38
2026-05-15,ПРО-004,Продукты,7,94,36.38
2026-05-16,ПРО-004,Продукты,9,85,36.38
2026-05-17,ПРО-004,Продукты,5,80,36.38
2026-05-18,ПРО-004,Продукты,8,117,36.38
2026-05-19,ПРО-004,Продукты,12,105,36.38
2026-05-20,ПРО-004,Продукты,5,100,36.38
2026-05-21,ПРО-004,Продукты,5,95,36.38
2026-05-22,ПРО-004,Продукты,8,87,36.38
2026-05-23,ПРО-004,Продукты,10,77,36.38
2026-05-24,ПРО-004,Продукты,12,65,36.38
2026-05-25,ПРО-004,Продукты,1,124,36.38
2026-05-26,ПРО-004,Продукты,2,122,36.38
2026-05-27,ПРО-004,Продукты,12,110,36.38
2026-05-28,ПРО-004,Продукты,6,104,36.38
2026-05-29,ПРО-004,Продукты,6,98,36.38
2026-05-30,ПРО-004,Продукты,15,83,36.38
2026-05-31,ПРО-004,Продукты,20,63,36.38
2026-06-01,ПРО-004,Продукты,6,119,36.38
2026-06-02,ПРО-004,Продукты,3,116,36.38
2026-06-03,ПРО-004,Продукты,21,95,36.38
2026-06-04,ПРО-004,Продукты,3,92,36.38
2026-06-05,ПРО-004,Продукты,26,66,36.38
2026-06-06,ПРО-004,Продукты,4,62,36.38
2026-06-07,ПРО-004,Продукты,19,43,36.38
2026-06-08,ПРО-004,Продукты,8,117,36.38
2026-06-09,ПРО-004,Продукты,2,115,36.38
2026-06-10,ПРО-004,Продукты,13,102,36.38
2026-06-11,ПРО-004,Продукты,4,98,36.38
2026-06-12,ПРО-004,Продукты,12,86,36.38
2026-06-13,ПРО-004,Продукты,20,66,36.38
2026-06-14,ПРО-004,Продукты,10,56,36.38
2026-06-15,ПРО-004,Продукты,4,121,36.38
2026-06-16,ПРО-004,Продукты,12,109,36.38
2026-06-17,ПРО-004,Продукты,1,108,36.38
2026-06-18,ПРО-004,Продукты,13,95,36.38
2026-06-19,ПРО-004,Продукты,8,87,36.38
2026-06-20,ПРО-004,Продукты,8,79,36.38
2026-06-21,ПРО-004,Продукты,5,74,36.38
2026-06-22,ПРО-004,Продукты,5,120,36.38
2026-06-23,ПРО-004,Продукты,5,115,36.38
2026-06-24,ПРО-004,Продукты,1,114,36.38
2026-06-25,ПРО-004,Продукты,11,103,36.38
2026-06-26,ПРО-004,Продукты,2,101,36.38
2026-06-27,ПРО-004,Продукты,23,78,36.38
2026-06-28,ПРО-004,Продукты,5,73,36.38
2026-06-29,ПРО-004,Продукты,7,118,36.38
2026-06-30,ПРО-004,Продукты,7,111,36.38
2026-07-01,ПРО-004,Продукты,9,102,36.38
2026-07-02,ПРО-004,Продукты,6,96,36.38
2026-07-03,ПРО-004,Продукты,3,93,36.38
2026-07-04,ПРО-004,Продукты,15,78,36.38
2026-07-05,ПРО-004,Продукты,7,71,36.38
2026-07-06,ПРО-004,Продукты,14,111,36.38
2026-07-07,ПРО-004,Продукты,7,104,36.38
2026-07-08,ПРО-004,Продукты,12,92,36.38
2026-07-09,ПРО-004,Продукты,7,85,36.38
2026-07-10,ПРО-004,Продукты,12,73,36.38
2026-07-11,ПРО-004,Продукты,9,64,36.38
2026-07-12,ПРО-004,Продукты,10,54,36.38
2026-07-13,ПРО-004,Продукты,10,115,36.38
2026-07-14,ПРО-004,Продукты,3,112,36.38
2026-07-15,ПРО-004,Продукты,11,101,36.38
2026-07-16,ПРО-004,Продукты,6,95,36.38
2026-07-17,ПРО-004,Продукты,6,89,36.38
2026-07-18,ПРО-004,Продукты,15,74,36.38
2026-07-19,ПРО-004,Продукты,14,60,36.38
2026-07-20,ПРО-004,Продукты,3,122,36.38
2026-07-21,ПРО-004,Продукты,12,110,36.38
2026-07-22,ПРО-004,Продукты,6,104,36.38
2026-07-23,ПРО-004,Продукты,9,95,36.38
2026-07-24,ПРО-004,Продукты,6,89,36.38
2026-07-25,ПРО-004,Продукты,10,79,36.38
2026-07-26,ПРО-004,Продукты,8,71,36.38
2026-07-27,ПРО-004,Продукты,10,115,36.38
2026-07-28,ПРО-004,Продукты,9,106,36.38
2026-07-29,ПРО-004,Продукты,5,101,36.38
2026-07-30,ПРО-004,Продукты,9,92,36.38
2026-07-31,ПРО-004,Продукты,12,80,36.38
2026-08-01,ПРО-004,Продукты,10,70,36.38
2026-08-02,ПРО-004,Продукты,14,56,36.38
2026-08-03,ПРО-004,Продукты,8,117,36.38
2026-08-04,ПРО-004,Продукты,3,114,36.38
2026-08-05,ПРО-004,Продукты,5,109,36.38
2026-08-06,ПРО-004,Продукты,10,99,36.38
2026-08-07,ПРО-004,Продукты,6,93,36.38
2026-08-08,ПРО-004,Продукты,3,90,36.38
2026-08-09,ПРО-004,Продукты,8,82,36.38
2026-08-10,ПРО-004,Продукты,9,116,36.38
2026-08-11,ПРО-004,Продукты,3,113,36.38
2026-08-12,ПРО-004,Продукты,5,108,36.38
2026-08-13,ПРО-004,Продукты,3,105,36.38
2026-08-14,ПРО-004,Продукты,8,97,36.38
2026-08-15,ПРО-004,Продукты,11,86,36.38
2026-08-16,ПРО-004,Продукты,8,78,36.38
2026-08-17,ПРО-004,Продукты,12,113,36.38
2026-08-18,ПРО-004,Продукты,12,101,36.38
2026-08-19,ПРО-004,Продукты,8,93,36.38
2026-08-20,ПРО-004,Продукты,15,78,36.38
2026-08-21,ПРО-004,Продукты,17,61,36.38
2026-08-22,ПРО-004,Продукты,19,42,36.38
2026-08-23,ПРО-004,Продукты,14,28,36.38
2026-08-24,ПРО-004,Продукты,1,124,36.38
2026-08-25,ПРО-004,Продукты,10,114,36.38
2026-08-26,ПРО-004,Продукты,4,110,36.38
2026-08-27,ПРО-004,Продукты,13,97,36.38
2026-08-28,ПРО-004,Продукты,13,84,36.38
2026-08-29,ПРО-004,Продукты,16,68,36.38
2026-08-30,ПРО-004,Продукты,13,55,36.38
2026-08-31,ПРО-004,Продукты,3,122,36.38
2026-09-01,ПРО-004,Продукты,18,104,36.38
2026-09-02,ПРО-004,Продукты,5,99,36.38
2026-09-03,ПРО-004,Продукты,11,88,36.38
2026-09-04,ПРО-004,Продукты,8,80,36.38
2026-09-05,ПРО-004,Продукты,21,59,36.38
2026-09-06,ПРО-004,Продукты,11,48,36.38
2026-09-07,ПРО-004,Продукты,13,112,36.38
2026-09-08,ПРО-004,Продукты,14,98,36.38
2026-09-09,ПРО-004,Продукты,3,95,36.38
2026-09-10,ПРО-004,Продукты,5,90,36.38
2026-09-11,ПРО-004,Продукты,5,85,36.38
2026-09-12,ПРО-004,Продукты,13,72,36.38
2026-09-13,ПРО-004,Продукты,14,58,36.38
2026-09-14,ПРО-004,Продукты,13,112,36.38
2026-09-15,ПРО-004,Продукты,1,111,36.38
2026-09-16,ПРО-004,Продукты,11,100,36.38
2026-09-17,ПРО-004,Продукты,18,82,36.38
2026-09-18,ПРО-004,Продукты,10,72,36.38
2026-09-19,ПРО-004,Продукты,6,66,36.38
2026-09-20,ПРО-004,Продукты,0,66,36.38
2026-09-21,ПРО-004,Продукты,8,117,36.38
2026-09-22,ПРО-004,Продукты,15,102,36.38
2026-09-23,ПРО-004,Продукты,2,100,36.38
2026-09-24,ПРО-004,Продукты,4,96,36.38
2026-09-25,ПРО-004,Продукты,6,90,36.38
2026-09-26,ПРО-004,Продукты,19,71,36.38
2026-09-27,ПРО-004,Продукты,10,61,36.38
2026-09-28,ПРО-004,Продукты,3,122,36.38
2026-09-29,ПРО-004,Продукты,5,117,36.38
2026-09-30,ПРО-004,Продукты,4,113,36.38
2025-06-01,ПРО-005,Продукты,4,83,30.97
2025-06-02,ПРО-005,Продукты,2,108,30.97
2025-06-03,ПРО-005,Продукты,5,103,30.97
2025-06-04,ПРО-005,Продукты,8,95,30.97
2025-06-05,ПРО-005,Продукты,2,93,30.97
2025-06-06,ПРО-005,Продукты,14,79,30.97
2025-06-07,ПРО-005,Продукты,7,72,30.97
2025-06-08,ПРО-005,Продукты,16,56,30.97
2025-06-09,ПРО-005,Продукты,4,106,30.97
2025-06-10,ПРО-005,Продукты,13,93,30.97
2025-06-11,ПРО-005,Продукты,1,92,30.97
2025-06-12,ПРО-005,Продукты,1,91,30.97
2025-06-13,ПРО-005,Продукты,4,87,30.97
2025-06-14,ПРО-005,Продукты,5,82,30.97
2025-06-15,ПРО-005,Продукты,17,65,30.97
2025-06-16,ПРО-005,Продукты,17,93,30.97
2025-06-17,ПРО-005,Продукты,6,87,30.97
2025-06-18,ПРО-005,Продукты,7,80,30.97
2025-06-19,ПРО-005,Продукты,4,76,30.97
2025-06-20,ПРО-005,Продукты,6,70,30.97
2025-06-21,ПРО-005,Продукты,4,66,30.97
2025-06-22,ПРО-005,Продукты,5,61,30.97
2025-06-23,ПРО-005,Продукты,11,99,30.97
2025-06-24,ПРО-005,Продукты,5,94,30.97
2025-06-25,ПРО-005,Продукты,6,88,30.97
2025-06-26,ПРО-005,Продукты,5,83,30.97
2025-06-27,ПРО-005,Продукты,8,75,30.97
2025-06-28,ПРО-005,Продукты,18,57,30.97
2025-06-29,ПРО-005,Продукты,6,51,30.97
2025-06-30,ПРО-005,Продукты,10,100,30.97
2025-07-01,ПРО-005,Продукты,4,96,30.97
2025-07-02,ПРО-005,Продукты,9,87,30.97
2025-07-03,ПРО-005,Продукты,8,79,30.97
2025-07-04,ПРО-005,Продукты,2,77,30.97
2025-07-05,ПРО-005,Продукты,9,68,30.97
2025-07-06,ПРО-005,Продукты,4,64,30.97
2025-07-07,ПРО-005,Продукты,10,100,30.97
2025-07-08,ПРО-005,Продукты,9,91,30.97
2025-07-09,ПРО-005,Продукты,5,86,30.97
2025-07-10,ПРО-005,Продукты,2,84,30.97
2025-07-11,ПРО-005,Продукты,6,78,30.97
2025-07-12,ПРО-005,Продукты,6,72,30.97
2025-07-13,ПРО-005,Продукты,5,67,30.97
2025-07-14,ПРО-005,Продукты,0,110,30.97
2025-07-15,ПРО-005,Продукты,8,102,30.97
2025-07-16,ПРО-005,Продукты,5,97,30.97
2025-07-17,ПРО-005,Продукты,4,93,30.97
2025-07-18,ПРО-005,Продукты,9,84,30.97
2025-07-19,ПРО-005,Продукты,7,77,30.97
2025-07-20,ПРО-005,Продукты,6,71,30.97
2025-07-21,ПРО-005,Продукты,4,106,30.97
2025-07-22,ПРО-005,Продукты,3,103,30.97
2025-07-23,ПРО-005,Продукты,2,101,30.97
2025-07-24,ПРО-005,Продукты,4,97,30.97
2025-07-25,ПРО-005,Продукты,4,93,30.97
2025-07-26,ПРО-005,Продукты,3,90,30.97
2025-07-27,ПРО-005,Продукты,10,80,30.97
2025-07-28,ПРО-005,Продукты,5,105,30.97
2025-07-29,ПРО-005,Продукты,13,92,30.97
2025-07-30,ПРО-005,Продукты,1,91,30.97
2025-07-31,ПРО-005,Продукты,3,88,30.97
2025-08-01,ПРО-005,Продукты,7,81,30.97
2025-08-02,ПРО-005,Продукты,11,70,30.97
2025-08-03,ПРО-005,Продукты,7,63,30.97
2025-08-04,ПРО-005,Продукты,4,106,30.97
2025-08-05,ПРО-005,Продукты,9,97,30.97
2025-08-06,ПРО-005,Продукты,3,94,30.97
2025-08-07,ПРО-005,Продукты,7,87,30.97
2025-08-08,ПРО-005,Продукты,5,82,30.97
2025-08-09,ПРО-005,Продукты,5,77,30.97
2025-08-10,ПРО-005,Продукты,6,71,30.97
2025-08-11,ПРО-005,Продукты,5,105,30.97
2025-08-12,ПРО-005,Продукты,10,95,30.97
2025-08-13,ПРО-005,Продукты,1,94,30.97
2025-08-14,ПРО-005,Продукты,19,75,30.97
2025-08-15,ПРО-005,Продукты,4,71,30.97
2025-08-16,ПРО-005,Продукты,11,60,30.97
2025-08-17,ПРО-005,Продукты,11,49,30.97
2025-08-18,ПРО-005,Продукты,7,103,30.97
2025-08-19,ПРО-005,Продукты,1,102,30.97
2025-08-20,ПРО-005,Продукты,7,95,30.97
2025-08-21,ПРО-005,Продукты,7,88,30.97
2025-08-22,ПРО-005,Продукты,6,82,30.97
2025-08-23,ПРО-005,Продукты,7,75,30.97
2025-08-24,ПРО-005,Продукты,2,73,30.97
2025-08-25,ПРО-005,Продукты,2,108,30.97
2025-08-26,ПРО-005,Продукты,4,104,30.97
2025-08-27,ПРО-005,Продукты,15,89,30.97
2025-08-28,ПРО-005,Продукты,6,83,30.97
2025-08-29,ПРО-005,Продукты,3,80,30.97
2025-08-30,ПРО-005,Продукты,10,70,30.97
2025-08-31,ПРО-005,Продукты,18,52,30.97
2025-09-01,ПРО-005,Продукты,8,102,30.97
2025-09-02,ПРО-005,Продукты,8,94,30.97
2025-09-03,ПРО-005,Продукты,4,90,30.97
2025-09-04,ПРО-005,Продукты,13,77,30.97
2025-09-05,ПРО-005,Продукты,5,72,30.97
2025-09-06,ПРО-005,Продукты,2,70,30.97
2025-09-07,ПРО-005,Продукты,6,64,30.97
2025-09-08,ПРО-005,Продукты,4,106,30.97
2025-09-09,ПРО-005,Продукты,5,101,30.97
2025-09-10,ПРО-005,Продукты,5,96,30.97
2025-09-11,ПРО-005,Продукты,2,94,30.97
2025-09-12,ПРО-005,Продукты,4,90,30.97
2025-09-13,ПРО-005,Продукты,7,83,30.97
2025-09-14,ПРО-005,Продукты,10,73,30.97
2025-09-15,ПРО-005,Продукты,4,106,30.97
2025-09-16,ПРО-005,Продукты,5,101,30.97
2025-09-17,ПРО-005,Продукты,11,90,30.97
2025-09-18,ПРО-005,Продукты,4,86,30.97
2025-09-19,ПРО-005,Продукты,7,79,30.97
2025-09-20,ПРО-005,Продукты,4,75,30.97
2025-09-21,ПРО-005,Продукты,8,67,30.97
2025-09-22,ПРО-005,Продукты,5,105,30.97
2025-09-23,ПРО-005,Продукты,7,98,30.97
2025-09-24,ПРО-005,Продукты,5,93,30.97
2025-09-25,ПРО-005,Продукты,6,87,30.97
2025-09-26,ПРО-005,Продукты,6,81,30.97
2025-09-27,ПРО-005,Продукты,13,68,30.97
2025-09-28,ПРО-005,Продукты,7,61,30.97
2025-09-29,ПРО-005,Продукты,2,108,30.97
2025-09-30,ПРО-005,Продукты,12,96,30.97
2025-10-01,ПРО-005,Продукты,5,91,30.97
2025-10-02,ПРО-005,Продукты,3,88,30.97
2025-10-03,ПРО-005,Продукты,3,85,30.97
2025-10-04,ПРО-005,Продукты,8,77,30.97
2025-10-05,ПРО-005,Продукты,9,68,30.97
2025-10-06,ПРО-005,Продукты,5,105,30.97
2025-10-07,ПРО-005,Продукты,5,100,30.97
2025-10-08,ПРО-005,Продукты,11,89,30.97
2025-10-09,ПРО-005,Продукты,3,86,30.97
2025-10-10,ПРО-005,Продукты,2,84,30.97
2025-10-11,ПРО-005,Продукты,5,79,30.97
2025-10-12,ПРО-005,Продукты,4,75,30.97
2025-10-13,ПРО-005,Продукты,4,106,30.97
2025-10-14,ПРО-005,Продукты,2,104,30.97
2025-10-15,ПРО-005,Продукты,4,100,30.97
2025-10-16,ПРО-005,Продукты,3,97,30.97
2025-10-17,ПРО-005,Продукты,8,89,30.97
2025-10-18,ПРО-005,Продукты,8,81,30.97
2025-10-19,ПРО-005,Продукты,4,77,30.97
2025-10-20,ПРО-005,Продукты,6,104,30.97
2025-10-21,ПРО-005,Продукты,7,97,30.97
2025-10-22,ПРО-005,Продукты,5,92,30.97
2025-10-23,ПРО-005,Продукты,3,89,30.97
2025-10-24,ПРО-005,Продукты,9,80,30.97
2025-10-25,ПРО-005,Продукты,4,76,30.97
2025-10-26,ПРО-005,Продукты,5,71,30.97
2025-10-27,ПРО-005,Продукты,4,106,30.97
2025-10-28,ПРО-005,Продукты,6,100,30.97
2025-10-29,ПРО-005,Продукты,4,96,30.97
2025-10-30,ПРО-005,Продукты,4,92,30.97
2025-10-31,ПРО-005,Продукты,3,89,30.97
2025-11-01,ПРО-005,Продукты,6,83,30.97
2025-11-02,ПРО-005,Продукты,2,81,30.97
2025-11-03,ПРО-005,Продукты,5,105,30.97
2025-11-04,ПРО-005,Продукты,6,99,30.97
2025-11-05,ПРО-005,Продукты,5,94,30.97
2025-11-06,ПРО-005,Продукты,2,92,30.97
2025-11-07,ПРО-005,Продукты,10,82,30.97
2025-11-08,ПРО-005,Продукты,7,75,30.97
2025-11-09,ПРО-005,Продукты,8,67,30.97
2025-11-10,ПРО-005,Продукты,1,109,30.97
2025-11-11,ПРО-005,Продукты,2,107,30.97
2025-11-12,ПРО-005,Продукты,7,100,30.97
2025-11-13,ПРО-005,Продукты,4,96,30.97
2025-11-14,ПРО-005,Продукты,6,90,30.97
2025-11-15,ПРО-005,Продукты,9,81,30.97
2025-11-16,ПРО-005,Продукты,5,76,30.97
2025-11-17,ПРО-005,Продукты,2,108,30.97
2025-11-18,ПРО-005,Продукты,1,107,30.97
2025-11-19,ПРО-005,Продукты,7,100,30.97
2025-11-20,ПРО-005,Продукты,2,98,30.97
2025-11-21,ПРО-005,Продукты,11,87,30.97
2025-11-22,ПРО-005,Продукты,12,75,30.97
2025-11-23,ПРО-005,Продукты,10,65,30.97
2025-11-24,ПРО-005,Продукты,6,104,30.97
2025-11-25,ПРО-005,Продукты,7,97,30.97
2025-11-26,ПРО-005,Продукты,1,96,30.97
2025-11-27,ПРО-005,Продукты,9,87,30.97
2025-11-28,ПРО-005,Продукты,5,82,30.97
2025-11-29,ПРО-005,Продукты,9,73,30.97
2025-11-30,ПРО-005,Продукты,7,66,30.97
2025-12-01,ПРО-005,Продукты,4,106,30.97
2025-12-02,ПРО-005,Продукты,2,104,30.97
2025-12-03,ПРО-005,Продукты,10,94,30.97
2025-12-04,ПРО-005,Продукты,3,91,30.97
2025-12-05,ПРО-005,Продукты,13,78,30.97
2025-12-06,ПРО-005,Продукты,7,71,30.97
2025-12-07,ПРО-005,Продукты,5,66,30.97
2025-12-08,ПРО-005,Продукты,6,104,30.97
2025-12-09,ПРО-005,Продукты,1,103,30.97
2025-12-10,ПРО-005,Продукты,2,101,30.97
2025-12-11,ПРО-005,Продукты,3,98,30.97
2025-12-12,ПРО-005,Продукты,2,96,30.97
2025-12-13,ПРО-005,Продукты,5,91,30.97
2025-12-14,ПРО-005,Продукты,4,87,30.97
2025-12-15,ПРО-005,Продукты,2,108,30.97
2025-12-16,ПРО-005,Продукты,8,100,30.97
2025-12-17,ПРО-005,Продукты,1,99,30.97
2025-12-18,ПРО-005,Продукты,7,92,30.97
2025-12-19,ПРО-005,Продукты,7,85,30.97
2025-12-20,ПРО-005,Продукты,11,74,30.97
2025-12-21,ПРО-005,Продукты,13,61,30.97
2025-12-22,ПРО-005,Продукты,3,107,30.97
2025-12-23,ПРО-005,Продукты,5,102,30.97
2025-12-24,ПРО-005,Продукты,1,101,30.97
2025-12-25,ПРО-005,Продукты,4,97,30.97
2025-12-26,ПРО-005,Продукты,4,93,30.97
2025-12-27,ПРО-005,Продукты,2,91,30.97
2025-12-28,ПРО-005,Продукты,4,87,30.97
2025-12-29,ПРО-005,Продукты,8,102,30.97
2025-12-30,ПРО-005,Продукты,11,91,30.97
2025-12-31,ПРО-005,Продукты,1,90,30.97
2026-01-01,ПРО-005,Продукты,11,79,30.97
2026-01-02,ПРО-005,Продукты,7,72,30.97
2026-01-03,ПРО-005,Продукты,6,66,30.97
2026-01-04,ПРО-005,Продукты,12,54,30.97
2026-01-05,ПРО-005,Продукты,10,100,30.97
2026-01-06,ПРО-005,Продукты,7,93,30.97
2026-01-07,ПРО-005,Продукты,4,89,30.97
2026-01-08,ПРО-005,Продукты,10,79,30.97
2026-01-09,ПРО-005,Продукты,4,75,30.97
2026-01-10,ПРО-005,Продукты,7,68,30.97
2026-01-11,ПРО-005,Продукты,8,60,30.97
2026-01-12,ПРО-005,Продукты,10,100,30.97
2026-01-13,ПРО-005,Продукты,7,93,30.97
2026-01-14,ПРО-005,Продукты,16,77,30.97
2026-01-15,ПРО-005,Продукты,4,73,30.97
2026-01-16,ПРО-005,Продукты,3,70,30.97
2026-01-17,ПРО-005,Продукты,9,61,30.97
2026-01-18,ПРО-005,Продукты,5,56,30.97
2026-01-19,ПРО-005,Продукты,4,106,30.97
2026-01-20,ПРО-005,Продукты,3,103,30.97
2026-01-21,ПРО-005,Продукты,6,97,30.97
2026-01-22,ПРО-005,Продукты,4,93,30.97
2026-01-23,ПРО-005,Продукты,7,86,30.97
2026-01-24,ПРО-005,Продукты,6,80,30.97
2026-01-25,ПРО-005,Продукты,3,77,30.97
2026-01-26,ПРО-005,Продукты,1,109,30.97
2026-01-27,ПРО-005,Продукты,7,102,30.97
2026-01-28,ПРО-005,Продукты,0,102,30.97
2026-01-29,ПРО-005,Продукты,11,91,30.97
2026-01-30,ПРО-005,Продукты,7,84,30.97
2026-01-31,ПРО-005,Продукты,1,83,30.97
2026-02-01,ПРО-005,Продукты,3,80,30.97
2026-02-02,ПРО-005,Продукты,9,101,30.97
2026-02-03,ПРО-005,Продукты,5,96,30.97
2026-02-04,ПРО-005,Продукты,1,95,30.97
2026-02-05,ПРО-005,Продукты,8,87,30.97
2026-02-06,ПРО-005,Продукты,6,81,30.97
2026-02-07,ПРО-005,Продукты,5,76,30.97
2026-02-08,ПРО-005,Продукты,3,73,30.97
2026-02-09,ПРО-005,Продукты,0,110,30.97
2026-02-10,ПРО-005,Продукты,7,103,30.97
2026-02-11,ПРО-005,Продукты,14,89,30.97
2026-02-12,ПРО-005,Продукты,1,88,30.97
2026-02-13,ПРО-005,Продукты,3,85,30.97
2026-02-14,ПРО-005,Продукты,6,79,30.97
2026-02-15,ПРО-005,Продукты,4,75,30.97
2026-02-16,ПРО-005,Продукты,4,106,30.97
2026-02-17,ПРО-005,Продукты,3,103,30.97
2026-02-18,ПРО-005,Продукты,4,99,30.97
2026-02-19,ПРО-005,Продукты,4,95,30.97
2026-02-20,ПРО-005,Продукты,7,88,30.97
2026-02-21,ПРО-005,Продукты,3,85,30.97
2026-02-22,ПРО-005,Продукты,11,74,30.97
2026-02-23,ПРО-005,Продукты,4,106,30.97
2026-02-24,ПРО-005,Продукты,5,101,30.97
2026-02-25,ПРО-005,Продукты,6,95,30.97
2026-02-26,ПРО-005,Продукты,4,91,30.97
2026-02-27,ПРО-005,Продукты,5,86,30.97
2026-02-28,ПРО-005,Продукты,6,80,30.97
2026-03-01,ПРО-005,Продукты,5,75,30.97
2026-03-02,ПРО-005,Продукты,1,109,30.97
2026-03-03,ПРО-005,Продукты,6,103,30.97
2026-03-04,ПРО-005,Продукты,8,95,30.97
2026-03-05,ПРО-005,Продукты,10,85,30.97
2026-03-06,ПРО-005,Продукты,7,78,30.97
2026-03-07,ПРО-005,Продукты,2,76,30.97
2026-03-08,ПРО-005,Продукты,7,69,30.97
2026-03-09,ПРО-005,Продукты,9,101,30.97
2026-03-10,ПРО-005,Продукты,8,93,30.97
2026-03-11,ПРО-005,Продукты,4,89,30.97
2026-03-12,ПРО-005,Продукты,6,83,30.97
2026-03-13,ПРО-005,Продукты,6,77,30.97
2026-03-14,ПРО-005,Продукты,17,60,30.97
2026-03-15,ПРО-005,Продукты,8,52,30.97
2026-03-16,ПРО-005,Продукты,6,104,30.97
2026-03-17,ПРО-005,Продукты,3,101,30.97
2026-03-18,ПРО-005,Продукты,3,98,30.97
2026-03-19,ПРО-005,Продукты,6,92,30.97
2026-03-20,ПРО-005,Продукты,4,88,30.97
2026-03-21,ПРО-005,Продукты,3,85,30.97
2026-03-22,ПРО-005,Продукты,18,67,30.97
2026-03-23,ПРО-005,Продукты,7,103,30.97
2026-03-24,ПРО-005,Продукты,8,95,30.97
2026-03-25,ПРО-005,Продукты,3,92,30.97
2026-03-26,ПРО-005,Продукты,7,85,30.97
2026-03-27,ПРО-005,Продукты,4,81,30.97
2026-03-28,ПРО-005,Продукты,9,72,30.97
2026-03-29,ПРО-005,Продукты,8,64,30.97
2026-03-30,ПРО-005,Продукты,3,107,30.97
2026-03-31,ПРО-005,Продукты,4,103,30.97
2026-04-01,ПРО-005,Продукты,0,103,30.97
2026-04-02,ПРО-005,Продукты,9,94,30.97
2026-04-03,ПРО-005,Продукты,5,89,30.97
2026-04-04,ПРО-005,Продукты,4,85,30.97
2026-04-05,ПРО-005,Продукты,4,81,30.97
2026-04-06,ПРО-005,Продукты,1,109,30.97
2026-04-07,ПРО-005,Продукты,5,104,30.97
2026-04-08,ПРО-005,Продукты,6,98,30.97
2026-04-09,ПРО-005,Продукты,8,90,30.97
2026-04-10,ПРО-005,Продукты,7,83,30.97
2026-04-11,ПРО-005,Продукты,14,69,30.97
2026-04-12,ПРО-005,Продукты,1,68,30.97
2026-04-13,ПРО-005,Продукты,7,103,30.97
2026-04-14,ПРО-005,Продукты,5,98,30.97
2026-04-15,ПРО-005,Продукты,5,93,30.97
2026-04-16,ПРО-005,Продукты,8,85,30.97
2026-04-17,ПРО-005,Продукты,4,81,30.97
2026-04-18,ПРО-005,Продукты,13,68,30.97
2026-04-19,ПРО-005,Продукты,7,61,30.97
2026-04-20,ПРО-005,Продукты,5,105,30.97
2026-04-21,ПРО-005,Продукты,11,94,30.97
2026-04-22,ПРО-005,Продукты,13,81,30.97
2026-04-23,ПРО-005,Продукты,8,73,30.97
2026-04-24,ПРО-005,Продукты,3,70,30.97
2026-04-25,ПРО-005,Продукты,8,62,30.97
2026-04-26,ПРО-005,Продукты,1,61,30.97
2026-04-27,ПРО-005,Продукты,5,105,30.97
2026-04-28,ПРО-005,Продукты,14,91,30.97
2026-04-29,ПРО-005,Продукты,5,86,30.97
2026-04-30,ПРО-005,Продукты,7,79,30.97
2026-05-01,ПРО-005,Продукты,2,77,30.97
2026-05-02,ПРО-005,Продукты,7,70,30.97
2026-05-03,ПРО-005,Продукты,10,60,30.97
2026-05-04,ПРО-005,Продукты,8,102,30.97
2026-05-05,ПРО-005,Продукты,10,92,30.97
2026-05-06,ПРО-005,Продукты,11,81,30.97
2026-05-07,ПРО-005,Продукты,7,74,30.97
2026-05-08,ПРО-005,Продукты,14,60,30.97
2026-05-09,ПРО-005,Продукты,2,58,30.97
2026-05-10,ПРО-005,Продукты,21,37,30.97
2026-05-11,ПРО-005,Продукты,11,99,30.97
2026-05-12,ПРО-005,Продукты,7,92,30.97
2026-05-13,ПРО-005,Продукты,12,80,30.97
2026-05-14,ПРО-005,Продукты,9,71,30.97
2026-05-15,ПРО-005,Продукты,11,60,30.97
2026-05-16,ПРО-005,Продукты,1,59,30.97
2026-05-17,ПРО-005,Продукты,14,45,30.97
2026-05-18,ПРО-005,Продукты,5,105,30.97
2026-05-19,ПРО-005,Продукты,14,91,30.97
2026-05-20,ПРО-005,Продукты,2,89,30.97
2026-05-21,ПРО-005,Продукты,14,75,30.97
2026-05-22,ПРО-005,Продукты,13,62,30.97
2026-05-23,ПРО-005,Продукты,20,42,30.97
2026-05-24,ПРО-005,Продукты,16,26,30.97
2026-05-25,ПРО-005,Продукты,13,97,30.97
2026-05-26,ПРО-005,Продукты,7,90,30.97
2026-05-27,ПРО-005,Продукты,13,77,30.97
2026-05-28,ПРО-005,Продукты,5,72,30.97
2026-05-29,ПРО-005,Продукты,12,60,30.97
2026-05-30,ПРО-005,Продукты,11,49,30.97
2026-05-31,ПРО-005,Продукты,7,42,30.97
2026-06-01,ПРО-005,Продукты,6,104,30.97
2026-06-02,ПРО-005,Продукты,6,98,30.97
2026-06-03,ПРО-005,Продукты,3,95,30.97
2026-06-04,ПРО-005,Продукты,9,86,30.97
2026-06-05,ПРО-005,Продукты,15,71,30.97
2026-06-06,ПРО-005,Продукты,18,53,30.97
2026-06-07,ПРО-005,Продукты,7,46,30.97
2026-06-08,ПРО-005,Продукты,8,102,30.97
2026-06-09,ПРО-005,Продукты,6,96,30.97
2026-06-10,ПРО-005,Продукты,4,92,30.97
2026-06-11,ПРО-005,Продукты,5,87,30.97
2026-06-12,ПРО-005,Продукты,21,66,30.97
2026-06-13,ПРО-005,Продукты,4,62,30.97
2026-06-14,ПРО-005,Продукты,5,57,30.97
2026-06-15,ПРО-005,Продукты,5,105,30.97
2026-06-16,ПРО-005,Продукты,3,102,30.97
2026-06-17,ПРО-005,Продукты,4,98,30.97
2026-06-18,ПРО-005,Продукты,6,92,30.97
2026-06-19,ПРО-005,Продукты,17,75,30.97
2026-06-20,ПРО-005,Продукты,14,61,30.97
2026-06-21,ПРО-005,Продукты,12,49,30.97
2026-06-22,ПРО-005,Продукты,13,97,30.97
2026-06-23,ПРО-005,Продукты,9,88,30.97
2026-06-24,ПРО-005,Продукты,12,76,30.97
2026-06-25,ПРО-005,Продукты,5,71,30.97
2026-06-26,ПРО-005,Продукты,12,59,30.97
2026-06-27,ПРО-005,Продукты,3,56,30.97
2026-06-28,ПРО-005,Продукты,1,55,30.97
2026-06-29,ПРО-005,Продукты,5,105,30.97
2026-06-30,ПРО-005,Продукты,4,101,30.97
2026-07-01,ПРО-005,Продукты,5,96,30.97
2026-07-02,ПРО-005,Продукты,4,92,30.97
2026-07-03,ПРО-005,Продукты,8,84,30.97
2026-07-04,ПРО-005,Продукты,12,72,30.97
2026-07-05,ПРО-005,Продукты,7,65,30.97
2026-07-06,ПРО-005,Продукты,5,105,30.97
2026-07-07,ПРО-005,Продукты,3,102,30.97
2026-07-08,ПРО-005,Продукты,7,95,30.97
2026-07-09,ПРО-005,Продукты,14,81,30.97
2026-07-10,ПРО-005,Продукты,3,78,30.97
2026-07-11,ПРО-005,Продукты,4,74,30.97
2026-07-12,ПРО-005,Продукты,7,67,30.97
2026-07-13,ПРО-005,Продукты,10,100,30.97
2026-07-14,ПРО-005,Продукты,9,91,30.97
2026-07-15,ПРО-005,Продукты,1,90,30.97
2026-07-16,ПРО-005,Продукты,6,84,30.97
2026-07-17,ПРО-005,Продукты,3,81,30.97
2026-07-18,ПРО-005,Продукты,13,68,30.97
2026-07-19,ПРО-005,Продукты,11,57,30.97
2026-07-20,ПРО-005,Продукты,5,105,30.97
2026-07-21,ПРО-005,Продукты,16,89,30.97
2026-07-22,ПРО-005,Продукты,8,81,30.97
2026-07-23,ПРО-005,Продукты,6,75,30.97
2026-07-24,ПРО-005,Продукты,7,68,30.97
2026-07-25,ПРО-005,Продукты,13,55,30.97
2026-07-26,ПРО-005,Продукты,9,46,30.97
2026-07-27,ПРО-005,Продукты,4,106,30.97
2026-07-28,ПРО-005,Продукты,10,96,30.97
2026-07-29,ПРО-005,Продукты,1,95,30.97
2026-07-30,ПРО-005,Продукты,4,91,30.97
2026-07-31,ПРО-005,Продукты,9,82,30.97
2026-08-01,ПРО-005,Продукты,8,74,30.97
2026-08-02,ПРО-005,Продукты,6,68,30.97
2026-08-03,ПРО-005,Продукты,10,100,30.97
2026-08-04,ПРО-005,Продукты,14,86,30.97
2026-08-05,ПРО-005,Продукты,13,73,30.97
2026-08-06,ПРО-005,Продукты,2,71,30.97
2026-08-07,ПРО-005,Продукты,9,62,30.97
2026-08-08,ПРО-005,Продукты,4,58,30.97
2026-08-09,ПРО-005,Продукты,6,52,30.97
2026-08-10,ПРО-005,Продукты,9,101,30.97
2026-08-11,ПРО-005,Продукты,12,89,30.97
2026-08-12,ПРО-005,Продукты,9,80,30.97
2026-08-13,ПРО-005,Продукты,3,77,30.97
2026-08-14,ПРО-005,Продукты,3,74,30.97
2026-08-15,ПРО-005,Продукты,13,61,30.97
2026-08-16,ПРО-005,Продукты,13,48,30.97
2026-08-17,ПРО-005,Продукты,2,108,30.97
2026-08-18,ПРО-005,Продукты,5,103,30.97
2026-08-19,ПРО-005,Продукты,4,99,30.97
2026-08-20,ПРО-005,Продукты,13,86,30.97
2026-08-21,ПРО-005,Продукты,4,82,30.97
2026-08-22,ПРО-005,Продукты,9,73,30.97
2026-08-23,ПРО-005,Продукты,6,67,30.97
2026-08-24,ПРО-005,Продукты,4,106,30.97
2026-08-25,ПРО-005,Продукты,3,103,30.97
2026-08-26,ПРО-005,Продукты,4,99,30.97
2026-08-27,ПРО-005,Продукты,4,95,30.97
2026-08-28,ПРО-005,Продукты,11,84,30.97
2026-08-29,ПРО-005,Продукты,17,67,30.97
2026-08-30,ПРО-005,Продукты,13,54,30.97
2026-08-31,ПРО-005,Продукты,2,108,30.97
2026-09-01,ПРО-005,Продукты,3,105,30.97
2026-09-02,ПРО-005,Продукты,9,96,30.97
2026-09-03,ПРО-005,Продукты,1,95,30.97
2026-09-04,ПРО-005,Продукты,5,90,30.97
2026-09-05,ПРО-005,Продукты,11,79,30.97
2026-09-06,ПРО-005,Продукты,12,67,30.97
2026-09-07,ПРО-005,Продукты,3,107,30.97
2026-09-08,ПРО-005,Продукты,7,100,30.97
2026-09-09,ПРО-005,Продукты,18,82,30.97
2026-09-10,ПРО-005,Продукты,4,78,30.97
2026-09-11,ПРО-005,Продукты,8,70,30.97
2026-09-12,ПРО-005,Продукты,8,62,30.97
2026-09-13,ПРО-005,Продукты,16,46,30.97
2026-09-14,ПРО-005,Продукты,3,107,30.97
2026-09-15,ПРО-005,Продукты,2,105,30.97
2026-09-16,ПРО-005,Продукты,13,92,30.97
2026-09-17,ПРО-005,Продукты,7,85,30.97
2026-09-18,ПРО-005,Продукты,2,83,30.97
2026-09-19,ПРО-005,Продукты,14,69,30.97
2026-09-20,ПРО-005,Продукты,5,64,30.97
2026-09-21,ПРО-005,Продукты,4,106,30.97
2026-09-22,ПРО-005,Продукты,4,102,30.97
2026-09-23,ПРО-005,Продукты,5,97,30.97
2026-09-24,ПРО-005,Продукты,3,94,30.97
2026-09-25,ПРО-005,Продукты,0,94,30.97
2026-09-26,ПРО-005,Продукты,4,90,30.97
2026-09-27,ПРО-005,Продукты,15,75,30.97
2026-09-28,ПРО-005,Продукты,3,107,30.97
2026-09-29,ПРО-005,Продукты,6,101,30.97
2026-09-30,ПРО-005,Продукты,1,100,30.97
2025-06-01,ПРО-006,Продукты,4,186,50.51
2025-06-02,ПРО-006,Продукты,11,232,50.51
2025-06-03,ПРО-006,Продукты,15,217,50.51
2025-06-04,ПРО-006,Продукты,33,184,50.51
2025-06-05,ПРО-006,Продукты,31,153,50.51
2025-06-06,ПРО-006,Продукты,20,133,50.51
2025-06-07,ПРО-006,Продукты,41,92,50.51
2025-06-08,ПРО-006,Продукты,40,52,50.51
2025-06-09,ПРО-006,Продукты,11,232,50.51
2025-06-10,ПРО-006,Продукты,10,222,50.51
2025-06-11,ПРО-006,Продукты,13,209,50.51
2025-06-12,ПРО-006,Продукты,17,192,50.51
2025-06-13,ПРО-006,Продукты,28,164,50.51
2025-06-14,ПРО-006,Продукты,20,144,50.51
2025-06-15,ПРО-006,Продукты,13,131,50.51
2025-06-16,ПРО-006,Продукты,9,234,50.51
2025-06-17,ПРО-006,Продукты,1,233,50.51
2025-06-18,ПРО-006,Продукты,17,216,50.51
2025-06-19,ПРО-006,Продукты,14,202,50.51
2025-06-20,ПРО-006,Продукты,13,189,50.51
2025-06-21,ПРО-006,Продукты,24,165,50.51
2025-06-22,ПРО-006,Продукты,4,161,50.51
2025-06-23,ПРО-006,Продукты,8,235,50.51
2025-06-24,ПРО-006,Продукты,14,221,50.51
2025-06-25,ПРО-006,Продукты,9,212,50.51
2025-06-26,ПРО-006,Продукты,10,202,50.51
2025-06-27,ПРО-006,Продукты,12,190,50.51
2025-06-28,ПРО-006,Продукты,18,172,50.51
2025-06-29,ПРО-006,Продукты,18,154,50.51
2025-06-30,ПРО-006,Продукты,16,227,50.51
2025-07-01,ПРО-006,Продукты,13,214,50.51
2025-07-02,ПРО-006,Продукты,21,193,50.51
2025-07-03,ПРО-006,Продукты,8,185,50.51
2025-07-04,ПРО-006,Продукты,22,163,50.51
2025-07-05,ПРО-006,Продукты,14,149,50.51
2025-07-06,ПРО-006,Продукты,13,136,50.51
2025-07-07,ПРО-006,Продукты,12,231,50.51
2025-07-08,ПРО-006,Продукты,20,211,50.51
2025-07-09,ПРО-006,Продукты,9,202,50.51
2025-07-10,ПРО-006,Продукты,8,194,50.51
2025-07-11,ПРО-006,Продукты,9,185,50.51
2025-07-12,ПРО-006,Продукты,9,176,50.51
2025-07-13,ПРО-006,Продукты,13,163,50.51
2025-07-14,ПРО-006,Продукты,6,237,50.51
2025-07-15,ПРО-006,Продукты,14,223,50.51
2025-07-16,ПРО-006,Продукты,22,201,50.51
2025-07-17,ПРО-006,Продукты,9,192,50.51
2025-07-18,ПРО-006,Продукты,36,156,50.51
2025-07-19,ПРО-006,Продукты,8,148,50.51
2025-07-20,ПРО-006,Продукты,15,133,50.51
2025-07-21,ПРО-006,Продукты,14,229,50.51
2025-07-22,ПРО-006,Продукты,12,217,50.51
2025-07-23,ПРО-006,Продукты,28,189,50.51
2025-07-24,ПРО-006,Продукты,9,180,50.51
2025-07-25,ПРО-006,Продукты,9,171,50.51
2025-07-26,ПРО-006,Продукты,18,153,50.51
2025-07-27,ПРО-006,Продукты,9,144,50.51
2025-07-28,ПРО-006,Продукты,5,238,50.51
2025-07-29,ПРО-006,Продукты,16,222,50.51
2025-07-30,ПРО-006,Продукты,15,207,50.51
2025-07-31,ПРО-006,Продукты,18,189,50.51
2025-08-01,ПРО-006,Продукты,19,170,50.51
2025-08-02,ПРО-006,Продукты,21,149,50.51
2025-08-03,ПРО-006,Продукты,12,137,50.51
2025-08-04,ПРО-006,Продукты,12,231,50.51
2025-08-05,ПРО-006,Продукты,21,210,50.51
2025-08-06,ПРО-006,Продукты,8,202,50.51
2025-08-07,ПРО-006,Продукты,9,193,50.51
2025-08-08,ПРО-006,Продукты,8,185,50.51
2025-08-09,ПРО-006,Продукты,15,170,50.51
2025-08-10,ПРО-006,Продукты,10,160,50.51
2025-08-11,ПРО-006,Продукты,18,225,50.51
2025-08-12,ПРО-006,Продукты,12,213,50.51
2025-08-13,ПРО-006,Продукты,13,200,50.51
2025-08-14,ПРО-006,Продукты,14,186,50.51
2025-08-15,ПРО-006,Продукты,24,162,50.51
2025-08-16,ПРО-006,Продукты,17,145,50.51
2025-08-17,ПРО-006,Продукты,27,118,50.51
2025-08-18,ПРО-006,Продукты,13,230,50.51
2025-08-19,ПРО-006,Продукты,8,222,50.51
2025-08-20,ПРО-006,Продукты,2,220,50.51
2025-08-21,ПРО-006,Продукты,23,197,50.51
2025-08-22,ПРО-006,Продукты,26,171,50.51
2025-08-23,ПРО-006,Продукты,25,146,50.51
2025-08-24,ПРО-006,Продукты,16,130,50.51
2025-08-25,ПРО-006,Продукты,25,218,50.51
2025-08-26,ПРО-006,Продукты,18,200,50.51
2025-08-27,ПРО-006,Продукты,12,188,50.51
2025-08-28,ПРО-006,Продукты,8,180,50.51
2025-08-29,ПРО-006,Продукты,22,158,50.51
2025-08-30,ПРО-006,Продукты,14,144,50.51
2025-08-31,ПРО-006,Продукты,46,98,50.51
2025-09-01,ПРО-006,Продукты,27,216,50.51
2025-09-02,ПРО-006,Продукты,10,206,50.51
2025-09-03,ПРО-006,Продукты,10,196,50.51
2025-09-04,ПРО-006,Продукты,5,191,50.51
2025-09-05,ПРО-006,Продукты,10,181,50.51
2025-09-06,ПРО-006,Продукты,34,147,50.51
2025-09-07,ПРО-006,Продукты,15,132,50.51
2025-09-08,ПРО-006,Продукты,8,235,50.51
2025-09-09,ПРО-006,Продукты,8,227,50.51
2025-09-10,ПРО-006,Продукты,9,218,50.51
2025-09-11,ПРО-006,Продукты,9,209,50.51
2025-09-12,ПРО-006,Продукты,9,200,50.51
2025-09-13,ПРО-006,Продукты,25,175,50.51
2025-09-14,ПРО-006,Продукты,25,150,50.51
2025-09-15,ПРО-006,Продукты,1,242,50.51
2025-09-16,ПРО-006,Продукты,8,234,50.51
2025-09-17,ПРО-006,Продукты,10,224,50.51
2025-09-18,ПРО-006,Продукты,8,216,50.51
2025-09-19,ПРО-006,Продукты,21,195,50.51
2025-09-20,ПРО-006,Продукты,27,168,50.51
2025-09-21,ПРО-006,Продукты,26,142,50.51
2025-09-22,ПРО-006,Продукты,9,234,50.51
2025-09-23,ПРО-006,Продукты,16,218,50.51
2025-09-24,ПРО-006,Продукты,10,208,50.51
2025-09-25,ПРО-006,Продукты,15,193,50.51
2025-09-26,ПРО-006,Продукты,13,180,50.51
2025-09-27,ПРО-006,Продукты,4,176,50.51
2025-09-28,ПРО-006,Продукты,17,159,50.51
2025-09-29,ПРО-006,Продукты,14,229,50.51
2025-09-30,ПРО-006,Продукты,26,203,50.51
2025-10-01,ПРО-006,Продукты,8,195,50.51
2025-10-02,ПРО-006,Продукты,11,184,50.51
2025-10-03,ПРО-006,Продукты,26,158,50.51
2025-10-04,ПРО-006,Продукты,19,139,50.51
2025-10-05,ПРО-006,Продукты,15,124,50.51
2025-10-06,ПРО-006,Продукты,11,232,50.51
2025-10-07,ПРО-006,Продукты,26,206,50.51
2025-10-08,ПРО-006,Продукты,15,191,50.51
2025-10-09,ПРО-006,Продукты,5,186,50.51
2025-10-10,ПРО-006,Продукты,15,171,50.51
2025-10-11,ПРО-006,Продукты,10,161,50.51
2025-10-12,ПРО-006,Продукты,24,137,50.51
2025-10-13,ПРО-006,Продукты,18,225,50.51
2025-10-14,ПРО-006,Продукты,5,220,50.51
2025-10-15,ПРО-006,Продукты,8,212,50.51
2025-10-16,ПРО-006,Продукты,12,200,50.51
2025-10-17,ПРО-006,Продукты,16,184,50.51
2025-10-18,ПРО-006,Продукты,3,181,50.51
2025-10-19,ПРО-006,Продукты,11,170,50.51
2025-10-20,ПРО-006,Продукты,11,232,50.51
2025-10-21,ПРО-006,Продукты,24,208,50.51
2025-10-22,ПРО-006,Продукты,7,201,50.51
2025-10-23,ПРО-006,Продукты,10,191,50.51
2025-10-24,ПРО-006,Продукты,11,180,50.51
2025-10-25,ПРО-006,Продукты,39,141,50.51
2025-10-26,ПРО-006,Продукты,8,133,50.51
2025-10-27,ПРО-006,Продукты,30,213,50.51
2025-10-28,ПРО-006,Продукты,12,201,50.51
2025-10-29,ПРО-006,Продукты,2,199,50.51
2025-10-30,ПРО-006,Продукты,15,184,50.51
2025-10-31,ПРО-006,Продукты,8,176,50.51
2025-11-01,ПРО-006,Продукты,26,150,50.51
2025-11-02,ПРО-006,Продукты,18,132,50.51
2025-11-03,ПРО-006,Продукты,22,221,50.51
2025-11-04,ПРО-006,Продукты,13,208,50.51
2025-11-05,ПРО-006,Продукты,5,203,50.51
2025-11-06,ПРО-006,Продукты,14,189,50.51
2025-11-07,ПРО-006,Продукты,3,186,50.51
2025-11-08,ПРО-006,Продукты,7,179,50.51
2025-11-09,ПРО-006,Продукты,10,169,50.51
2025-11-10,ПРО-006,Продукты,8,235,50.51
2025-11-11,ПРО-006,Продукты,11,224,50.51
2025-11-12,ПРО-006,Продукты,7,217,50.51
2025-11-13,ПРО-006,Продукты,8,209,50.51
2025-11-14,ПРО-006,Продукты,20,189,50.51
2025-11-15,ПРО-006,Продукты,19,170,50.51
2025-11-16,ПРО-006,Продукты,13,157,50.51
2025-11-17,ПРО-006,Продукты,10,233,50.51
2025-11-18,ПРО-006,Продукты,12,221,50.51
2025-11-19,ПРО-006,Продукты,12,209,50.51
2025-11-20,ПРО-006,Продукты,7,202,50.51
2025-11-21,ПРО-006,Продукты,1,201,50.51
2025-11-22,ПРО-006,Продукты,17,184,50.51
2025-11-23,ПРО-006,Продукты,25,159,50.51
2025-11-24,ПРО-006,Продукты,11,232,50.51
2025-11-25,ПРО-006,Продукты,13,219,50.51
2025-11-26,ПРО-006,Продукты,14,205,50.51
2025-11-27,ПРО-006,Продукты,7,198,50.51
2025-11-28,ПРО-006,Продукты,5,193,50.51
2025-11-29,ПРО-006,Продукты,1,192,50.51
2025-11-30,ПРО-006,Продукты,1,191,50.51
2025-12-01,ПРО-006,Продукты,21,222,50.51
2025-12-02,ПРО-006,Продукты,8,214,50.51
2025-12-03,ПРО-006,Продукты,11,203,50.51
2025-12-04,ПРО-006,Продукты,11,192,50.51
2025-12-05,ПРО-006,Продукты,34,158,50.51
2025-12-06,ПРО-006,Продукты,28,130,50.51
2025-12-07,ПРО-006,Продукты,16,114,50.51
2025-12-08,ПРО-006,Продукты,7,236,50.51
2025-12-09,ПРО-006,Продукты,14,222,50.51
2025-12-10,ПРО-006,Продукты,26,196,50.51
2025-12-11,ПРО-006,Продукты,27,169,50.51
2025-12-12,ПРО-006,Продукты,21,148,50.51
2025-12-13,ПРО-006,Продукты,11,137,50.51
2025-12-14,ПРО-006,Продукты,14,123,50.51
2025-12-15,ПРО-006,Продукты,6,237,50.51
2025-12-16,ПРО-006,Продукты,9,228,50.51
2025-12-17,ПРО-006,Продукты,9,219,50.51
2025-12-18,ПРО-006,Продукты,15,204,50.51
2025-12-19,ПРО-006,Продукты,4,200,50.51
2025-12-20,ПРО-006,Продукты,5,195,50.51
2025-12-21,ПРО-006,Продукты,23,172,50.51
2025-12-22,ПРО-006,Продукты,17,226,50.51
2025-12-23,ПРО-006,Продукты,4,222,50.51
2025-12-24,ПРО-006,Продукты,8,214,50.51
2025-12-25,ПРО-006,Продукты,7,207,50.51
2025-12-26,ПРО-006,Продукты,12,195,50.51
2025-12-27,ПРО-006,Продукты,12,183,50.51
2025-12-28,ПРО-006,Продукты,28,155,50.51
2025-12-29,ПРО-006,Продукты,9,234,50.51
2025-12-30,ПРО-006,Продукты,17,217,50.51
2025-12-31,ПРО-006,Продукты,11,206,50.51
2026-01-01,ПРО-006,Продукты,14,192,50.51
2026-01-02,ПРО-006,Продукты,14,178,50.51
2026-01-03,ПРО-006,Продукты,32,146,50.51
2026-01-04,ПРО-006,Продукты,11,135,50.51
2026-01-05,ПРО-006,Продукты,8,235,50.51
2026-01-06,ПРО-006,Продукты,15,220,50.51
2026-01-07,ПРО-006,Продукты,6,214,50.51
2026-01-08,ПРО-006,Продукты,11,203,50.51
2026-01-09,ПРО-006,Продукты,18,185,50.51
2026-01-10,ПРО-006,Продукты,21,164,50.51
2026-01-11,ПРО-006,Продукты,19,145,50.51
2026-01-12,ПРО-006,Продукты,10,233,50.51
2026-01-13,ПРО-006,Продукты,20,213,50.51
2026-01-14,ПРО-006,Продукты,28,185,50.51
2026-01-15,ПРО-006,Продукты,17,168,50.51
2026-01-16,ПРО-006,Продукты,12,156,50.51
2026-01-17,ПРО-006,Продукты,12,144,50.51
2026-01-18,ПРО-006,Продукты,21,123,50.51
2026-01-19,ПРО-006,Продукты,12,231,50.51
2026-01-20,ПРО-006,Продукты,3,228,50.51
2026-01-21,ПРО-006,Продукты,6,222,50.51
2026-01-22,ПРО-006,Продукты,2,220,50.51
2026-01-23,ПРО-006,Продукты,8,212,50.51
2026-01-24,ПРО-006,Продукты,6,206,50.51
2026-01-25,ПРО-006,Продукты,27,179,50.51
2026-01-26,ПРО-006,Продукты,3,240,50.51
2026-01-27,ПРО-006,Продукты,11,229,50.51
2026-01-28,ПРО-006,Продукты,12,217,50.51
2026-01-29,ПРО-006,Продукты,15,202,50.51
2026-01-30,ПРО-006,Продукты,13,189,50.51
2026-01-31,ПРО-006,Продукты,26,163,50.51
2026-02-01,ПРО-006,Продукты,20,143,50.51
2026-02-02,ПРО-006,Продукты,4,239,50.51
2026-02-03,ПРО-006,Продукты,13,226,50.51
2026-02-04,ПРО-006,Продукты,12,214,50.51
2026-02-05,ПРО-006,Продукты,17,197,50.51
2026-02-06,ПРО-006,Продукты,25,172,50.51
2026-02-07,ПРО-006,Продукты,16,156,50.51
2026-02-08,ПРО-006,Продукты,21,135,50.51
2026-02-09,ПРО-006,Продукты,9,234,50.51
2026-02-10,ПРО-006,Продукты,34,200,50.51
2026-02-11,ПРО-006,Продукты,13,187,50.51
2026-02-12,ПРО-006,Продукты,18,169,50.51
2026-02-13,ПРО-006,Продукты,13,156,50.51
2026-02-14,ПРО-006,Продукты,22,134,50.51
2026-02-15,ПРО-006,Продукты,28,106,50.51
2026-02-16,ПРО-006,Продукты,9,234,50.51
2026-02-17,ПРО-006,Продукты,16,218,50.51
2026-02-18,ПРО-006,Продукты,19,199,50.51
2026-02-19,ПРО-006,Продукты,16,183,50.51
2026-02-20,ПРО-006,Продукты,11,172,50.51
2026-02-21,ПРО-006,Продукты,12,160,50.51
2026-02-22,ПРО-006,Продукты,20,140,50.51
2026-02-23,ПРО-006,Продукты,16,227,50.51
2026-02-24,ПРО-006,Продукты,8,219,50.51
2026-02-25,ПРО-006,Продукты,12,207,50.51
2026-02-26,ПРО-006,Продукты,15,192,50.51
2026-02-27,ПРО-006,Продукты,11,181,50.51
2026-02-28,ПРО-006,Продукты,11,170,50.51
2026-03-01,ПРО-006,Продукты,10,160,50.51
2026-03-02,ПРО-006,Продукты,13,230,50.51
2026-03-03,ПРО-006,Продукты,19,211,50.51
2026-03-04,ПРО-006,Продукты,9,202,50.51
2026-03-05,ПРО-006,Продукты,11,191,50.51
2026-03-06,ПРО-006,Продукты,15,176,50.51
2026-03-07,ПРО-006,Продукты,18,158,50.51
2026-03-08,ПРО-006,Продукты,12,146,50.51
2026-03-09,ПРО-006,Продукты,17,226,50.51
2026-03-10,ПРО-006,Продукты,7,219,50.51
2026-03-11,ПРО-006,Продукты,15,204,50.51
2026-03-12,ПРО-006,Продукты,11,193,50.51
2026-03-13,ПРО-006,Продукты,8,185,50.51
2026-03-14,ПРО-006,Продукты,14,171,50.51
2026-03-15,ПРО-006,Продукты,13,158,50.51
2026-03-16,ПРО-006,Продукты,12,231,50.51
2026-03-17,ПРО-006,Продукты,8,223,50.51
2026-03-18,ПРО-006,Продукты,7,216,50.51
2026-03-19,ПРО-006,Продукты,13,203,50.51
2026-03-20,ПРО-006,Продукты,13,190,50.51
2026-03-21,ПРО-006,Продукты,34,156,50.51
2026-03-22,ПРО-006,Продукты,24,132,50.51
2026-03-23,ПРО-006,Продукты,9,234,50.51
2026-03-24,ПРО-006,Продукты,18,216,50.51
2026-03-25,ПРО-006,Продукты,30,186,50.51
2026-03-26,ПРО-006,Продукты,7,179,50.51
2026-03-27,ПРО-006,Продукты,10,169,50.51
2026-03-28,ПРО-006,Продукты,8,161,50.51
2026-03-29,ПРО-006,Продукты,11,150,50.51
2026-03-30,ПРО-006,Продукты,30,213,50.51
2026-03-31,ПРО-006,Продукты,16,197,50.51
2026-04-01,ПРО-006,Продукты,15,182,50.51
2026-04-02,ПРО-006,Продукты,7,175,50.51
2026-04-03,ПРО-006,Продукты,7,168,50.51
2026-04-04,ПРО-006,Продукты,10,158,50.51
2026-04-05,ПРО-006,Продукты,29,129,50.51
2026-04-06,ПРО-006,Продукты,8,235,50.51
2026-04-07,ПРО-006,Продукты,15,220,50.51
2026-04-08,ПРО-006,Продукты,18,202,50.51
2026-04-09,ПРО-006,Продукты,9,193,50.51
2026-04-10,ПРО-006,Продукты,0,0,50.51
2026-04-11,ПРО-006,Продукты,0,0,50.51
2026-04-12,ПРО-006,Продукты,0,0,50.51
2026-04-13,ПРО-006,Продукты,0,0,50.51
2026-04-14,ПРО-006,Продукты,0,0,50.51
2026-04-15,ПРО-006,Продукты,0,0,50.51
2026-04-16,ПРО-006,Продукты,0,0,50.51
2026-04-17,ПРО-006,Продукты,0,0,50.51
2026-04-18,ПРО-006,Продукты,0,0,50.51
2026-04-19,ПРО-006,Продукты,0,0,50.51
2026-04-20,ПРО-006,Продукты,0,0,50.51
2026-04-21,ПРО-006,Продукты,0,0,50.51
2026-04-22,ПРО-006,Продукты,0,0,50.51
2026-04-23,ПРО-006,Продукты,0,0,50.51
2026-04-24,ПРО-006,Продукты,0,0,50.51
2026-04-25,ПРО-006,Продукты,0,0,50.51
2026-04-26,ПРО-006,Продукты,0,0,50.51
2026-04-27,ПРО-006,Продукты,0,0,50.51
2026-04-28,ПРО-006,Продукты,0,0,50.51
2026-04-29,ПРО-006,Продукты,0,0,50.51
2026-04-30,ПРО-006,Продукты,0,0,50.51
2026-05-01,ПРО-006,Продукты,0,0,50.51
2026-05-02,ПРО-006,Продукты,0,0,50.51
2026-05-03,ПРО-006,Продукты,0,0,50.51
2026-05-04,ПРО-006,Продукты,17,226,50.51
2026-05-05,ПРО-006,Продукты,21,205,50.51
2026-05-06,ПРО-006,Продукты,29,176,50.51
2026-05-07,ПРО-006,Продукты,7,169,50.51
2026-05-08,ПРО-006,Продукты,6,163,50.51
2026-05-09,ПРО-006,Продукты,15,148,50.51
2026-05-10,ПРО-006,Продукты,44,104,50.51
2026-05-11,ПРО-006,Продукты,4,239,50.51
2026-05-12,ПРО-006,Продукты,12,227,50.51
2026-05-13,ПРО-006,Продукты,24,203,50.51
2026-05-14,ПРО-006,Продукты,10,193,50.51
2026-05-15,ПРО-006,Продукты,25,168,50.51
2026-05-16,ПРО-006,Продукты,21,147,50.51
2026-05-17,ПРО-006,Продукты,29,118,50.51
2026-05-18,ПРО-006,Продукты,14,229,50.51
2026-05-19,ПРО-006,Продукты,13,216,50.51
2026-05-20,ПРО-006,Продукты,17,199,50.51
2026-05-21,ПРО-006,Продукты,7,192,50.51
2026-05-22,ПРО-006,Продукты,2,190,50.51
2026-05-23,ПРО-006,Продукты,22,168,50.51
2026-05-24,ПРО-006,Продукты,12,156,50.51
2026-05-25,ПРО-006,Продукты,34,209,50.51
2026-05-26,ПРО-006,Продукты,11,198,50.51
2026-05-27,ПРО-006,Продукты,4,194,50.51
2026-05-28,ПРО-006,Продукты,20,174,50.51
2026-05-29,ПРО-006,Продукты,11,163,50.51
2026-05-30,ПРО-006,Продукты,39,124,50.51
2026-05-31,ПРО-006,Продукты,37,87,50.51
2026-06-01,ПРО-006,Продукты,26,217,50.51
2026-06-02,ПРО-006,Продукты,9,208,50.51
2026-06-03,ПРО-006,Продукты,24,184,50.51
2026-06-04,ПРО-006,Продукты,13,171,50.51
2026-06-05,ПРО-006,Продукты,15,156,50.51
2026-06-06,ПРО-006,Продукты,9,147,50.51
2026-06-07,ПРО-006,Продукты,17,130,50.51
2026-06-08,ПРО-006,Продукты,15,228,50.51
2026-06-09,ПРО-006,Продукты,15,213,50.51
2026-06-10,ПРО-006,Продукты,5,208,50.51
2026-06-11,ПРО-006,Продукты,6,202,50.51
2026-06-12,ПРО-006,Продукты,11,191,50.51
2026-06-13,ПРО-006,Продукты,8,183,50.51
2026-06-14,ПРО-006,Продукты,23,160,50.51
2026-06-15,ПРО-006,Продукты,10,233,50.51
2026-06-16,ПРО-006,Продукты,6,227,50.51
2026-06-17,ПРО-006,Продукты,8,219,50.51
2026-06-18,ПРО-006,Продукты,7,212,50.51
2026-06-19,ПРО-006,Продукты,25,187,50.51
2026-06-20,ПРО-006,Продукты,29,158,50.51
2026-06-21,ПРО-006,Продукты,2,156,50.51
2026-06-22,ПРО-006,Продукты,34,209,50.51
2026-06-23,ПРО-006,Продукты,6,203,50.51
2026-06-24,ПРО-006,Продукты,16,187,50.51
2026-06-25,ПРО-006,Продукты,17,170,50.51
2026-06-26,ПРО-006,Продукты,15,155,50.51
2026-06-27,ПРО-006,Продукты,21,134,50.51
2026-06-28,ПРО-006,Продукты,17,117,50.51
2026-06-29,ПРО-006,Продукты,15,228,50.51
2026-06-30,ПРО-006,Продукты,5,223,50.51
2026-07-01,ПРО-006,Продукты,16,207,50.51
2026-07-02,ПРО-006,Продукты,3,204,50.51
2026-07-03,ПРО-006,Продукты,5,199,50.51
2026-07-04,ПРО-006,Продукты,21,178,50.51
2026-07-05,ПРО-006,Продукты,34,144,50.51
2026-07-06,ПРО-006,Продукты,28,215,50.51
2026-07-07,ПРО-006,Продукты,25,190,50.51
2026-07-08,ПРО-006,Продукты,10,180,50.51
2026-07-09,ПРО-006,Продукты,13,167,50.51
2026-07-10,ПРО-006,Продукты,35,132,50.51
2026-07-11,ПРО-006,Продукты,17,115,50.51
2026-07-12,ПРО-006,Продукты,8,107,50.51
2026-07-13,ПРО-006,Продукты,27,216,50.51
2026-07-14,ПРО-006,Продукты,6,210,50.51
2026-07-15,ПРО-006,Продукты,11,199,50.51
2026-07-16,ПРО-006,Продукты,18,181,50.51
2026-07-17,ПРО-006,Продукты,19,162,50.51
2026-07-18,ПРО-006,Продукты,45,117,50.51
2026-07-19,ПРО-006,Продукты,20,97,50.51
2026-07-20,ПРО-006,Продукты,13,230,50.51
2026-07-21,ПРО-006,Продукты,13,217,50.51
2026-07-22,ПРО-006,Продукты,16,201,50.51
2026-07-23,ПРО-006,Продукты,1,200,50.51
2026-07-24,ПРО-006,Продукты,18,182,50.51
2026-07-25,ПРО-006,Продукты,22,160,50.51
2026-07-26,ПРО-006,Продукты,24,136,50.51
2026-07-27,ПРО-006,Продукты,2,241,50.51
2026-07-28,ПРО-006,Продукты,20,221,50.51
2026-07-29,ПРО-006,Продукты,9,212,50.51
2026-07-30,ПРО-006,Продукты,26,186,50.51
2026-07-31,ПРО-006,Продукты,10,176,50.51
2026-08-01,ПРО-006,Продукты,28,148,50.51
2026-08-02,ПРО-006,Продукты,12,136,50.51
2026-08-03,ПРО-006,Продукты,12,231,50.51
2026-08-04,ПРО-006,Продукты,9,222,50.51
2026-08-05,ПРО-006,Продукты,20,202,50.51
2026-08-06,ПРО-006,Продукты,8,194,50.51
2026-08-07,ПРО-006,Продукты,51,143,50.51
2026-08-08,ПРО-006,Продукты,25,118,50.51
2026-08-09,ПРО-006,Продукты,17,101,50.51
2026-08-10,ПРО-006,Продукты,20,223,50.51
2026-08-11,ПРО-006,Продукты,13,210,50.51
2026-08-12,ПРО-006,Продукты,28,182,50.51
2026-08-13,ПРО-006,Продукты,9,173,50.51
2026-08-14,ПРО-006,Продукты,14,159,50.51
2026-08-15,ПРО-006,Продукты,14,145,50.51
2026-08-16,ПРО-006,Продукты,11,134,50.51
2026-08-17,ПРО-006,Продукты,15,228,50.51
2026-08-18,ПРО-006,Продукты,17,211,50.51
2026-08-19,ПРО-006,Продукты,14,197,50.51
2026-08-20,ПРО-006,Продукты,19,178,50.51
2026-08-21,ПРО-006,Продукты,15,163,50.51
2026-08-22,ПРО-006,Продукты,11,152,50.51
2026-08-23,ПРО-006,Продукты,19,133,50.51
2026-08-24,ПРО-006,Продукты,6,237,50.51
2026-08-25,ПРО-006,Продукты,25,212,50.51
2026-08-26,ПРО-006,Продукты,10,202,50.51
2026-08-27,ПРО-006,Продукты,22,180,50.51
2026-08-28,ПРО-006,Продукты,22,158,50.51
2026-08-29,ПРО-006,Продукты,50,108,50.51
2026-08-30,ПРО-006,Продукты,42,66,50.51
2026-08-31,ПРО-006,Продукты,15,228,50.51
2026-09-01,ПРО-006,Продукты,7,221,50.51
2026-09-02,ПРО-006,Продукты,17,204,50.51
2026-09-03,ПРО-006,Продукты,27,177,50.51
2026-09-04,ПРО-006,Продукты,13,164,50.51
2026-09-05,ПРО-006,Продукты,7,157,50.51
2026-09-06,ПРО-006,Продукты,26,131,50.51
2026-09-07,ПРО-006,Продукты,7,236,50.51
2026-09-08,ПРО-006,Продукты,16,220,50.51
2026-09-09,ПРО-006,Продукты,30,190,50.51
2026-09-10,ПРО-006,Продукты,7,183,50.51
2026-09-11,ПРО-006,Продукты,15,168,50.51
2026-09-12,ПРО-006,Продукты,21,147,50.51
2026-09-13,ПРО-006,Продукты,11,136,50.51
2026-09-14,ПРО-006,Продукты,8,235,50.51
2026-09-15,ПРО-006,Продукты,13,222,50.51
2026-09-16,ПРО-006,Продукты,14,208,50.51
2026-09-17,ПРО-006,Продукты,35,173,50.51
2026-09-18,ПРО-006,Продукты,10,163,50.51
2026-09-19,ПРО-006,Продукты,18,145,50.51
2026-09-20,ПРО-006,Продукты,15,130,50.51
2026-09-21,ПРО-006,Продукты,30,213,50.51
2026-09-22,ПРО-006,Продукты,16,197,50.51
2026-09-23,ПРО-006,Продукты,15,182,50.51
2026-09-24,ПРО-006,Продукты,10,172,50.51
2026-09-25,ПРО-006,Продукты,14,158,50.51
2026-09-26,ПРО-006,Продукты,28,130,50.51
2026-09-27,ПРО-006,Продукты,24,106,50.51
2026-09-28,ПРО-006,Продукты,20,223,50.51
2026-09-29,ПРО-006,Продукты,18,205,50.51
2026-09-30,ПРО-006,Продукты,13,192,50.51
2025-06-01,ПРО-007,Продукты,18,76,56.1
2025-06-02,ПРО-007,Продукты,9,109,56.1
2025-06-03,ПРО-007,Продукты,8,101,56.1
2025-06-04,ПРО-007,Продукты,8,93,56.1
2025-06-05,ПРО-007,Продукты,5,88,56.1
2025-06-06,ПРО-007,Продукты,9,79,56.1
2025-06-07,ПРО-007,Продукты,9,70,56.1
2025-06-08,ПРО-007,Продукты,6,64,56.1
2025-06-09,ПРО-007,Продукты,7,111,56.1
2025-06-10,ПРО-007,Продукты,5,106,56.1
2025-06-11,ПРО-007,Продукты,8,98,56.1
2025-06-12,ПРО-007,Продукты,9,89,56.1
2025-06-13,ПРО-007,Продукты,3,86,56.1
2025-06-14,ПРО-007,Продукты,13,73,56.1
2025-06-15,ПРО-007,Продукты,10,63,56.1
2025-06-16,ПРО-007,Продукты,10,108,56.1
2025-06-17,ПРО-007,Продукты,14,94,56.1
2025-06-18,ПРО-007,Продукты,6,88,56.1
2025-06-19,ПРО-007,Продукты,8,80,56.1
2025-06-20,ПРО-007,Продукты,2,78,56.1
2025-06-21,ПРО-007,Продукты,4,74,56.1
2025-06-22,ПРО-007,Продукты,4,70,56.1
2025-06-23,ПРО-007,Продукты,6,112,56.1
2025-06-24,ПРО-007,Продукты,4,108,56.1
2025-06-25,ПРО-007,Продукты,1,107,56.1
2025-06-26,ПРО-007,Продукты,5,102,56.1
2025-06-27,ПРО-007,Продукты,8,94,56.1
2025-06-28,ПРО-007,Продукты,12,82,56.1
2025-06-29,ПРО-007,Продукты,12,70,56.1
2025-06-30,ПРО-007,Продукты,4,114,56.1
2025-07-01,ПРО-007,Продукты,2,112,56.1
2025-07-02,ПРО-007,Продукты,5,107,56.1
2025-07-03,ПРО-007,Продукты,10,97,56.1
2025-07-04,ПРО-007,Продукты,5,92,56.1
2025-07-05,ПРО-007,Продукты,6,86,56.1
2025-07-06,ПРО-007,Продукты,9,77,56.1
2025-07-07,ПРО-007,Продукты,7,111,56.1
2025-07-08,ПРО-007,Продукты,5,106,56.1
2025-07-09,ПРО-007,Продукты,4,102,56.1
2025-07-10,ПРО-007,Продукты,4,98,56.1
2025-07-11,ПРО-007,Продукты,3,95,56.1
2025-07-12,ПРО-007,Продукты,13,82,56.1
2025-07-13,ПРО-007,Продукты,5,77,56.1
2025-07-14,ПРО-007,Продукты,5,113,56.1
2025-07-15,ПРО-007,Продукты,8,105,56.1
2025-07-16,ПРО-007,Продукты,6,99,56.1
2025-07-17,ПРО-007,Продукты,2,97,56.1
2025-07-18,ПРО-007,Продукты,6,91,56.1
2025-07-19,ПРО-007,Продукты,10,81,56.1
2025-07-20,ПРО-007,Продукты,6,75,56.1
2025-07-21,ПРО-007,Продукты,13,105,56.1
2025-07-22,ПРО-007,Продукты,8,97,56.1
2025-07-23,ПРО-007,Продукты,11,86,56.1
2025-07-24,ПРО-007,Продукты,1,85,56.1
2025-07-25,ПРО-007,Продукты,10,75,56.1
2025-07-26,ПРО-007,Продукты,3,72,56.1
2025-07-27,ПРО-007,Продукты,8,64,56.1
2025-07-28,ПРО-007,Продукты,7,111,56.1
2025-07-29,ПРО-007,Продукты,7,104,56.1
2025-07-30,ПРО-007,Продукты,6,98,56.1
2025-07-31,ПРО-007,Продукты,7,91,56.1
2025-08-01,ПРО-007,Продукты,12,79,56.1
2025-08-02,ПРО-007,Продукты,12,67,56.1
2025-08-03,ПРО-007,Продукты,3,64,56.1
2025-08-04,ПРО-007,Продукты,13,105,56.1
2025-08-05,ПРО-007,Продукты,12,93,56.1
2025-08-06,ПРО-007,Продукты,1,92,56.1
2025-08-07,ПРО-007,Продукты,2,90,56.1
2025-08-08,ПРО-007,Продукты,8,82,56.1
2025-08-09,ПРО-007,Продукты,9,73,56.1
2025-08-10,ПРО-007,Продукты,6,67,56.1
2025-08-11,ПРО-007,Продукты,4,114,56.1
2025-08-12,ПРО-007,Продукты,7,107,56.1
2025-08-13,ПРО-007,Продукты,2,105,56.1
2025-08-14,ПРО-007,Продукты,6,99,56.1
2025-08-15,ПРО-007,Продукты,2,97,56.1
2025-08-16,ПРО-007,Продукты,10,87,56.1
2025-08-17,ПРО-007,Продукты,8,79,56.1
2025-08-18,ПРО-007,Продукты,0,118,56.1
2025-08-19,ПРО-007,Продукты,6,112,56.1
2025-08-20,ПРО-007,Продукты,5,107,56.1
2025-08-21,ПРО-007,Продукты,13,94,56.1
2025-08-22,ПРО-007,Продукты,11,83,56.1
2025-08-23,ПРО-007,Продукты,4,79,56.1
2025-08-24,ПРО-007,Продукты,4,75,56.1
2025-08-25,ПРО-007,Продукты,7,111,56.1
2025-08-26,ПРО-007,Продукты,2,109,56.1
2025-08-27,ПРО-007,Продукты,2,107,56.1
2025-08-28,ПРО-007,Продукты,0,107,56.1
2025-08-29,ПРО-007,Продукты,6,101,56.1
2025-08-30,ПРО-007,Продукты,11,90,56.1
2025-08-31,ПРО-007,Продукты,2,88,56.1
2025-09-01,ПРО-007,Продукты,1,117,56.1
2025-09-02,ПРО-007,Продукты,1,116,56.1
2025-09-03,ПРО-007,Продукты,6,110,56.1
2025-09-04,ПРО-007,Продукты,2,108,56.1
2025-09-05,ПРО-007,Продукты,9,99,56.1
2025-09-06,ПРО-007,Продукты,12,87,56.1
2025-09-07,ПРО-007,Продукты,6,81,56.1
2025-09-08,ПРО-007,Продукты,3,115,56.1
2025-09-09,ПРО-007,Продукты,5,110,56.1
2025-09-10,ПРО-007,Продукты,7,103,56.1
2025-09-11,ПРО-007,Продукты,5,98,56.1
2025-09-12,ПРО-007,Продукты,5,93,56.1
2025-09-13,ПРО-007,Продукты,7,86,56.1
2025-09-14,ПРО-007,Продукты,3,83,56.1
2025-09-15,ПРО-007,Продукты,10,108,56.1
2025-09-16,ПРО-007,Продукты,9,99,56.1
2025-09-17,ПРО-007,Продукты,4,95,56.1
2025-09-18,ПРО-007,Продукты,12,83,56.1
2025-09-19,ПРО-007,Продукты,10,73,56.1
2025-09-20,ПРО-007,Продукты,5,68,56.1
2025-09-21,ПРО-007,Продукты,8,60,56.1
2025-09-22,ПРО-007,Продукты,1,117,56.1
2025-09-23,ПРО-007,Продукты,3,114,56.1
2025-09-24,ПРО-007,Продукты,4,110,56.1
2025-09-25,ПРО-007,Продукты,8,102,56.1
2025-09-26,ПРО-007,Продукты,4,98,56.1
2025-09-27,ПРО-007,Продукты,8,90,56.1
2025-09-28,ПРО-007,Продукты,14,76,56.1
2025-09-29,ПРО-007,Продукты,3,115,56.1
2025-09-30,ПРО-007,Продукты,13,102,56.1
2025-10-01,ПРО-007,Продукты,3,99,56.1
2025-10-02,ПРО-007,Продукты,1,98,56.1
2025-10-03,ПРО-007,Продукты,9,89,56.1
2025-10-04,ПРО-007,Продукты,6,83,56.1
2025-10-05,ПРО-007,Продукты,5,78,56.1
2025-10-06,ПРО-007,Продукты,6,112,56.1
2025-10-07,ПРО-007,Продукты,7,105,56.1
2025-10-08,ПРО-007,Продукты,4,101,56.1
2025-10-09,ПРО-007,Продукты,2,99,56.1
2025-10-10,ПРО-007,Продукты,14,85,56.1
2025-10-11,ПРО-007,Продукты,4,81,56.1
2025-10-12,ПРО-007,Продукты,7,74,56.1
2025-10-13,ПРО-007,Продукты,8,110,56.1
2025-10-14,ПРО-007,Продукты,8,102,56.1
2025-10-15,ПРО-007,Продукты,11,91,56.1
2025-10-16,ПРО-007,Продукты,6,85,56.1
2025-10-17,ПРО-007,Продукты,4,81,56.1
2025-10-18,ПРО-007,Продукты,11,70,56.1
2025-10-19,ПРО-007,Продукты,13,57,56.1
2025-10-20,ПРО-007,Продукты,12,106,56.1
2025-10-21,ПРО-007,Продукты,0,106,56.1
2025-10-22,ПРО-007,Продукты,12,94,56.1
2025-10-23,ПРО-007,Продукты,7,87,56.1
2025-10-24,ПРО-007,Продукты,2,85,56.1
2025-10-25,ПРО-007,Продукты,7,78,56.1
2025-10-26,ПРО-007,Продукты,4,74,56.1
2025-10-27,ПРО-007,Продукты,8,110,56.1
2025-10-28,ПРО-007,Продукты,2,108,56.1
2025-10-29,ПРО-007,Продукты,4,104,56.1
2025-10-30,ПРО-007,Продукты,5,99,56.1
2025-10-31,ПРО-007,Продукты,12,87,56.1
2025-11-01,ПРО-007,Продукты,5,82,56.1
2025-11-02,ПРО-007,Продукты,11,71,56.1
2025-11-03,ПРО-007,Продукты,7,111,56.1
2025-11-04,ПРО-007,Продукты,2,109,56.1
2025-11-05,ПРО-007,Продукты,13,96,56.1
2025-11-06,ПРО-007,Продукты,5,91,56.1
2025-11-07,ПРО-007,Продукты,15,76,56.1
2025-11-08,ПРО-007,Продукты,1,75,56.1
2025-11-09,ПРО-007,Продукты,6,69,56.1
2025-11-10,ПРО-007,Продукты,11,107,56.1
2025-11-11,ПРО-007,Продукты,8,99,56.1
2025-11-12,ПРО-007,Продукты,2,97,56.1
2025-11-13,ПРО-007,Продукты,12,85,56.1
2025-11-14,ПРО-007,Продукты,8,77,56.1
2025-11-15,ПРО-007,Продукты,7,70,56.1
2025-11-16,ПРО-007,Продукты,11,59,56.1
2025-11-17,ПРО-007,Продукты,4,114,56.1
2025-11-18,ПРО-007,Продукты,4,110,56.1
2025-11-19,ПРО-007,Продукты,4,106,56.1
2025-11-20,ПРО-007,Продукты,0,106,56.1
2025-11-21,ПРО-007,Продукты,14,92,56.1
2025-11-22,ПРО-007,Продукты,6,86,56.1
2025-11-23,ПРО-007,Продукты,17,69,56.1
2025-11-24,ПРО-007,Продукты,9,109,56.1
2025-11-25,ПРО-007,Продукты,3,106,56.1
2025-11-26,ПРО-007,Продукты,13,93,56.1
2025-11-27,ПРО-007,Продукты,16,77,56.1
2025-11-28,ПРО-007,Продукты,3,74,56.1
2025-11-29,ПРО-007,Продукты,7,67,56.1
2025-11-30,ПРО-007,Продукты,4,63,56.1
2025-12-01,ПРО-007,Продукты,4,114,56.1
2025-12-02,ПРО-007,Продукты,8,106,56.1
2025-12-03,ПРО-007,Продукты,2,104,56.1
2025-12-04,ПРО-007,Продукты,1,103,56.1
2025-12-05,ПРО-007,Продукты,4,99,56.1
2025-12-06,ПРО-007,Продукты,8,91,56.1
2025-12-07,ПРО-007,Продукты,5,86,56.1
2025-12-08,ПРО-007,Продукты,1,117,56.1
2025-12-09,ПРО-007,Продукты,10,107,56.1
2025-12-10,ПРО-007,Продукты,2,105,56.1
2025-12-11,ПРО-007,Продукты,6,99,56.1
2025-12-12,ПРО-007,Продукты,7,92,56.1
2025-12-13,ПРО-007,Продукты,6,86,56.1
2025-12-14,ПРО-007,Продукты,12,74,56.1
2025-12-15,ПРО-007,Продукты,2,116,56.1
2025-12-16,ПРО-007,Продукты,2,114,56.1
2025-12-17,ПРО-007,Продукты,7,107,56.1
2025-12-18,ПРО-007,Продукты,7,100,56.1
2025-12-19,ПРО-007,Продукты,7,93,56.1
2025-12-20,ПРО-007,Продукты,11,82,56.1
2025-12-21,ПРО-007,Продукты,7,75,56.1
2025-12-22,ПРО-007,Продукты,2,116,56.1
2025-12-23,ПРО-007,Продукты,10,106,56.1
2025-12-24,ПРО-007,Продукты,0,106,56.1
2025-12-25,ПРО-007,Продукты,7,99,56.1
2025-12-26,ПРО-007,Продукты,12,87,56.1
2025-12-27,ПРО-007,Продукты,3,84,56.1
2025-12-28,ПРО-007,Продукты,5,79,56.1
2025-12-29,ПРО-007,Продукты,3,115,56.1
2025-12-30,ПРО-007,Продукты,8,107,56.1
2025-12-31,ПРО-007,Продукты,7,100,56.1
2026-01-01,ПРО-007,Продукты,2,98,56.1
2026-01-02,ПРО-007,Продукты,6,92,56.1
2026-01-03,ПРО-007,Продукты,4,88,56.1
2026-01-04,ПРО-007,Продукты,8,80,56.1
2026-01-05,ПРО-007,Продукты,8,110,56.1
2026-01-06,ПРО-007,Продукты,7,103,56.1
2026-01-07,ПРО-007,Продукты,14,89,56.1
2026-01-08,ПРО-007,Продукты,12,77,56.1
2026-01-09,ПРО-007,Продукты,8,69,56.1
2026-01-10,ПРО-007,Продукты,11,58,56.1
2026-01-11,ПРО-007,Продукты,17,41,56.1
2026-01-12,ПРО-007,Продукты,2,116,56.1
2026-01-13,ПРО-007,Продукты,11,105,56.1
2026-01-14,ПРО-007,Продукты,9,96,56.1
2026-01-15,ПРО-007,Продукты,4,92,56.1
2026-01-16,ПРО-007,Продукты,5,87,56.1
2026-01-17,ПРО-007,Продукты,15,72,56.1
2026-01-18,ПРО-007,Продукты,7,65,56.1
2026-01-19,ПРО-007,Продукты,3,115,56.1
2026-01-20,ПРО-007,Продукты,9,106,56.1
2026-01-21,ПРО-007,Продукты,5,101,56.1
2026-01-22,ПРО-007,Продукты,2,99,56.1
2026-01-23,ПРО-007,Продукты,5,94,56.1
2026-01-24,ПРО-007,Продукты,7,87,56.1
2026-01-25,ПРО-007,Продукты,7,80,56.1
2026-01-26,ПРО-007,Продукты,6,112,56.1
2026-01-27,ПРО-007,Продукты,5,107,56.1
2026-01-28,ПРО-007,Продукты,2,105,56.1
2026-01-29,ПРО-007,Продукты,0,105,56.1
2026-01-30,ПРО-007,Продукты,7,98,56.1
2026-01-31,ПРО-007,Продукты,15,83,56.1
2026-02-01,ПРО-007,Продукты,5,78,56.1
2026-02-02,ПРО-007,Продукты,3,115,56.1
2026-02-03,ПРО-007,Продукты,4,111,56.1
2026-02-04,ПРО-007,Продукты,4,107,56.1
2026-02-05,ПРО-007,Продукты,4,103,56.1
2026-02-06,ПРО-007,Продукты,4,99,56.1
2026-02-07,ПРО-007,Продукты,13,86,56.1
2026-02-08,ПРО-007,Продукты,13,73,56.1
2026-02-09,ПРО-007,Продукты,3,115,56.1
2026-02-10,ПРО-007,Продукты,10,105,56.1
2026-02-11,ПРО-007,Продукты,4,101,56.1
2026-02-12,ПРО-007,Продукты,9,92,56.1
2026-02-13,ПРО-007,Продукты,13,79,56.1
2026-02-14,ПРО-007,Продукты,4,75,56.1
2026-02-15,ПРО-007,Продукты,3,72,56.1
2026-02-16,ПРО-007,Продукты,10,108,56.1
2026-02-17,ПРО-007,Продукты,4,104,56.1
2026-02-18,ПРО-007,Продукты,9,95,56.1
2026-02-19,ПРО-007,Продукты,5,90,56.1
2026-02-20,ПРО-007,Продукты,8,82,56.1
2026-02-21,ПРО-007,Продукты,10,72,56.1
2026-02-22,ПРО-007,Продукты,16,56,56.1
2026-02-23,ПРО-007,Продукты,7,111,56.1
2026-02-24,ПРО-007,Продукты,8,103,56.1
2026-02-25,ПРО-007,Продукты,6,97,56.1
2026-02-26,ПРО-007,Продукты,3,94,56.1
2026-02-27,ПРО-007,Продукты,12,82,56.1
2026-02-28,ПРО-007,Продукты,6,76,56.1
2026-03-01,ПРО-007,Продукты,17,59,56.1
2026-03-02,ПРО-007,Продукты,3,115,56.1
2026-03-03,ПРО-007,Продукты,2,113,56.1
2026-03-04,ПРО-007,Продукты,3,110,56.1
2026-03-05,ПРО-007,Продукты,8,102,56.1
2026-03-06,ПРО-007,Продукты,12,90,56.1
2026-03-07,ПРО-007,Продукты,14,76,56.1
2026-03-08,ПРО-007,Продукты,5,71,56.1
2026-03-09,ПРО-007,Продукты,3,115,56.1
2026-03-10,ПРО-007,Продукты,6,109,56.1
2026-03-11,ПРО-007,Продукты,11,98,56.1
2026-03-12,ПРО-007,Продукты,4,94,56.1
2026-03-13,ПРО-007,Продукты,8,86,56.1
2026-03-14,ПРО-007,Продукты,2,84,56.1
2026-03-15,ПРО-007,Продукты,15,69,56.1
2026-03-16,ПРО-007,Продукты,6,112,56.1
2026-03-17,ПРО-007,Продукты,5,107,56.1
2026-03-18,ПРО-007,Продукты,5,102,56.1
2026-03-19,ПРО-007,Продукты,14,88,56.1
2026-03-20,ПРО-007,Продукты,12,76,56.1
2026-03-21,ПРО-007,Продукты,8,68,56.1
2026-03-22,ПРО-007,Продукты,18,50,56.1
2026-03-23,ПРО-007,Продукты,9,109,56.1
2026-03-24,ПРО-007,Продукты,24,85,56.1
2026-03-25,ПРО-007,Продукты,7,78,56.1
2026-03-26,ПРО-007,Продукты,7,71,56.1
2026-03-27,ПРО-007,Продукты,11,60,56.1
2026-03-28,ПРО-007,Продукты,9,51,56.1
2026-03-29,ПРО-007,Продукты,9,42,56.1
2026-03-30,ПРО-007,Продукты,9,109,56.1
2026-03-31,ПРО-007,Продукты,10,99,56.1
2026-04-01,ПРО-007,Продукты,9,90,56.1
2026-04-02,ПРО-007,Продукты,7,83,56.1
2026-04-03,ПРО-007,Продукты,3,80,56.1
2026-04-04,ПРО-007,Продукты,17,63,56.1
2026-04-05,ПРО-007,Продукты,14,49,56.1
2026-04-06,ПРО-007,Продукты,5,113,56.1
2026-04-07,ПРО-007,Продукты,5,108,56.1
2026-04-08,ПРО-007,Продукты,8,100,56.1
2026-04-09,ПРО-007,Продукты,1,99,56.1
2026-04-10,ПРО-007,Продукты,22,77,56.1
2026-04-11,ПРО-007,Продукты,22,55,56.1
2026-04-12,ПРО-007,Продукты,15,40,56.1
2026-04-13,ПРО-007,Продукты,1,117,56.1
2026-04-14,ПРО-007,Продукты,14,103,56.1
2026-04-15,ПРО-007,Продукты,9,94,56.1
2026-04-16,ПРО-007,Продукты,5,89,56.1
2026-04-17,ПРО-007,Продукты,19,70,56.1
2026-04-18,ПРО-007,Продукты,15,55,56.1
2026-04-19,ПРО-007,Продукты,19,36,56.1
2026-04-20,ПРО-007,Продукты,6,112,56.1
2026-04-21,ПРО-007,Продукты,24,88,56.1
2026-04-22,ПРО-007,Продукты,2,86,56.1
2026-04-23,ПРО-007,Продукты,9,77,56.1
2026-04-24,ПРО-007,Продукты,12,65,56.1
2026-04-25,ПРО-007,Продукты,6,59,56.1
2026-04-26,ПРО-007,Продукты,14,45,56.1
2026-04-27,ПРО-007,Продукты,4,114,56.1
2026-04-28,ПРО-007,Продукты,3,111,56.1
2026-04-29,ПРО-007,Продукты,14,97,56.1
2026-04-30,ПРО-007,Продукты,7,90,56.1
2026-05-01,ПРО-007,Продукты,11,79,56.1
2026-05-02,ПРО-007,Продукты,14,65,56.1
2026-05-03,ПРО-007,Продукты,11,54,56.1
2026-05-04,ПРО-007,Продукты,6,112,56.1
2026-05-05,ПРО-007,Продукты,14,98,56.1
2026-05-06,ПРО-007,Продукты,3,95,56.1
2026-05-07,ПРО-007,Продукты,5,90,56.1
2026-05-08,ПРО-007,Продукты,19,71,56.1
2026-05-09,ПРО-007,Продукты,5,66,56.1
2026-05-10,ПРО-007,Продукты,5,61,56.1
2026-05-11,ПРО-007,Продукты,7,111,56.1
2026-05-12,ПРО-007,Продукты,8,103,56.1
2026-05-13,ПРО-007,Продукты,9,94,56.1
2026-05-14,ПРО-007,Продукты,4,90,56.1
2026-05-15,ПРО-007,Продукты,6,84,56.1
2026-05-16,ПРО-007,Продукты,8,76,56.1
2026-05-17,ПРО-007,Продукты,12,64,56.1
2026-05-18,ПРО-007,Продукты,12,106,56.1
2026-05-19,ПРО-007,Продукты,8,98,56.1
2026-05-20,ПРО-007,Продукты,10,88,56.1
2026-05-21,ПРО-007,Продукты,12,76,56.1
2026-05-22,ПРО-007,Продукты,4,72,56.1
2026-05-23,ПРО-007,Продукты,1,71,56.1
2026-05-24,ПРО-007,Продукты,5,66,56.1
2026-05-25,ПРО-007,Продукты,1,117,56.1
2026-05-26,ПРО-007,Продукты,11,106,56.1
2026-05-27,ПРО-007,Продукты,15,91,56.1
2026-05-28,ПРО-007,Продукты,12,79,56.1
2026-05-29,ПРО-007,Продукты,5,74,56.1
2026-05-30,ПРО-007,Продукты,10,64,56.1
2026-05-31,ПРО-007,Продукты,8,56,56.1
2026-06-01,ПРО-007,Продукты,14,104,56.1
2026-06-02,ПРО-007,Продукты,7,97,56.1
2026-06-03,ПРО-007,Продукты,12,85,56.1
2026-06-04,ПРО-007,Продукты,11,74,56.1
2026-06-05,ПРО-007,Продукты,10,64,56.1
2026-06-06,ПРО-007,Продукты,8,56,56.1
2026-06-07,ПРО-007,Продукты,8,48,56.1
2026-06-08,ПРО-007,Продукты,2,116,56.1
2026-06-09,ПРО-007,Продукты,4,112,56.1
2026-06-10,ПРО-007,Продукты,5,107,56.1
2026-06-11,ПРО-007,Продукты,9,98,56.1
2026-06-12,ПРО-007,Продукты,10,88,56.1
2026-06-13,ПРО-007,Продукты,4,84,56.1
2026-06-14,ПРО-007,Продукты,9,75,56.1
2026-06-15,ПРО-007,Продукты,7,111,56.1
2026-06-16,ПРО-007,Продукты,12,99,56.1
2026-06-17,ПРО-007,Продукты,1,98,56.1
2026-06-18,ПРО-007,Продукты,8,90,56.1
2026-06-19,ПРО-007,Продукты,7,83,56.1
2026-06-20,ПРО-007,Продукты,5,78,56.1
2026-06-21,ПРО-007,Продукты,9,69,56.1
2026-06-22,ПРО-007,Продукты,6,112,56.1
2026-06-23,ПРО-007,Продукты,3,109,56.1
2026-06-24,ПРО-007,Продукты,7,102,56.1
2026-06-25,ПРО-007,Продукты,2,100,56.1
2026-06-26,ПРО-007,Продукты,3,97,56.1
2026-06-27,ПРО-007,Продукты,5,92,56.1
2026-06-28,ПРО-007,Продукты,14,78,56.1
2026-06-29,ПРО-007,Продукты,5,113,56.1
2026-06-30,ПРО-007,Продукты,5,108,56.1
2026-07-01,ПРО-007,Продукты,7,101,56.1
2026-07-02,ПРО-007,Продукты,3,98,56.1
2026-07-03,ПРО-007,Продукты,9,89,56.1
2026-07-04,ПРО-007,Продукты,8,81,56.1
2026-07-05,ПРО-007,Продукты,5,76,56.1
2026-07-06,ПРО-007,Продукты,7,111,56.1
2026-07-07,ПРО-007,Продукты,15,96,56.1
2026-07-08,ПРО-007,Продукты,5,91,56.1
2026-07-09,ПРО-007,Продукты,15,76,56.1
2026-07-10,ПРО-007,Продукты,16,60,56.1
2026-07-11,ПРО-007,Продукты,7,53,56.1
2026-07-12,ПРО-007,Продукты,11,42,56.1
2026-07-13,ПРО-007,Продукты,9,109,56.1
2026-07-14,ПРО-007,Продукты,14,95,56.1
2026-07-15,ПРО-007,Продукты,4,91,56.1
2026-07-16,ПРО-007,Продукты,4,87,56.1
2026-07-17,ПРО-007,Продукты,16,71,56.1
2026-07-18,ПРО-007,Продукты,11,60,56.1
2026-07-19,ПРО-007,Продукты,5,55,56.1
2026-07-20,ПРО-007,Продукты,3,115,56.1
2026-07-21,ПРО-007,Продукты,8,107,56.1
2026-07-22,ПРО-007,Продукты,19,88,56.1
2026-07-23,ПРО-007,Продукты,13,75,56.1
2026-07-24,ПРО-007,Продукты,23,52,56.1
2026-07-25,ПРО-007,Продукты,9,43,56.1
2026-07-26,ПРО-007,Продукты,12,31,56.1
2026-07-27,ПРО-007,Продукты,13,105,56.1
2026-07-28,ПРО-007,Продукты,11,94,56.1
2026-07-29,ПРО-007,Продукты,17,77,56.1
2026-07-30,ПРО-007,Продукты,2,75,56.1
2026-07-31,ПРО-007,Продукты,0,75,56.1
2026-08-01,ПРО-007,Продукты,2,73,56.1
2026-08-02,ПРО-007,Продукты,6,67,56.1
2026-08-03,ПРО-007,Продукты,7,111,56.1
2026-08-04,ПРО-007,Продукты,10,101,56.1
2026-08-05,ПРО-007,Продукты,8,93,56.1
2026-08-06,ПРО-007,Продукты,3,90,56.1
2026-08-07,ПРО-007,Продукты,15,75,56.1
2026-08-08,ПРО-007,Продукты,13,62,56.1
2026-08-09,ПРО-007,Продукты,0,62,56.1
2026-08-10,ПРО-007,Продукты,10,108,56.1
2026-08-11,ПРО-007,Продукты,4,104,56.1
2026-08-12,ПРО-007,Продукты,5,99,56.1
2026-08-13,ПРО-007,Продукты,5,94,56.1
2026-08-14,ПРО-007,Продукты,4,90,56.1
2026-08-15,ПРО-007,Продукты,10,80,56.1
2026-08-16,ПРО-007,Продукты,8,72,56.1
2026-08-17,ПРО-007,Продукты,7,111,56.1
2026-08-18,ПРО-007,Продукты,7,104,56.1
2026-08-19,ПРО-007,Продукты,9,95,56.1
2026-08-20,ПРО-007,Продукты,13,82,56.1
2026-08-21,ПРО-007,Продукты,11,71,56.1
2026-08-22,ПРО-007,Продукты,11,60,56.1
2026-08-23,ПРО-007,Продукты,19,41,56.1
2026-08-24,ПРО-007,Продукты,9,109,56.1
2026-08-25,ПРО-007,Продукты,22,87,56.1
2026-08-26,ПРО-007,Продукты,10,77,56.1
2026-08-27,ПРО-007,Продукты,9,68,56.1
2026-08-28,ПРО-007,Продукты,7,61,56.1
2026-08-29,ПРО-007,Продукты,16,45,56.1
2026-08-30,ПРО-007,Продукты,15,30,56.1
2026-08-31,ПРО-007,Продукты,3,115,56.1
2026-09-01,ПРО-007,Продукты,11,104,56.1
2026-09-02,ПРО-007,Продукты,1,103,56.1
2026-09-03,ПРО-007,Продукты,2,101,56.1
2026-09-04,ПРО-007,Продукты,16,85,56.1
2026-09-05,ПРО-007,Продукты,10,75,56.1
2026-09-06,ПРО-007,Продукты,13,62,56.1
2026-09-07,ПРО-007,Продукты,11,107,56.1
2026-09-08,ПРО-007,Продукты,9,98,56.1
2026-09-09,ПРО-007,Продукты,9,89,56.1
2026-09-10,ПРО-007,Продукты,3,86,56.1
2026-09-11,ПРО-007,Продукты,0,86,56.1
2026-09-12,ПРО-007,Продукты,8,78,56.1
2026-09-13,ПРО-007,Продукты,6,72,56.1
2026-09-14,ПРО-007,Продукты,5,113,56.1
2026-09-15,ПРО-007,Продукты,10,103,56.1
2026-09-16,ПРО-007,Продукты,9,94,56.1
2026-09-17,ПРО-007,Продукты,4,90,56.1
2026-09-18,ПРО-007,Продукты,6,84,56.1
2026-09-19,ПРО-007,Продукты,3,81,56.1
2026-09-20,ПРО-007,Продукты,8,73,56.1
2026-09-21,ПРО-007,Продукты,2,116,56.1
2026-09-22,ПРО-007,Продукты,7,109,56.1
2026-09-23,ПРО-007,Продукты,10,99,56.1
2026-09-24,ПРО-007,Продукты,11,88,56.1
2026-09-25,ПРО-007,Продукты,19,69,56.1
2026-09-26,ПРО-007,Продукты,8,61,56.1
2026-09-27,ПРО-007,Продукты,9,52,56.1
2026-09-28,ПРО-007,Продукты,0,118,56.1
2026-09-29,ПРО-007,Продукты,2,116,56.1
2026-09-30,ПРО-007,Продукты,5,111,56.1
2025-06-01,ПРО-008,Продукты,9,123,30.91
2025-06-02,ПРО-008,Продукты,8,161,30.91
2025-06-03,ПРО-008,Продукты,15,146,30.91
2025-06-04,ПРО-008,Продукты,12,134,30.91
2025-06-05,ПРО-008,Продукты,6,128,30.91
2025-06-06,ПРО-008,Продукты,8,120,30.91
2025-06-07,ПРО-008,Продукты,21,99,30.91
2025-06-08,ПРО-008,Продукты,14,85,30.91
2025-06-09,ПРО-008,Продукты,13,156,30.91
2025-06-10,ПРО-008,Продукты,6,150,30.91
2025-06-11,ПРО-008,Продукты,5,145,30.91
2025-06-12,ПРО-008,Продукты,8,137,30.91
2025-06-13,ПРО-008,Продукты,19,118,30.91
2025-06-14,ПРО-008,Продукты,1,117,30.91
2025-06-15,ПРО-008,Продукты,4,113,30.91
2025-06-16,ПРО-008,Продукты,17,152,30.91
2025-06-17,ПРО-008,Продукты,4,148,30.91
2025-06-18,ПРО-008,Продукты,3,145,30.91
2025-06-19,ПРО-008,Продукты,3,142,30.91
2025-06-20,ПРО-008,Продукты,5,137,30.91
2025-06-21,ПРО-008,Продукты,18,119,30.91
2025-06-22,ПРО-008,Продукты,15,104,30.91
2025-06-23,ПРО-008,Продукты,14,155,30.91
2025-06-24,ПРО-008,Продукты,7,148,30.91
2025-06-25,ПРО-008,Продукты,3,145,30.91
2025-06-26,ПРО-008,Продукты,12,133,30.91
2025-06-27,ПРО-008,Продукты,4,129,30.91
2025-06-28,ПРО-008,Продукты,11,118,30.91
2025-06-29,ПРО-008,Продукты,12,106,30.91
2025-06-30,ПРО-008,Продукты,23,146,30.91
2025-07-01,ПРО-008,Продукты,7,139,30.91
2025-07-02,ПРО-008,Продукты,10,129,30.91
2025-07-03,ПРО-008,Продукты,9,120,30.91
2025-07-04,ПРО-008,Продукты,7,113,30.91
2025-07-05,ПРО-008,Продукты,18,95,30.91
2025-07-06,ПРО-008,Продукты,17,78,30.91
2025-07-07,ПРО-008,Продукты,15,154,30.91
2025-07-08,ПРО-008,Продукты,7,147,30.91
2025-07-09,ПРО-008,Продукты,13,134,30.91
2025-07-10,ПРО-008,Продукты,11,123,30.91
2025-07-11,ПРО-008,Продукты,2,121,30.91
2025-07-12,ПРО-008,Продукты,10,111,30.91
2025-07-13,ПРО-008,Продукты,15,96,30.91
2025-07-14,ПРО-008,Продукты,8,161,30.91
2025-07-15,ПРО-008,Продукты,9,152,30.91
2025-07-16,ПРО-008,Продукты,2,150,30.91
2025-07-17,ПРО-008,Продукты,6,144,30.91
2025-07-18,ПРО-008,Продукты,10,134,30.91
2025-07-19,ПРО-008,Продукты,11,123,30.91
2025-07-20,ПРО-008,Продукты,4,119,30.91
2025-07-21,ПРО-008,Продукты,13,156,30.91
2025-07-22,ПРО-008,Продукты,16,140,30.91
2025-07-23,ПРО-008,Продукты,5,135,30.91
2025-07-24,ПРО-008,Продукты,3,132,30.91
2025-07-25,ПРО-008,Продукты,9,123,30.91
2025-07-26,ПРО-008,Продукты,10,113,30.91
2025-07-27,ПРО-008,Продукты,16,97,30.91
2025-07-28,ПРО-008,Продукты,11,158,30.91
2025-07-29,ПРО-008,Продукты,12,146,30.91
2025-07-30,ПРО-008,Продукты,8,138,30.91
2025-07-31,ПРО-008,Продукты,8,130,30.91
2025-08-01,ПРО-008,Продукты,14,116,30.91
2025-08-02,ПРО-008,Продукты,10,106,30.91
2025-08-03,ПРО-008,Продукты,11,95,30.91
2025-08-04,ПРО-008,Продукты,9,160,30.91
2025-08-05,ПРО-008,Продукты,21,139,30.91
2025-08-06,ПРО-008,Продукты,15,124,30.91
2025-08-07,ПРО-008,Продукты,4,120,30.91
2025-08-08,ПРО-008,Продукты,4,116,30.91
2025-08-09,ПРО-008,Продукты,2,114,30.91
2025-08-10,ПРО-008,Продукты,9,105,30.91
2025-08-11,ПРО-008,Продукты,5,164,30.91
2025-08-12,ПРО-008,Продукты,25,139,30.91
2025-08-13,ПРО-008,Продукты,14,125,30.91
2025-08-14,ПРО-008,Продукты,2,123,30.91
2025-08-15,ПРО-008,Продукты,10,113,30.91
2025-08-16,ПРО-008,Продукты,10,103,30.91
2025-08-17,ПРО-008,Продукты,6,97,30.91
2025-08-18,ПРО-008,Продукты,4,165,30.91
2025-08-19,ПРО-008,Продукты,10,155,30.91
2025-08-20,ПРО-008,Продукты,15,140,30.91
2025-08-21,ПРО-008,Продукты,11,129,30.91
2025-08-22,ПРО-008,Продукты,16,113,30.91
2025-08-23,ПРО-008,Продукты,7,106,30.91
2025-08-24,ПРО-008,Продукты,16,90,30.91
2025-08-25,ПРО-008,Продукты,8,161,30.91
2025-08-26,ПРО-008,Продукты,10,151,30.91
2025-08-27,ПРО-008,Продукты,4,147,30.91
2025-08-28,ПРО-008,Продукты,12,135,30.91
2025-08-29,ПРО-008,Продукты,13,122,30.91
2025-08-30,ПРО-008,Продукты,2,120,30.91
2025-08-31,ПРО-008,Продукты,12,108,30.91
2025-09-01,ПРО-008,Продукты,3,166,30.91
2025-09-02,ПРО-008,Продукты,8,158,30.91
2025-09-03,ПРО-008,Продукты,8,150,30.91
2025-09-04,ПРО-008,Продукты,8,142,30.91
2025-09-05,ПРО-008,Продукты,8,134,30.91
2025-09-06,ПРО-008,Продукты,7,127,30.91
2025-09-07,ПРО-008,Продукты,13,114,30.91
2025-09-08,ПРО-008,Продукты,15,154,30.91
2025-09-09,ПРО-008,Продукты,3,151,30.91
2025-09-10,ПРО-008,Продукты,7,144,30.91
2025-09-11,ПРО-008,Продукты,20,124,30.91
2025-09-12,ПРО-008,Продукты,11,113,30.91
2025-09-13,ПРО-008,Продукты,6,107,30.91
2025-09-14,ПРО-008,Продукты,11,96,30.91
2025-09-15,ПРО-008,Продукты,5,164,30.91
2025-09-16,ПРО-008,Продукты,1,163,30.91
2025-09-17,ПРО-008,Продукты,10,153,30.91
2025-09-18,ПРО-008,Продукты,8,145,30.91
2025-09-19,ПРО-008,Продукты,13,132,30.91
2025-09-20,ПРО-008,Продукты,11,121,30.91
2025-09-21,ПРО-008,Продукты,12,109,30.91
2025-09-22,ПРО-008,Продукты,2,167,30.91
2025-09-23,ПРО-008,Продукты,10,157,30.91
2025-09-24,ПРО-008,Продукты,11,146,30.91
2025-09-25,ПРО-008,Продукты,6,140,30.91
2025-09-26,ПРО-008,Продукты,5,135,30.91
2025-09-27,ПРО-008,Продукты,19,116,30.91
2025-09-28,ПРО-008,Продукты,13,103,30.91
2025-09-29,ПРО-008,Продукты,3,166,30.91
2025-09-30,ПРО-008,Продукты,8,158,30.91
2025-10-01,ПРО-008,Продукты,4,154,30.91
2025-10-02,ПРО-008,Продукты,3,151,30.91
2025-10-03,ПРО-008,Продукты,9,142,30.91
2025-10-04,ПРО-008,Продукты,2,140,30.91
2025-10-05,ПРО-008,Продукты,7,133,30.91
2025-10-06,ПРО-008,Продукты,11,158,30.91
2025-10-07,ПРО-008,Продукты,14,144,30.91
2025-10-08,ПРО-008,Продукты,7,137,30.91
2025-10-09,ПРО-008,Продукты,8,129,30.91
2025-10-10,ПРО-008,Продукты,8,121,30.91
2025-10-11,ПРО-008,Продукты,10,111,30.91
2025-10-12,ПРО-008,Продукты,5,106,30.91
2025-10-13,ПРО-008,Продукты,3,166,30.91
2025-10-14,ПРО-008,Продукты,4,162,30.91
2025-10-15,ПРО-008,Продукты,8,154,30.91
2025-10-16,ПРО-008,Продукты,3,151,30.91
2025-10-17,ПРО-008,Продукты,17,134,30.91
2025-10-18,ПРО-008,Продукты,14,120,30.91
2025-10-19,ПРО-008,Продукты,12,108,30.91
2025-10-20,ПРО-008,Продукты,5,164,30.91
2025-10-21,ПРО-008,Продукты,5,159,30.91
2025-10-22,ПРО-008,Продукты,17,142,30.91
2025-10-23,ПРО-008,Продукты,10,132,30.91
2025-10-24,ПРО-008,Продукты,8,124,30.91
2025-10-25,ПРО-008,Продукты,12,112,30.91
2025-10-26,ПРО-008,Продукты,12,100,30.91
2025-10-27,ПРО-008,Продукты,9,160,30.91
2025-10-28,ПРО-008,Продукты,5,155,30.91
2025-10-29,ПРО-008,Продукты,3,152,30.91
2025-10-30,ПРО-008,Продукты,2,150,30.91
2025-10-31,ПРО-008,Продукты,20,130,30.91
2025-11-01,ПРО-008,Продукты,17,113,30.91
2025-11-02,ПРО-008,Продукты,9,104,30.91
2025-11-03,ПРО-008,Продукты,9,160,30.91
2025-11-04,ПРО-008,Продукты,6,154,30.91
2025-11-05,ПРО-008,Продукты,16,138,30.91
2025-11-06,ПРО-008,Продукты,7,131,30.91
2025-11-07,ПРО-008,Продукты,2,129,30.91
2025-11-08,ПРО-008,Продукты,5,124,30.91
2025-11-09,ПРО-008,Продукты,15,109,30.91
2025-11-10,ПРО-008,Продукты,8,161,30.91
2025-11-11,ПРО-008,Продукты,1,160,30.91
2025-11-12,ПРО-008,Продукты,3,157,30.91
2025-11-13,ПРО-008,Продукты,7,150,30.91
2025-11-14,ПРО-008,Продукты,18,132,30.91
2025-11-15,ПРО-008,Продукты,5,127,30.91
2025-11-16,ПРО-008,Продукты,14,113,30.91
2025-11-17,ПРО-008,Продукты,5,164,30.91
2025-11-18,ПРО-008,Продукты,7,157,30.91
2025-11-19,ПРО-008,Продукты,12,145,30.91
2025-11-20,ПРО-008,Продукты,6,139,30.91
2025-11-21,ПРО-008,Продукты,6,133,30.91
2025-11-22,ПРО-008,Продукты,9,124,30.91
2025-11-23,ПРО-008,Продукты,9,115,30.91
2025-11-24,ПРО-008,Продукты,2,167,30.91
2025-11-25,ПРО-008,Продукты,5,162,30.91
2025-11-26,ПРО-008,Продукты,9,153,30.91
2025-11-27,ПРО-008,Продукты,2,151,30.91
2025-11-28,ПРО-008,Продукты,12,139,30.91
2025-11-29,ПРО-008,Продукты,10,129,30.91
2025-11-30,ПРО-008,Продукты,10,119,30.91
2025-12-01,ПРО-008,Продукты,6,163,30.91
2025-12-02,ПРО-008,Продукты,15,148,30.91
2025-12-03,ПРО-008,Продукты,8,140,30.91
2025-12-04,ПРО-008,Продукты,5,135,30.91
2025-12-05,ПРО-008,Продукты,19,116,30.91
2025-12-06,ПРО-008,Продукты,7,109,30.91
2025-12-07,ПРО-008,Продукты,17,92,30.91
2025-12-08,ПРО-008,Продукты,12,157,30.91
2025-12-09,ПРО-008,Продукты,15,142,30.91
2025-12-10,ПРО-008,Продукты,20,122,30.91
2025-12-11,ПРО-008,Продукты,1,121,30.91
2025-12-12,ПРО-008,Продукты,12,109,30.91
2025-12-13,ПРО-008,Продукты,11,98,30.91
2025-12-14,ПРО-008,Продукты,19,79,30.91
2025-12-15,ПРО-008,Продукты,1,168,30.91
2025-12-16,ПРО-008,Продукты,24,144,30.91
2025-12-17,ПРО-008,Продукты,5,139,30.91
2025-12-18,ПРО-008,Продукты,2,137,30.91
2025-12-19,ПРО-008,Продукты,9,128,30.91
2025-12-20,ПРО-008,Продукты,23,105,30.91
2025-12-21,ПРО-008,Продукты,13,92,30.91
2025-12-22,ПРО-008,Продукты,8,161,30.91
2025-12-23,ПРО-008,Продукты,2,159,30.91
2025-12-24,ПРО-008,Продукты,13,146,30.91
2025-12-25,ПРО-008,Продукты,12,134,30.91
2025-12-26,ПРО-008,Продукты,8,126,30.91
2025-12-27,ПРО-008,Продукты,16,110,30.91
2025-12-28,ПРО-008,Продукты,16,94,30.91
2025-12-29,ПРО-008,Продукты,7,162,30.91
2025-12-30,ПРО-008,Продукты,10,152,30.91
2025-12-31,ПРО-008,Продукты,2,150,30.91
2026-01-01,ПРО-008,Продукты,10,140,30.91
2026-01-02,ПРО-008,Продукты,15,125,30.91
2026-01-03,ПРО-008,Продукты,5,120,30.91
2026-01-04,ПРО-008,Продукты,16,104,30.91
2026-01-05,ПРО-008,Продукты,2,167,30.91
2026-01-06,ПРО-008,Продукты,9,158,30.91
2026-01-07,ПРО-008,Продукты,7,151,30.91
2026-01-08,ПРО-008,Продукты,5,146,30.91
2026-01-09,ПРО-008,Продукты,13,133,30.91
2026-01-10,ПРО-008,Продукты,1,132,30.91
2026-01-11,ПРО-008,Продукты,10,122,30.91
2026-01-12,ПРО-008,Продукты,7,162,30.91
2026-01-13,ПРО-008,Продукты,1,161,30.91
2026-01-14,ПРО-008,Продукты,9,152,30.91
2026-01-15,ПРО-008,Продукты,2,150,30.91
2026-01-16,ПРО-008,Продукты,5,145,30.91
2026-01-17,ПРО-008,Продукты,14,131,30.91
2026-01-18,ПРО-008,Продукты,15,116,30.91
2026-01-19,ПРО-008,Продукты,4,165,30.91
2026-01-20,ПРО-008,Продукты,6,159,30.91
2026-01-21,ПРО-008,Продукты,19,140,30.91
2026-01-22,ПРО-008,Продукты,6,134,30.91
2026-01-23,ПРО-008,Продукты,4,130,30.91
2026-01-24,ПРО-008,Продукты,6,124,30.91
2026-01-25,ПРО-008,Продукты,6,118,30.91
2026-01-26,ПРО-008,Продукты,9,160,30.91
2026-01-27,ПРО-008,Продукты,6,154,30.91
2026-01-28,ПРО-008,Продукты,5,149,30.91
2026-01-29,ПРО-008,Продукты,8,141,30.91
2026-01-30,ПРО-008,Продукты,12,129,30.91
2026-01-31,ПРО-008,Продукты,27,102,30.91
2026-02-01,ПРО-008,Продукты,14,88,30.91
2026-02-02,ПРО-008,Продукты,13,156,30.91
2026-02-03,ПРО-008,Продукты,7,149,30.91
2026-02-04,ПРО-008,Продукты,14,135,30.91
2026-02-05,ПРО-008,Продукты,36,99,30.91
2026-02-06,ПРО-008,Продукты,13,86,30.91
2026-02-07,ПРО-008,Продукты,14,72,30.91
2026-02-08,ПРО-008,Продукты,7,65,30.91
2026-02-09,ПРО-008,Продукты,14,155,30.91
2026-02-10,ПРО-008,Продукты,7,148,30.91
2026-02-11,ПРО-008,Продукты,9,139,30.91
2026-02-12,ПРО-008,Продукты,10,129,30.91
2026-02-13,ПРО-008,Продукты,9,120,30.91
2026-02-14,ПРО-008,Продукты,15,105,30.91
2026-02-15,ПРО-008,Продукты,10,95,30.91
2026-02-16,ПРО-008,Продукты,11,158,30.91
2026-02-17,ПРО-008,Продукты,1,157,30.91
2026-02-18,ПРО-008,Продукты,10,147,30.91
2026-02-19,ПРО-008,Продукты,2,145,30.91
2026-02-20,ПРО-008,Продукты,21,124,30.91
2026-02-21,ПРО-008,Продукты,14,110,30.91
2026-02-22,ПРО-008,Продукты,9,101,30.91
2026-02-23,ПРО-008,Продукты,11,158,30.91
2026-02-24,ПРО-008,Продукты,4,154,30.91
2026-02-25,ПРО-008,Продукты,17,137,30.91
2026-02-26,ПРО-008,Продукты,6,131,30.91
2026-02-27,ПРО-008,Продукты,7,124,30.91
2026-02-28,ПРО-008,Продукты,31,93,30.91
2026-03-01,ПРО-008,Продукты,15,78,30.91
2026-03-02,ПРО-008,Продукты,9,160,30.91
2026-03-03,ПРО-008,Продукты,17,143,30.91
2026-03-04,ПРО-008,Продукты,1,142,30.91
2026-03-05,ПРО-008,Продукты,3,139,30.91
2026-03-06,ПРО-008,Продукты,14,125,30.91
2026-03-07,ПРО-008,Продукты,14,111,30.91
2026-03-08,ПРО-008,Продукты,10,101,30.91
2026-03-09,ПРО-008,Продукты,14,155,30.91
2026-03-10,ПРО-008,Продукты,19,136,30.91
2026-03-11,ПРО-008,Продукты,6,130,30.91
2026-03-12,ПРО-008,Продукты,9,121,30.91
2026-03-13,ПРО-008,Продукты,4,117,30.91
2026-03-14,ПРО-008,Продукты,5,112,30.91
2026-03-15,ПРО-008,Продукты,17,95,30.91
2026-03-16,ПРО-008,Продукты,5,164,30.91
2026-03-17,ПРО-008,Продукты,17,147,30.91
2026-03-18,ПРО-008,Продукты,8,139,30.91
2026-03-19,ПРО-008,Продукты,17,122,30.91
2026-03-20,ПРО-008,Продукты,22,100,30.91
2026-03-21,ПРО-008,Продукты,19,81,30.91
2026-03-22,ПРО-008,Продукты,14,67,30.91
2026-03-23,ПРО-008,Продукты,18,151,30.91
2026-03-24,ПРО-008,Продукты,11,140,30.91
2026-03-25,ПРО-008,Продукты,10,130,30.91
2026-03-26,ПРО-008,Продукты,2,128,30.91
2026-03-27,ПРО-008,Продукты,10,118,30.91
2026-03-28,ПРО-008,Продукты,12,106,30.91
2026-03-29,ПРО-008,Продукты,11,95,30.91
2026-03-30,ПРО-008,Продукты,22,147,30.91
2026-03-31,ПРО-008,Продукты,11,136,30.91
2026-04-01,ПРО-008,Продукты,5,131,30.91
2026-04-02,ПРО-008,Продукты,6,125,30.91
2026-04-03,ПРО-008,Продукты,7,118,30.91
2026-04-04,ПРО-008,Продукты,6,112,30.91
2026-04-05,ПРО-008,Продукты,46,66,30.91
2026-04-06,ПРО-008,Продукты,12,157,30.91
2026-04-07,ПРО-008,Продукты,8,149,30.91
2026-04-08,ПРО-008,Продукты,15,134,30.91
2026-04-09,ПРО-008,Продукты,4,130,30.91
2026-04-10,ПРО-008,Продукты,16,114,30.91
2026-04-11,ПРО-008,Продукты,21,93,30.91
2026-04-12,ПРО-008,Продукты,18,75,30.91
2026-04-13,ПРО-008,Продукты,12,157,30.91
2026-04-14,ПРО-008,Продукты,3,154,30.91
2026-04-15,ПРО-008,Продукты,13,141,30.91
2026-04-16,ПРО-008,Продукты,15,126,30.91
2026-04-17,ПРО-008,Продукты,10,116,30.91
2026-04-18,ПРО-008,Продукты,39,77,30.91
2026-04-19,ПРО-008,Продукты,5,72,30.91
2026-04-20,ПРО-008,Продукты,13,156,30.91
2026-04-21,ПРО-008,Продукты,18,138,30.91
2026-04-22,ПРО-008,Продукты,14,124,30.91
2026-04-23,ПРО-008,Продукты,10,114,30.91
2026-04-24,ПРО-008,Продукты,11,103,30.91
2026-04-25,ПРО-008,Продукты,5,98,30.91
2026-04-26,ПРО-008,Продукты,7,91,30.91
2026-04-27,ПРО-008,Продукты,2,167,30.91
2026-04-28,ПРО-008,Продукты,5,162,30.91
2026-04-29,ПРО-008,Продукты,15,147,30.91
2026-04-30,ПРО-008,Продукты,6,141,30.91
2026-05-01,ПРО-008,Продукты,11,130,30.91
2026-05-02,ПРО-008,Продукты,6,124,30.91
2026-05-03,ПРО-008,Продукты,12,112,30.91
2026-05-04,ПРО-008,Продукты,6,163,30.91
2026-05-05,ПРО-008,Продукты,6,157,30.91
2026-05-06,ПРО-008,Продукты,13,144,30.91
2026-05-07,ПРО-008,Продукты,11,133,30.91
2026-05-08,ПРО-008,Продукты,10,123,30.91
2026-05-09,ПРО-008,Продукты,8,115,30.91
2026-05-10,ПРО-008,Продукты,13,102,30.91
2026-05-11,ПРО-008,Продукты,18,151,30.91
2026-05-12,ПРО-008,Продукты,25,126,30.91
2026-05-13,ПРО-008,Продукты,14,112,30.91
2026-05-14,ПРО-008,Продукты,10,102,30.91
2026-05-15,ПРО-008,Продукты,16,86,30.91
2026-05-16,ПРО-008,Продукты,9,77,30.91
2026-05-17,ПРО-008,Продукты,12,65,30.91
2026-05-18,ПРО-008,Продукты,5,164,30.91
2026-05-19,ПРО-008,Продукты,2,162,30.91
2026-05-20,ПРО-008,Продукты,8,154,30.91
2026-05-21,ПРО-008,Продукты,11,143,30.91
2026-05-22,ПРО-008,Продукты,11,132,30.91
2026-05-23,ПРО-008,Продукты,3,129,30.91
2026-05-24,ПРО-008,Продукты,11,118,30.91
2026-05-25,ПРО-008,Продукты,12,157,30.91
2026-05-26,ПРО-008,Продукты,1,156,30.91
2026-05-27,ПРО-008,Продукты,10,146,30.91
2026-05-28,ПРО-008,Продукты,14,132,30.91
2026-05-29,ПРО-008,Продукты,10,122,30.91
2026-05-30,ПРО-008,Продукты,4,118,30.91
2026-05-31,ПРО-008,Продукты,31,87,30.91
2026-06-01,ПРО-008,Продукты,9,160,30.91
2026-06-02,ПРО-008,Продукты,15,145,30.91
2026-06-03,ПРО-008,Продукты,7,138,30.91
2026-06-04,ПРО-008,Продукты,10,128,30.91
2026-06-05,ПРО-008,Продукты,13,115,30.91
2026-06-06,ПРО-008,Продукты,26,89,30.91
2026-06-07,ПРО-008,Продукты,17,72,30.91
2026-06-08,ПРО-008,Продукты,16,153,30.91
2026-06-09,ПРО-008,Продукты,24,129,30.91
2026-06-10,ПРО-008,Продукты,4,125,30.91
2026-06-11,ПРО-008,Продукты,6,119,30.91
2026-06-12,ПРО-008,Продукты,16,103,30.91
2026-06-13,ПРО-008,Продукты,16,87,30.91
2026-06-14,ПРО-008,Продукты,7,80,30.91
2026-06-15,ПРО-008,Продукты,5,164,30.91
2026-06-16,ПРО-008,Продукты,5,159,30.91
2026-06-17,ПРО-008,Продукты,6,153,30.91
2026-06-18,ПРО-008,Продукты,16,137,30.91
2026-06-19,ПРО-008,Продукты,18,119,30.91
2026-06-20,ПРО-008,Продукты,18,101,30.91
2026-06-21,ПРО-008,Продукты,10,91,30.91
2026-06-22,ПРО-008,Продукты,8,161,30.91
2026-06-23,ПРО-008,Продукты,6,155,30.91
2026-06-24,ПРО-008,Продукты,8,147,30.91
2026-06-25,ПРО-008,Продукты,8,139,30.91
2026-06-26,ПРО-008,Продукты,12,127,30.91
2026-06-27,ПРО-008,Продукты,11,116,30.91
2026-06-28,ПРО-008,Продукты,13,103,30.91
2026-06-29,ПРО-008,Продукты,28,141,30.91
2026-06-30,ПРО-008,Продукты,8,133,30.91
2026-07-01,ПРО-008,Продукты,4,129,30.91
2026-07-02,ПРО-008,Продукты,6,123,30.91
2026-07-03,ПРО-008,Продукты,20,103,30.91
2026-07-04,ПРО-008,Продукты,15,88,30.91
2026-07-05,ПРО-008,Продукты,20,68,30.91
2026-07-06,ПРО-008,Продукты,11,57,30.91
2026-07-07,ПРО-008,Продукты,8,49,30.91
2026-07-08,ПРО-008,Продукты,4,45,30.91
2026-07-09,ПРО-008,Продукты,21,24,30.91
2026-07-10,ПРО-008,Продукты,5,19,30.91
2026-07-11,ПРО-008,Продукты,5,14,30.91
2026-07-12,ПРО-008,Продукты,12,2,30.91
2026-07-13,ПРО-008,Продукты,2,0,30.91
2026-07-14,ПРО-008,Продукты,0,0,30.91
2026-07-15,ПРО-008,Продукты,0,0,30.91
2026-07-16,ПРО-008,Продукты,0,0,30.91
2026-07-17,ПРО-008,Продукты,0,0,30.91
2026-07-18,ПРО-008,Продукты,0,0,30.91
2026-07-19,ПРО-008,Продукты,0,0,30.91
2026-07-20,ПРО-008,Продукты,0,0,30.91
2026-07-21,ПРО-008,Продукты,0,0,30.91
2026-07-22,ПРО-008,Продукты,0,0,30.91
2026-07-23,ПРО-008,Продукты,0,0,30.91
2026-07-24,ПРО-008,Продукты,0,0,30.91
2026-07-25,ПРО-008,Продукты,0,0,30.91
2026-07-26,ПРО-008,Продукты,0,0,30.91
2026-07-27,ПРО-008,Продукты,0,0,30.91
2026-07-28,ПРО-008,Продукты,0,0,30.91
2026-07-29,ПРО-008,Продукты,0,0,30.91
2026-07-30,ПРО-008,Продукты,0,0,30.91
2026-07-31,ПРО-008,Продукты,0,0,30.91
2026-08-01,ПРО-008,Продукты,0,0,30.91
2026-08-02,ПРО-008,Продукты,0,0,30.91
2026-08-03,ПРО-008,Продукты,0,0,30.91
2026-08-04,ПРО-008,Продукты,0,0,30.91
2026-08-05,ПРО-008,Продукты,0,0,30.91
2026-08-06,ПРО-008,Продукты,0,0,30.91
2026-08-07,ПРО-008,Продукты,0,0,30.91
2026-08-08,ПРО-008,Продукты,0,0,30.91
2026-08-09,ПРО-008,Продукты,0,0,30.91
2026-08-10,ПРО-008,Продукты,0,0,30.91
2026-08-11,ПРО-008,Продукты,0,0,30.91
2026-08-12,ПРО-008,Продукты,0,0,30.91
2026-08-13,ПРО-008,Продукты,0,0,30.91
2026-08-14,ПРО-008,Продукты,0,0,30.91
2026-08-15,ПРО-008,Продукты,0,0,30.91
2026-08-16,ПРО-008,Продукты,0,0,30.91
2026-08-17,ПРО-008,Продукты,0,0,30.91
2026-08-18,ПРО-008,Продукты,0,0,30.91
2026-08-19,ПРО-008,Продукты,0,0,30.91
2026-08-20,ПРО-008,Продукты,0,0,30.91
2026-08-21,ПРО-008,Продукты,0,0,30.91
2026-08-22,ПРО-008,Продукты,0,0,30.91
2026-08-23,ПРО-008,Продукты,0,0,30.91
2026-08-24,ПРО-008,Продукты,0,0,30.91
2026-08-25,ПРО-008,Продукты,0,0,30.91
2026-08-26,ПРО-008,Продукты,0,0,30.91
2026-08-27,ПРО-008,Продукты,0,0,30.91
2026-08-28,ПРО-008,Продукты,0,0,30.91
2026-08-29,ПРО-008,Продукты,0,0,30.91
2026-08-30,ПРО-008,Продукты,0,0,30.91
2026-08-31,ПРО-008,Продукты,0,0,30.91
2026-09-01,ПРО-008,Продукты,0,0,30.91
2026-09-02,ПРО-008,Продукты,0,0,30.91
2026-09-03,ПРО-008,Продукты,0,0,30.91
2026-09-04,ПРО-008,Продукты,0,0,30.91
2026-09-05,ПРО-008,Продукты,0,0,30.91
2026-09-06,ПРО-008,Продукты,0,0,30.91
2026-09-07,ПРО-008,Продукты,0,0,30.91
2026-09-08,ПРО-008,Продукты,0,0,30.91
2026-09-09,ПРО-008,Продукты,0,0,30.91
2026-09-10,ПРО-008,Продукты,0,0,30.91
2026-09-11,ПРО-008,Продукты,0,0,30.91
2026-09-12,ПРО-008,Продукты,0,0,30.91
2026-09-13,ПРО-008,Продукты,0,0,30.91
2026-09-14,ПРО-008,Продукты,0,0,30.91
2026-09-15,ПРО-008,Продукты,0,0,30.91
2026-09-16,ПРО-008,Продукты,0,0,30.91
2026-09-17,ПРО-008,Продукты,0,0,30.91
2026-09-18,ПРО-008,Продукты,0,0,30.91
2026-09-19,ПРО-008,Продукты,0,0,30.91
2026-09-20,ПРО-008,Продукты,0,0,30.91
2026-09-21,ПРО-008,Продукты,0,0,30.91
2026-09-22,ПРО-008,Продукты,0,0,30.91
2026-09-23,ПРО-008,Продукты,0,0,30.91
2026-09-24,ПРО-008,Продукты,0,0,30.91
2026-09-25,ПРО-008,Продукты,0,0,30.91
2026-09-26,ПРО-008,Продукты,0,0,30.91
2026-09-27,ПРО-008,Продукты,0,0,30.91
2026-09-28,ПРО-008,Продукты,0,0,30.91
2026-09-29,ПРО-008,Продукты,0,0,30.91
2026-09-30,ПРО-008,Продукты,0,0,30.91
2025-06-01,ПРО-009,Продукты,14,108,30.0
2025-06-02,ПРО-009,Продукты,3,152,30.0
2025-06-03,ПРО-009,Продукты,5,147,30.0
2025-06-04,ПРО-009,Продукты,2,145,30.0
2025-06-05,ПРО-009,Продукты,15,130,30.0
2025-06-06,ПРО-009,Продукты,15,115,30.0
2025-06-07,ПРО-009,Продукты,26,89,30.0
2025-06-08,ПРО-009,Продукты,25,64,30.0
2025-06-09,ПРО-009,Продукты,0,155,30.0
2025-06-10,ПРО-009,Продукты,2,153,30.0
2025-06-11,ПРО-009,Продукты,5,148,30.0
2025-06-12,ПРО-009,Продукты,3,145,30.0
2025-06-13,ПРО-009,Продукты,8,137,30.0
2025-06-14,ПРО-009,Продукты,10,127,30.0
2025-06-15,ПРО-009,Продукты,8,119,30.0
2025-06-16,ПРО-009,Продукты,12,143,30.0
2025-06-17,ПРО-009,Продукты,8,135,30.0
2025-06-18,ПРО-009,Продукты,22,113,30.0
2025-06-19,ПРО-009,Продукты,8,105,30.0
2025-06-20,ПРО-009,Продукты,9,96,30.0
2025-06-21,ПРО-009,Продукты,9,87,30.0
2025-06-22,ПРО-009,Продукты,4,83,30.0
2025-06-23,ПРО-009,Продукты,8,147,30.0
2025-06-24,ПРО-009,Продукты,13,134,30.0
2025-06-25,ПРО-009,Продукты,7,127,30.0
2025-06-26,ПРО-009,Продукты,18,109,30.0
2025-06-27,ПРО-009,Продукты,14,95,30.0
2025-06-28,ПРО-009,Продукты,2,93,30.0
2025-06-29,ПРО-009,Продукты,8,85,30.0
2025-06-30,ПРО-009,Продукты,13,142,30.0
2025-07-01,ПРО-009,Продукты,7,135,30.0
2025-07-02,ПРО-009,Продукты,9,126,30.0
2025-07-03,ПРО-009,Продукты,9,117,30.0
2025-07-04,ПРО-009,Продукты,18,99,30.0
2025-07-05,ПРО-009,Продукты,6,93,30.0
2025-07-06,ПРО-009,Продукты,20,73,30.0
2025-07-07,ПРО-009,Продукты,6,149,30.0
2025-07-08,ПРО-009,Продукты,7,142,30.0
2025-07-09,ПРО-009,Продукты,9,133,30.0
2025-07-10,ПРО-009,Продукты,4,129,30.0
2025-07-11,ПРО-009,Продукты,6,123,30.0
2025-07-12,ПРО-009,Продукты,7,116,30.0
2025-07-13,ПРО-009,Продукты,8,108,30.0
2025-07-14,ПРО-009,Продукты,4,151,30.0
2025-07-15,ПРО-009,Продукты,9,142,30.0
2025-07-16,ПРО-009,Продукты,8,134,30.0
2025-07-17,ПРО-009,Продукты,20,114,30.0
2025-07-18,ПРО-009,Продукты,11,103,30.0
2025-07-19,ПРО-009,Продукты,4,99,30.0
2025-07-20,ПРО-009,Продукты,20,79,30.0
2025-07-21,ПРО-009,Продукты,6,149,30.0
2025-07-22,ПРО-009,Продукты,7,142,30.0
2025-07-23,ПРО-009,Продукты,11,131,30.0
2025-07-24,ПРО-009,Продукты,11,120,30.0
2025-07-25,ПРО-009,Продукты,10,110,30.0
2025-07-26,ПРО-009,Продукты,10,100,30.0
2025-07-27,ПРО-009,Продукты,9,91,30.0
2025-07-28,ПРО-009,Продукты,6,149,30.0
2025-07-29,ПРО-009,Продукты,11,138,30.0
2025-07-30,ПРО-009,Продукты,14,124,30.0
2025-07-31,ПРО-009,Продукты,3,121,30.0
2025-08-01,ПРО-009,Продукты,10,111,30.0
2025-08-02,ПРО-009,Продукты,21,90,30.0
2025-08-03,ПРО-009,Продукты,14,76,30.0
2025-08-04,ПРО-009,Продукты,10,145,30.0
2025-08-05,ПРО-009,Продукты,9,136,30.0
2025-08-06,ПРО-009,Продукты,15,121,30.0
2025-08-07,ПРО-009,Продукты,9,112,30.0
2025-08-08,ПРО-009,Продукты,9,103,30.0
2025-08-09,ПРО-009,Продукты,3,100,30.0
2025-08-10,ПРО-009,Продукты,15,85,30.0
2025-08-11,ПРО-009,Продукты,8,147,30.0
2025-08-12,ПРО-009,Продукты,14,133,30.0
2025-08-13,ПРО-009,Продукты,10,123,30.0
2025-08-14,ПРО-009,Продукты,2,121,30.0
2025-08-15,ПРО-009,Продукты,11,110,30.0
2025-08-16,ПРО-009,Продукты,9,101,30.0
2025-08-17,ПРО-009,Продукты,15,86,30.0
2025-08-18,ПРО-009,Продукты,1,154,30.0
2025-08-19,ПРО-009,Продукты,14,140,30.0
2025-08-20,ПРО-009,Продукты,16,124,30.0
2025-08-21,ПРО-009,Продукты,16,108,30.0
2025-08-22,ПРО-009,Продукты,3,105,30.0
2025-08-23,ПРО-009,Продукты,11,94,30.0
2025-08-24,ПРО-009,Продукты,10,84,30.0
2025-08-25,ПРО-009,Продукты,11,144,30.0
2025-08-26,ПРО-009,Продукты,10,134,30.0
2025-08-27,ПРО-009,Продукты,4,130,30.0
2025-08-28,ПРО-009,Продукты,14,116,30.0
2025-08-29,ПРО-009,Продукты,13,103,30.0
2025-08-30,ПРО-009,Продукты,26,77,30.0
2025-08-31,ПРО-009,Продукты,5,72,30.0
2025-09-01,ПРО-009,Продукты,13,142,30.0
2025-09-02,ПРО-009,Продукты,2,140,30.0
2025-09-03,ПРО-009,Продукты,11,129,30.0
2025-09-04,ПРО-009,Продукты,6,123,30.0
2025-09-05,ПРО-009,Продукты,7,116,30.0
2025-09-06,ПРО-009,Продукты,14,102,30.0
2025-09-07,ПРО-009,Продукты,8,94,30.0
2025-09-08,ПРО-009,Продукты,13,142,30.0
2025-09-09,ПРО-009,Продукты,8,134,30.0
2025-09-10,ПРО-009,Продукты,16,118,30.0
2025-09-11,ПРО-009,Продукты,7,111,30.0
2025-09-12,ПРО-009,Продукты,19,92,30.0
2025-09-13,ПРО-009,Продукты,12,80,30.0
2025-09-14,ПРО-009,Продукты,13,67,30.0
2025-09-15,ПРО-009,Продукты,3,152,30.0
2025-09-16,ПРО-009,Продукты,4,148,30.0
2025-09-17,ПРО-009,Продукты,4,144,30.0
2025-09-18,ПРО-009,Продукты,6,138,30.0
2025-09-19,ПРО-009,Продукты,11,127,30.0
2025-09-20,ПРО-009,Продукты,9,118,30.0
2025-09-21,ПРО-009,Продукты,18,100,30.0
2025-09-22,ПРО-009,Продукты,10,145,30.0
2025-09-23,ПРО-009,Продукты,9,136,30.0
2025-09-24,ПРО-009,Продукты,6,130,30.0
2025-09-25,ПРО-009,Продукты,6,124,30.0
2025-09-26,ПРО-009,Продукты,10,114,30.0
2025-09-27,ПРО-009,Продукты,15,99,30.0
2025-09-28,ПРО-009,Продукты,9,90,30.0
2025-09-29,ПРО-009,Продукты,16,139,30.0
2025-09-30,ПРО-009,Продукты,11,128,30.0
2025-10-01,ПРО-009,Продукты,5,123,30.0
2025-10-02,ПРО-009,Продукты,12,111,30.0
2025-10-03,ПРО-009,Продукты,11,100,30.0
2025-10-04,ПРО-009,Продукты,16,84,30.0
2025-10-05,ПРО-009,Продукты,19,65,30.0
2025-10-06,ПРО-009,Продукты,6,149,30.0
2025-10-07,ПРО-009,Продукты,8,141,30.0
2025-10-08,ПРО-009,Продукты,5,136,30.0
2025-10-09,ПРО-009,Продукты,3,133,30.0
2025-10-10,ПРО-009,Продукты,8,125,30.0
2025-10-11,ПРО-009,Продукты,8,117,30.0
2025-10-12,ПРО-009,Продукты,7,110,30.0
2025-10-13,ПРО-009,Продукты,12,143,30.0
2025-10-14,ПРО-009,Продукты,5,138,30.0
2025-10-15,ПРО-009,Продукты,4,134,30.0
2025-10-16,ПРО-009,Продукты,5,129,30.0
2025-10-17,ПРО-009,Продукты,1,128,30.0
2025-10-18,ПРО-009,Продукты,1,127,30.0
2025-10-19,ПРО-009,Продукты,9,118,30.0
2025-10-20,ПРО-009,Продукты,4,151,30.0
2025-10-21,ПРО-009,Продукты,11,140,30.0
2025-10-22,ПРО-009,Продукты,2,138,30.0
2025-10-23,ПРО-009,Продукты,11,127,30.0
2025-10-24,ПРО-009,Продукты,6,121,30.0
2025-10-25,ПРО-009,Продукты,10,111,30.0
2025-10-26,ПРО-009,Продукты,13,98,30.0
2025-10-27,ПРО-009,Продукты,7,148,30.0
2025-10-28,ПРО-009,Продукты,6,142,30.0
2025-10-29,ПРО-009,Продукты,7,135,30.0
2025-10-30,ПРО-009,Продукты,3,132,30.0
2025-10-31,ПРО-009,Продукты,2,130,30.0
2025-11-01,ПРО-009,Продукты,19,111,30.0
2025-11-02,ПРО-009,Продукты,16,95,30.0
2025-11-03,ПРО-009,Продукты,6,149,30.0
2025-11-04,ПРО-009,Продукты,10,139,30.0
2025-11-05,ПРО-009,Продукты,3,136,30.0
2025-11-06,ПРО-009,Продукты,10,126,30.0
2025-11-07,ПРО-009,Продукты,8,118,30.0
2025-11-08,ПРО-009,Продукты,13,105,30.0
2025-11-09,ПРО-009,Продукты,11,94,30.0
2025-11-10,ПРО-009,Продукты,6,149,30.0
2025-11-11,ПРО-009,Продукты,5,144,30.0
2025-11-12,ПРО-009,Продукты,4,140,30.0
2025-11-13,ПРО-009,Продукты,9,131,30.0
2025-11-14,ПРО-009,Продукты,12,119,30.0
2025-11-15,ПРО-009,Продукты,13,106,30.0
2025-11-16,ПРО-009,Продукты,9,97,30.0
2025-11-17,ПРО-009,Продукты,7,148,30.0
2025-11-18,ПРО-009,Продукты,3,145,30.0
2025-11-19,ПРО-009,Продукты,11,134,30.0
2025-11-20,ПРО-009,Продукты,11,123,30.0
2025-11-21,ПРО-009,Продукты,2,121,30.0
2025-11-22,ПРО-009,Продукты,6,115,30.0
2025-11-23,ПРО-009,Продукты,6,109,30.0
2025-11-24,ПРО-009,Продукты,11,144,30.0
2025-11-25,ПРО-009,Продукты,1,143,30.0
2025-11-26,ПРО-009,Продукты,4,139,30.0
2025-11-27,ПРО-009,Продукты,2,137,30.0
2025-11-28,ПРО-009,Продукты,8,129,30.0
2025-11-29,ПРО-009,Продукты,19,110,30.0
2025-11-30,ПРО-009,Продукты,7,103,30.0
2025-12-01,ПРО-009,Продукты,9,146,30.0
2025-12-02,ПРО-009,Продукты,4,142,30.0
2025-12-03,ПРО-009,Продукты,10,132,30.0
2025-12-04,ПРО-009,Продукты,9,123,30.0
2025-12-05,ПРО-009,Продукты,14,109,30.0
2025-12-06,ПРО-009,Продукты,11,98,30.0
2025-12-07,ПРО-009,Продукты,4,94,30.0
2025-12-08,ПРО-009,Продукты,3,152,30.0
2025-12-09,ПРО-009,Продукты,9,143,30.0
2025-12-10,ПРО-009,Продукты,4,139,30.0
2025-12-11,ПРО-009,Продукты,3,136,30.0
2025-12-12,ПРО-009,Продукты,10,126,30.0
2025-12-13,ПРО-009,Продукты,8,118,30.0
2025-12-14,ПРО-009,Продукты,9,109,30.0
2025-12-15,ПРО-009,Продукты,2,153,30.0
2025-12-16,ПРО-009,Продукты,10,143,30.0
2025-12-17,ПРО-009,Продукты,5,138,30.0
2025-12-18,ПРО-009,Продукты,12,126,30.0
2025-12-19,ПРО-009,Продукты,3,123,30.0
2025-12-20,ПРО-009,Продукты,16,107,30.0
2025-12-21,ПРО-009,Продукты,12,95,30.0
2025-12-22,ПРО-009,Продукты,18,137,30.0
2025-12-23,ПРО-009,Продукты,6,131,30.0
2025-12-24,ПРО-009,Продукты,9,122,30.0
2025-12-25,ПРО-009,Продукты,11,111,30.0
2025-12-26,ПРО-009,Продукты,3,108,30.0
2025-12-27,ПРО-009,Продукты,15,93,30.0
2025-12-28,ПРО-009,Продукты,12,81,30.0
2025-12-29,ПРО-009,Продукты,19,136,30.0
2025-12-30,ПРО-009,Продукты,6,130,30.0
2025-12-31,ПРО-009,Продукты,3,127,30.0
2026-01-01,ПРО-009,Продукты,4,123,30.0
2026-01-02,ПРО-009,Продукты,3,120,30.0
2026-01-03,ПРО-009,Продукты,12,108,30.0
2026-01-04,ПРО-009,Продукты,20,88,30.0
2026-01-05,ПРО-009,Продукты,5,150,30.0
2026-01-06,ПРО-009,Продукты,27,123,30.0
2026-01-07,ПРО-009,Продукты,13,110,30.0
2026-01-08,ПРО-009,Продукты,4,106,30.0
2026-01-09,ПРО-009,Продукты,18,88,30.0
2026-01-10,ПРО-009,Продукты,5,83,30.0
2026-01-11,ПРО-009,Продукты,9,74,30.0
2026-01-12,ПРО-009,Продукты,14,141,30.0
2026-01-13,ПРО-009,Продукты,10,131,30.0
2026-01-14,ПРО-009,Продукты,13,118,30.0
2026-01-15,ПРО-009,Продукты,9,109,30.0
2026-01-16,ПРО-009,Продукты,7,102,30.0
2026-01-17,ПРО-009,Продукты,5,97,30.0
2026-01-18,ПРО-009,Продукты,14,83,30.0
2026-01-19,ПРО-009,Продукты,4,151,30.0
2026-01-20,ПРО-009,Продукты,8,143,30.0
2026-01-21,ПРО-009,Продукты,12,131,30.0
2026-01-22,ПРО-009,Продукты,6,125,30.0
2026-01-23,ПРО-009,Продукты,7,118,30.0
2026-01-24,ПРО-009,Продукты,10,108,30.0
2026-01-25,ПРО-009,Продукты,12,96,30.0
2026-01-26,ПРО-009,Продукты,1,154,30.0
2026-01-27,ПРО-009,Продукты,5,149,30.0
2026-01-28,ПРО-009,Продукты,10,139,30.0
2026-01-29,ПРО-009,Продукты,24,115,30.0
2026-01-30,ПРО-009,Продукты,5,110,30.0
2026-01-31,ПРО-009,Продукты,10,100,30.0
2026-02-01,ПРО-009,Продукты,17,83,30.0
2026-02-02,ПРО-009,Продукты,9,146,30.0
2026-02-03,ПРО-009,Продукты,4,142,30.0
2026-02-04,ПРО-009,Продукты,6,136,30.0
2026-02-05,ПРО-009,Продукты,15,121,30.0
2026-02-06,ПРО-009,Продукты,11,110,30.0
2026-02-07,ПРО-009,Продукты,17,93,30.0
2026-02-08,ПРО-009,Продукты,7,86,30.0
2026-02-09,ПРО-009,Продукты,10,145,30.0
2026-02-10,ПРО-009,Продукты,9,136,30.0
2026-02-11,ПРО-009,Продукты,4,132,30.0
2026-02-12,ПРО-009,Продукты,11,121,30.0
2026-02-13,ПРО-009,Продукты,2,119,30.0
2026-02-14,ПРО-009,Продукты,19,100,30.0
2026-02-15,ПРО-009,Продукты,9,91,30.0
2026-02-16,ПРО-009,Продукты,8,147,30.0
2026-02-17,ПРО-009,Продукты,9,138,30.0
2026-02-18,ПРО-009,Продукты,8,130,30.0
2026-02-19,ПРО-009,Продукты,5,125,30.0
2026-02-20,ПРО-009,Продукты,5,120,30.0
2026-02-21,ПРО-009,Продукты,20,100,30.0
2026-02-22,ПРО-009,Продукты,21,79,30.0
2026-02-23,ПРО-009,Продукты,5,150,30.0
2026-02-24,ПРО-009,Продукты,11,139,30.0
2026-02-25,ПРО-009,Продукты,3,136,30.0
2026-02-26,ПРО-009,Продукты,8,128,30.0
2026-02-27,ПРО-009,Продукты,15,113,30.0
2026-02-28,ПРО-009,Продукты,16,97,30.0
2026-03-01,ПРО-009,Продукты,5,92,30.0
2026-03-02,ПРО-009,Продукты,12,143,30.0
2026-03-03,ПРО-009,Продукты,11,132,30.0
2026-03-04,ПРО-009,Продукты,10,122,30.0
2026-03-05,ПРО-009,Продукты,11,111,30.0
2026-03-06,ПРО-009,Продукты,8,103,30.0
2026-03-07,ПРО-009,Продукты,21,82,30.0
2026-03-08,ПРО-009,Продукты,9,73,30.0
2026-03-09,ПРО-009,Продукты,4,151,30.0
2026-03-10,ПРО-009,Продукты,5,146,30.0
2026-03-11,ПРО-009,Продукты,6,140,30.0
2026-03-12,ПРО-009,Продукты,21,119,30.0
2026-03-13,ПРО-009,Продукты,3,116,30.0
2026-03-14,ПРО-009,Продукты,3,113,30.0
2026-03-15,ПРО-009,Продукты,7,106,30.0
2026-03-16,ПРО-009,Продукты,11,144,30.0
2026-03-17,ПРО-009,Продукты,13,131,30.0
2026-03-18,ПРО-009,Продукты,10,121,30.0
2026-03-19,ПРО-009,Продукты,9,112,30.0
2026-03-20,ПРО-009,Продукты,8,104,30.0
2026-03-21,ПРО-009,Продукты,12,92,30.0
2026-03-22,ПРО-009,Продукты,9,83,30.0
2026-03-23,ПРО-009,Продукты,12,143,30.0
2026-03-24,ПРО-009,Продукты,4,139,30.0
2026-03-25,ПРО-009,Продукты,15,124,30.0
2026-03-26,ПРО-009,Продукты,8,116,30.0
2026-03-27,ПРО-009,Продукты,7,109,30.0
2026-03-28,ПРО-009,Продукты,3,106,30.0
2026-03-29,ПРО-009,Продукты,8,98,30.0
2026-03-30,ПРО-009,Продукты,11,144,30.0
2026-03-31,ПРО-009,Продукты,11,133,30.0
2026-04-01,ПРО-009,Продукты,7,126,30.0
2026-04-02,ПРО-009,Продукты,26,100,30.0
2026-04-03,ПРО-009,Продукты,14,86,30.0
2026-04-04,ПРО-009,Продукты,14,72,30.0
2026-04-05,ПРО-009,Продукты,5,67,30.0
2026-04-06,ПРО-009,Продукты,14,141,30.0
2026-04-07,ПРО-009,Продукты,9,132,30.0
2026-04-08,ПРО-009,Продукты,6,126,30.0
2026-04-09,ПРО-009,Продукты,3,123,30.0
2026-04-10,ПРО-009,Продукты,4,119,30.0
2026-04-11,ПРО-009,Продукты,10,109,30.0
2026-04-12,ПРО-009,Продукты,20,89,30.0
2026-04-13,ПРО-009,Продукты,16,139,30.0
2026-04-14,ПРО-009,Продукты,7,132,30.0
2026-04-15,ПРО-009,Продукты,11,121,30.0
2026-04-16,ПРО-009,Продукты,10,111,30.0
2026-04-17,ПРО-009,Продукты,4,107,30.0
2026-04-18,ПРО-009,Продукты,8,99,30.0
2026-04-19,ПРО-009,Продукты,9,90,30.0
2026-04-20,ПРО-009,Продукты,4,151,30.0
2026-04-21,ПРО-009,Продукты,13,138,30.0
2026-04-22,ПРО-009,Продукты,9,129,30.0
2026-04-23,ПРО-009,Продукты,13,116,30.0
2026-04-24,ПРО-009,Продукты,2,114,30.0
2026-04-25,ПРО-009,Продукты,21,93,30.0
2026-04-26,ПРО-009,Продукты,4,89,30.0
2026-04-27,ПРО-009,Продукты,2,153,30.0
2026-04-28,ПРО-009,Продукты,13,140,30.0
2026-04-29,ПРО-009,Продукты,7,133,30.0
2026-04-30,ПРО-009,Продукты,13,120,30.0
2026-05-01,ПРО-009,Продукты,6,114,30.0
2026-05-02,ПРО-009,Продукты,6,108,30.0
2026-05-03,ПРО-009,Продукты,18,90,30.0
2026-05-04,ПРО-009,Продукты,11,144,30.0
2026-05-05,ПРО-009,Продукты,10,134,30.0
2026-05-06,ПРО-009,Продукты,5,129,30.0
2026-05-07,ПРО-009,Продукты,8,121,30.0
2026-05-08,ПРО-009,Продукты,13,108,30.0
2026-05-09,ПРО-009,Продукты,7,101,30.0
2026-05-10,ПРО-009,Продукты,9,92,30.0
2026-05-11,ПРО-009,Продукты,13,142,30.0
2026-05-12,ПРО-009,Продукты,11,131,30.0
2026-05-13,ПРО-009,Продукты,6,125,30.0
2026-05-14,ПРО-009,Продукты,14,111,30.0
2026-05-15,ПРО-009,Продукты,10,101,30.0
2026-05-16,ПРО-009,Продукты,12,89,30.0
2026-05-17,ПРО-009,Продукты,11,78,30.0
2026-05-18,ПРО-009,Продукты,6,149,30.0
2026-05-19,ПРО-009,Продукты,18,131,30.0
2026-05-20,ПРО-009,Продукты,2,129,30.0
2026-05-21,ПРО-009,Продукты,5,124,30.0
2026-05-22,ПРО-009,Продукты,4,120,30.0
2026-05-23,ПРО-009,Продукты,7,113,30.0
2026-05-24,ПРО-009,Продукты,5,108,30.0
2026-05-25,ПРО-009,Продукты,21,134,30.0
2026-05-26,ПРО-009,Продукты,16,118,30.0
2026-05-27,ПРО-009,Продукты,3,115,30.0
2026-05-28,ПРО-009,Продукты,11,104,30.0
2026-05-29,ПРО-009,Продукты,7,97,30.0
2026-05-30,ПРО-009,Продукты,25,72,30.0
2026-05-31,ПРО-009,Продукты,6,66,30.0
2026-06-01,ПРО-009,Продукты,13,142,30.0
2026-06-02,ПРО-009,Продукты,13,129,30.0
2026-06-03,ПРО-009,Продукты,6,123,30.0
2026-06-04,ПРО-009,Продукты,5,118,30.0
2026-06-05,ПРО-009,Продукты,18,100,30.0
2026-06-06,ПРО-009,Продукты,8,92,30.0
2026-06-07,ПРО-009,Продукты,12,80,30.0
2026-06-08,ПРО-009,Продукты,9,146,30.0
2026-06-09,ПРО-009,Продукты,9,137,30.0
2026-06-10,ПРО-009,Продукты,4,133,30.0
2026-06-11,ПРО-009,Продукты,14,119,30.0
2026-06-12,ПРО-009,Продукты,16,103,30.0
2026-06-13,ПРО-009,Продукты,8,95,30.0
2026-06-14,ПРО-009,Продукты,27,68,30.0
2026-06-15,ПРО-009,Продукты,4,151,30.0
2026-06-16,ПРО-009,Продукты,5,146,30.0
2026-06-17,ПРО-009,Продукты,8,138,30.0
2026-06-18,ПРО-009,Продукты,8,130,30.0
2026-06-19,ПРО-009,Продукты,13,117,30.0
2026-06-20,ПРО-009,Продукты,17,100,30.0
2026-06-21,ПРО-009,Продукты,5,95,30.0
2026-06-22,ПРО-009,Продукты,6,149,30.0
2026-06-23,ПРО-009,Продукты,21,128,30.0
2026-06-24,ПРО-009,Продукты,6,122,30.0
2026-06-25,ПРО-009,Продукты,5,117,30.0
2026-06-26,ПРО-009,Продукты,10,107,30.0
2026-06-27,ПРО-009,Продукты,8,99,30.0
2026-06-28,ПРО-009,Продукты,3,96,30.0
2026-06-29,ПРО-009,Продукты,7,148,30.0
2026-06-30,ПРО-009,Продукты,3,145,30.0
2026-07-01,ПРО-009,Продукты,5,140,30.0
2026-07-02,ПРО-009,Продукты,12,128,30.0
2026-07-03,ПРО-009,Продукты,13,115,30.0
2026-07-04,ПРО-009,Продукты,30,85,30.0
2026-07-05,ПРО-009,Продукты,36,49,30.0
2026-07-06,ПРО-009,Продукты,5,150,30.0
2026-07-07,ПРО-009,Продукты,9,141,30.0
2026-07-08,ПРО-009,Продукты,5,136,30.0
2026-07-09,ПРО-009,Продукты,8,128,30.0
2026-07-10,ПРО-009,Продукты,6,122,30.0
2026-07-11,ПРО-009,Продукты,10,112,30.0
2026-07-12,ПРО-009,Продукты,16,96,30.0
2026-07-13,ПРО-009,Продукты,4,151,30.0
2026-07-14,ПРО-009,Продукты,9,142,30.0
2026-07-15,ПРО-009,Продукты,4,138,30.0
2026-07-16,ПРО-009,Продукты,5,133,30.0
2026-07-17,ПРО-009,Продукты,11,122,30.0
2026-07-18,ПРО-009,Продукты,4,118,30.0
2026-07-19,ПРО-009,Продукты,5,113,30.0
2026-07-20,ПРО-009,Продукты,3,152,30.0
2026-07-21,ПРО-009,Продукты,14,138,30.0
2026-07-22,ПРО-009,Продукты,9,129,30.0
2026-07-23,ПРО-009,Продукты,6,123,30.0
2026-07-24,ПРО-009,Продукты,23,100,30.0
2026-07-25,ПРО-009,Продукты,20,80,30.0
2026-07-26,ПРО-009,Продукты,20,60,30.0
2026-07-27,ПРО-009,Продукты,12,143,30.0
2026-07-28,ПРО-009,Продукты,11,132,30.0
2026-07-29,ПРО-009,Продукты,23,109,30.0
2026-07-30,ПРО-009,Продукты,9,100,30.0
2026-07-31,ПРО-009,Продукты,9,91,30.0
2026-08-01,ПРО-009,Продукты,18,73,30.0
2026-08-02,ПРО-009,Продукты,3,70,30.0
2026-08-03,ПРО-009,Продукты,10,145,30.0
2026-08-04,ПРО-009,Продукты,20,125,30.0
2026-08-05,ПРО-009,Продукты,8,117,30.0
2026-08-06,ПРО-009,Продукты,6,111,30.0
2026-08-07,ПРО-009,Продукты,9,102,30.0
2026-08-08,ПРО-009,Продукты,13,89,30.0
2026-08-09,ПРО-009,Продукты,13,76,30.0
2026-08-10,ПРО-009,Продукты,14,141,30.0
2026-08-11,ПРО-009,Продукты,12,129,30.0
2026-08-12,ПРО-009,Продукты,11,118,30.0
2026-08-13,ПРО-009,Продукты,11,107,30.0
2026-08-14,ПРО-009,Продукты,10,97,30.0
2026-08-15,ПРО-009,Продукты,2,95,30.0
2026-08-16,ПРО-009,Продукты,7,88,30.0
2026-08-17,ПРО-009,Продукты,5,150,30.0
2026-08-18,ПРО-009,Продукты,2,148,30.0
2026-08-19,ПРО-009,Продукты,5,143,30.0
2026-08-20,ПРО-009,Продукты,17,126,30.0
2026-08-21,ПРО-009,Продукты,19,107,30.0
2026-08-22,ПРО-009,Продукты,24,83,30.0
2026-08-23,ПРО-009,Продукты,11,72,30.0
2026-08-24,ПРО-009,Продукты,16,139,30.0
2026-08-25,ПРО-009,Продукты,10,129,30.0
2026-08-26,ПРО-009,Продукты,3,126,30.0
2026-08-27,ПРО-009,Продукты,12,114,30.0
2026-08-28,ПРО-009,Продукты,14,100,30.0
2026-08-29,ПРО-009,Продукты,8,92,30.0
2026-08-30,ПРО-009,Продукты,6,86,30.0
2026-08-31,ПРО-009,Продукты,11,144,30.0
2026-09-01,ПРО-009,Продукты,3,141,30.0
2026-09-02,ПРО-009,Продукты,18,123,30.0
2026-09-03,ПРО-009,Продукты,14,109,30.0
2026-09-04,ПРО-009,Продукты,6,103,30.0
2026-09-05,ПРО-009,Продукты,18,85,30.0
2026-09-06,ПРО-009,Продукты,13,72,30.0
2026-09-07,ПРО-009,Продукты,3,152,30.0
2026-09-08,ПРО-009,Продукты,19,133,30.0
2026-09-09,ПРО-009,Продукты,8,125,30.0
2026-09-10,ПРО-009,Продукты,7,118,30.0
2026-09-11,ПРО-009,Продукты,7,111,30.0
2026-09-12,ПРО-009,Продукты,9,102,30.0
2026-09-13,ПРО-009,Продукты,14,88,30.0
2026-09-14,ПРО-009,Продукты,5,150,30.0
2026-09-15,ПРО-009,Продукты,9,141,30.0
2026-09-16,ПРО-009,Продукты,9,132,30.0
2026-09-17,ПРО-009,Продукты,7,125,30.0
2026-09-18,ПРО-009,Продукты,20,105,30.0
2026-09-19,ПРО-009,Продукты,10,95,30.0
2026-09-20,ПРО-009,Продукты,17,78,30.0
2026-09-21,ПРО-009,Продукты,9,146,30.0
2026-09-22,ПРО-009,Продукты,6,140,30.0
2026-09-23,ПРО-009,Продукты,13,127,30.0
2026-09-24,ПРО-009,Продукты,10,117,30.0
2026-09-25,ПРО-009,Продукты,14,103,30.0
2026-09-26,ПРО-009,Продукты,7,96,30.0
2026-09-27,ПРО-009,Продукты,4,92,30.0
2026-09-28,ПРО-009,Продукты,15,140,30.0
2026-09-29,ПРО-009,Продукты,20,120,30.0
2026-09-30,ПРО-009,Продукты,6,114,30.0
2025-06-01,ПРО-010,Продукты,10,180,39.41
2025-06-02,ПРО-010,Продукты,17,226,39.41
2025-06-03,ПРО-010,Продукты,14,212,39.41
2025-06-04,ПРО-010,Продукты,7,205,39.41
2025-06-05,ПРО-010,Продукты,10,195,39.41
2025-06-06,ПРО-010,Продукты,16,179,39.41
2025-06-07,ПРО-010,Продукты,16,163,39.41
2025-06-08,ПРО-010,Продукты,7,156,39.41
2025-06-09,ПРО-010,Продукты,10,233,39.41
2025-06-10,ПРО-010,Продукты,11,222,39.41
2025-06-11,ПРО-010,Продукты,11,211,39.41
2025-06-12,ПРО-010,Продукты,6,205,39.41
2025-06-13,ПРО-010,Продукты,10,195,39.41
2025-06-14,ПРО-010,Продукты,19,176,39.41
2025-06-15,ПРО-010,Продукты,8,168,39.41
2025-06-16,ПРО-010,Продукты,8,235,39.41
2025-06-17,ПРО-010,Продукты,8,227,39.41
2025-06-18,ПРО-010,Продукты,14,213,39.41
2025-06-19,ПРО-010,Продукты,15,198,39.41
2025-06-20,ПРО-010,Продукты,9,189,39.41
2025-06-21,ПРО-010,Продукты,9,180,39.41
2025-06-22,ПРО-010,Продукты,15,165,39.41
2025-06-23,ПРО-010,Продукты,13,230,39.41
2025-06-24,ПРО-010,Продукты,13,217,39.41
2025-06-25,ПРО-010,Продукты,11,206,39.41
2025-06-26,ПРО-010,Продукты,5,201,39.41
2025-06-27,ПРО-010,Продукты,12,189,39.41
2025-06-28,ПРО-010,Продукты,20,169,39.41
2025-06-29,ПРО-010,Продукты,17,152,39.41
2025-06-30,ПРО-010,Продукты,10,233,39.41
2025-07-01,ПРО-010,Продукты,8,225,39.41
2025-07-02,ПРО-010,Продукты,9,216,39.41
2025-07-03,ПРО-010,Продукты,16,200,39.41
2025-07-04,ПРО-010,Продукты,3,197,39.41
2025-07-05,ПРО-010,Продукты,22,175,39.41
2025-07-06,ПРО-010,Продукты,17,158,39.41
2025-07-07,ПРО-010,Продукты,9,234,39.41
2025-07-08,ПРО-010,Продукты,18,216,39.41
2025-07-09,ПРО-010,Продукты,11,205,39.41
2025-07-10,ПРО-010,Продукты,28,177,39.41
2025-07-11,ПРО-010,Продукты,14,163,39.41
2025-07-12,ПРО-010,Продукты,12,151,39.41
2025-07-13,ПРО-010,Продукты,10,141,39.41
2025-07-14,ПРО-010,Продукты,11,232,39.41
2025-07-15,ПРО-010,Продукты,24,208,39.41
2025-07-16,ПРО-010,Продукты,17,191,39.41
2025-07-17,ПРО-010,Продукты,15,176,39.41
2025-07-18,ПРО-010,Продукты,16,160,39.41
2025-07-19,ПРО-010,Продукты,31,129,39.41
2025-07-20,ПРО-010,Продукты,21,108,39.41
2025-07-21,ПРО-010,Продукты,8,235,39.41
2025-07-22,ПРО-010,Продукты,5,230,39.41
2025-07-23,ПРО-010,Продукты,9,221,39.41
2025-07-24,ПРО-010,Продукты,13,208,39.41
2025-07-25,ПРО-010,Продукты,14,194,39.41
2025-07-26,ПРО-010,Продукты,14,180,39.41
2025-07-27,ПРО-010,Продукты,3,177,39.41
2025-07-28,ПРО-010,Продукты,9,234,39.41
2025-07-29,ПРО-010,Продукты,29,205,39.41
2025-07-30,ПРО-010,Продукты,4,201,39.41
2025-07-31,ПРО-010,Продукты,6,195,39.41
2025-08-01,ПРО-010,Продукты,16,179,39.41
2025-08-02,ПРО-010,Продукты,6,173,39.41
2025-08-03,ПРО-010,Продукты,22,151,39.41
2025-08-04,ПРО-010,Продукты,15,228,39.41
2025-08-05,ПРО-010,Продукты,11,217,39.41
2025-08-06,ПРО-010,Продукты,20,197,39.41
2025-08-07,ПРО-010,Продукты,14,183,39.41
2025-08-08,ПРО-010,Продукты,4,179,39.41
2025-08-09,ПРО-010,Продукты,30,149,39.41
2025-08-10,ПРО-010,Продукты,14,135,39.41
2025-08-11,ПРО-010,Продукты,17,226,39.41
2025-08-12,ПРО-010,Продукты,31,195,39.41
2025-08-13,ПРО-010,Продукты,6,189,39.41
2025-08-14,ПРО-010,Продукты,10,179,39.41
2025-08-15,ПРО-010,Продукты,13,166,39.41
2025-08-16,ПРО-010,Продукты,29,137,39.41
2025-08-17,ПРО-010,Продукты,40,97,39.41
2025-08-18,ПРО-010,Продукты,2,241,39.41
2025-08-19,ПРО-010,Продукты,32,209,39.41
2025-08-20,ПРО-010,Продукты,10,199,39.41
2025-08-21,ПРО-010,Продукты,36,163,39.41
2025-08-22,ПРО-010,Продукты,7,156,39.41
2025-08-23,ПРО-010,Продукты,27,129,39.41
2025-08-24,ПРО-010,Продукты,17,112,39.41
2025-08-25,ПРО-010,Продукты,11,232,39.41
2025-08-26,ПРО-010,Продукты,18,214,39.41
2025-08-27,ПРО-010,Продукты,21,193,39.41
2025-08-28,ПРО-010,Продукты,17,176,39.41
2025-08-29,ПРО-010,Продукты,11,165,39.41
2025-08-30,ПРО-010,Продукты,13,152,39.41
2025-08-31,ПРО-010,Продукты,19,133,39.41
2025-09-01,ПРО-010,Продукты,12,231,39.41
2025-09-02,ПРО-010,Продукты,14,217,39.41
2025-09-03,ПРО-010,Продукты,23,194,39.41
2025-09-04,ПРО-010,Продукты,26,168,39.41
2025-09-05,ПРО-010,Продукты,34,134,39.41
2025-09-06,ПРО-010,Продукты,24,110,39.41
2025-09-07,ПРО-010,Продукты,35,75,39.41
2025-09-08,ПРО-010,Продукты,19,224,39.41
2025-09-09,ПРО-010,Продукты,21,203,39.41
2025-09-10,ПРО-010,Продукты,6,197,39.41
2025-09-11,ПРО-010,Продукты,12,185,39.41
2025-09-12,ПРО-010,Продукты,6,179,39.41
2025-09-13,ПРО-010,Продукты,24,155,39.41
2025-09-14,ПРО-010,Продукты,2,153,39.41
2025-09-15,ПРО-010,Продукты,18,225,39.41
2025-09-16,ПРО-010,Продукты,13,212,39.41
2025-09-17,ПРО-010,Продукты,25,187,39.41
2025-09-18,ПРО-010,Продукты,31,156,39.41
2025-09-19,ПРО-010,Продукты,7,149,39.41
2025-09-20,ПРО-010,Продукты,22,127,39.41
2025-09-21,ПРО-010,Продукты,27,100,39.41
2025-09-22,ПРО-010,Продукты,13,230,39.41
2025-09-23,ПРО-010,Продукты,8,222,39.41
2025-09-24,ПРО-010,Продукты,18,204,39.41
2025-09-25,ПРО-010,Продукты,9,195,39.41
2025-09-26,ПРО-010,Продукты,15,180,39.41
2025-09-27,ПРО-010,Продукты,22,158,39.41
2025-09-28,ПРО-010,Продукты,22,136,39.41
2025-09-29,ПРО-010,Продукты,10,233,39.41
2025-09-30,ПРО-010,Продукты,16,217,39.41
2025-10-01,ПРО-010,Продукты,7,210,39.41
2025-10-02,ПРО-010,Продукты,6,204,39.41
2025-10-03,ПРО-010,Продукты,19,185,39.41
2025-10-04,ПРО-010,Продукты,24,161,39.41
2025-10-05,ПРО-010,Продукты,6,155,39.41
2025-10-06,ПРО-010,Продукты,18,225,39.41
2025-10-07,ПРО-010,Продукты,5,220,39.41
2025-10-08,ПРО-010,Продукты,11,209,39.41
2025-10-09,ПРО-010,Продукты,7,202,39.41
2025-10-10,ПРО-010,Продукты,15,187,39.41
2025-10-11,ПРО-010,Продукты,23,164,39.41
2025-10-12,ПРО-010,Продукты,19,145,39.41
2025-10-13,ПРО-010,Продукты,4,239,39.41
2025-10-14,ПРО-010,Продукты,22,217,39.41
2025-10-15,ПРО-010,Продукты,21,196,39.41
2025-10-16,ПРО-010,Продукты,10,186,39.41
2025-10-17,ПРО-010,Продукты,11,175,39.41
2025-10-18,ПРО-010,Продукты,17,158,39.41
2025-10-19,ПРО-010,Продукты,10,148,39.41
2025-10-20,ПРО-010,Продукты,8,235,39.41
2025-10-21,ПРО-010,Продукты,13,222,39.41
2025-10-22,ПРО-010,Продукты,4,218,39.41
2025-10-23,ПРО-010,Продукты,10,208,39.41
2025-10-24,ПРО-010,Продукты,6,202,39.41
2025-10-25,ПРО-010,Продукты,13,189,39.41
2025-10-26,ПРО-010,Продукты,7,182,39.41
2025-10-27,ПРО-010,Продукты,15,228,39.41
2025-10-28,ПРО-010,Продукты,11,217,39.41
2025-10-29,ПРО-010,Продукты,7,210,39.41
2025-10-30,ПРО-010,Продукты,12,198,39.41
2025-10-31,ПРО-010,Продукты,14,184,39.41
2025-11-01,ПРО-010,Продукты,17,167,39.41
2025-11-02,ПРО-010,Продукты,35,132,39.41
2025-11-03,ПРО-010,Продукты,12,231,39.41
2025-11-04,ПРО-010,Продукты,11,220,39.41
2025-11-05,ПРО-010,Продукты,12,208,39.41
2025-11-06,ПРО-010,Продукты,18,190,39.41
2025-11-07,ПРО-010,Продукты,11,179,39.41
2025-11-08,ПРО-010,Продукты,21,158,39.41
2025-11-09,ПРО-010,Продукты,12,146,39.41
2025-11-10,ПРО-010,Продукты,18,225,39.41
2025-11-11,ПРО-010,Продукты,17,208,39.41
2025-11-12,ПРО-010,Продукты,18,190,39.41
2025-11-13,ПРО-010,Продукты,12,178,39.41
2025-11-14,ПРО-010,Продукты,3,175,39.41
2025-11-15,ПРО-010,Продукты,7,168,39.41
2025-11-16,ПРО-010,Продукты,10,158,39.41
2025-11-17,ПРО-010,Продукты,8,235,39.41
2025-11-18,ПРО-010,Продукты,21,214,39.41
2025-11-19,ПРО-010,Продукты,16,198,39.41
2025-11-20,ПРО-010,Продукты,15,183,39.41
2025-11-21,ПРО-010,Продукты,20,163,39.41
2025-11-22,ПРО-010,Продукты,15,148,39.41
2025-11-23,ПРО-010,Продукты,36,112,39.41
2025-11-24,ПРО-010,Продукты,6,237,39.41
2025-11-25,ПРО-010,Продукты,13,224,39.41
2025-11-26,ПРО-010,Продукты,20,204,39.41
2025-11-27,ПРО-010,Продукты,7,197,39.41
2025-11-28,ПРО-010,Продукты,11,186,39.41
2025-11-29,ПРО-010,Продукты,5,181,39.41
2025-11-30,ПРО-010,Продукты,20,161,39.41
2025-12-01,ПРО-010,Продукты,13,230,39.41
2025-12-02,ПРО-010,Продукты,32,198,39.41
2025-12-03,ПРО-010,Продукты,5,193,39.41
2025-12-04,ПРО-010,Продукты,4,189,39.41
2025-12-05,ПРО-010,Продукты,24,165,39.41
2025-12-06,ПРО-010,Продукты,19,146,39.41
2025-12-07,ПРО-010,Продукты,18,128,39.41
2025-12-08,ПРО-010,Продукты,10,233,39.41
2025-12-09,ПРО-010,Продукты,11,222,39.41
2025-12-10,ПРО-010,Продукты,9,213,39.41
2025-12-11,ПРО-010,Продукты,10,203,39.41
2025-12-12,ПРО-010,Продукты,12,191,39.41
2025-12-13,ПРО-010,Продукты,25,166,39.41
2025-12-14,ПРО-010,Продукты,28,138,39.41
2025-12-15,ПРО-010,Продукты,5,238,39.41
2025-12-16,ПРО-010,Продукты,8,230,39.41
2025-12-17,ПРО-010,Продукты,12,218,39.41
2025-12-18,ПРО-010,Продукты,12,206,39.41
2025-12-19,ПРО-010,Продукты,20,186,39.41
2025-12-20,ПРО-010,Продукты,34,152,39.41
2025-12-21,ПРО-010,Продукты,17,135,39.41
2025-12-22,ПРО-010,Продукты,8,235,39.41
2025-12-23,ПРО-010,Продукты,19,216,39.41
2025-12-24,ПРО-010,Продукты,19,197,39.41
2025-12-25,ПРО-010,Продукты,6,191,39.41
2025-12-26,ПРО-010,Продукты,11,180,39.41
2025-12-27,ПРО-010,Продукты,28,152,39.41
2025-12-28,ПРО-010,Продукты,3,149,39.41
2025-12-29,ПРО-010,Продукты,17,226,39.41
2025-12-30,ПРО-010,Продукты,16,210,39.41
2025-12-31,ПРО-010,Продукты,8,202,39.41
2026-01-01,ПРО-010,Продукты,14,188,39.41
2026-01-02,ПРО-010,Продукты,17,171,39.41
2026-01-03,ПРО-010,Продукты,38,133,39.41
2026-01-04,ПРО-010,Продукты,27,106,39.41
2026-01-05,ПРО-010,Продукты,9,234,39.41
2026-01-06,ПРО-010,Продукты,13,221,39.41
2026-01-07,ПРО-010,Продукты,7,214,39.41
2026-01-08,ПРО-010,Продукты,9,205,39.41
2026-01-09,ПРО-010,Продукты,25,180,39.41
2026-01-10,ПРО-010,Продукты,16,164,39.41
2026-01-11,ПРО-010,Продукты,27,137,39.41
2026-01-12,ПРО-010,Продукты,27,216,39.41
2026-01-13,ПРО-010,Продукты,8,208,39.41
2026-01-14,ПРО-010,Продукты,10,198,39.41
2026-01-15,ПРО-010,Продукты,10,188,39.41
2026-01-16,ПРО-010,Продукты,8,180,39.41
2026-01-17,ПРО-010,Продукты,15,165,39.41
2026-01-18,ПРО-010,Продукты,14,151,39.41
2026-01-19,ПРО-010,Продукты,8,235,39.41
2026-01-20,ПРО-010,Продукты,6,229,39.41
2026-01-21,ПРО-010,Продукты,4,225,39.41
2026-01-22,ПРО-010,Продукты,9,216,39.41
2026-01-23,ПРО-010,Продукты,44,172,39.41
2026-01-24,ПРО-010,Продукты,14,158,39.41
2026-01-25,ПРО-010,Продукты,57,101,39.41
2026-01-26,ПРО-010,Продукты,11,232,39.41
2026-01-27,ПРО-010,Продукты,16,216,39.41
2026-01-28,ПРО-010,Продукты,19,197,39.41
2026-01-29,ПРО-010,Продукты,9,188,39.41
2026-01-30,ПРО-010,Продукты,6,182,39.41
2026-01-31,ПРО-010,Продукты,19,163,39.41
2026-02-01,ПРО-010,Продукты,14,149,39.41
2026-02-02,ПРО-010,Продукты,6,237,39.41
2026-02-03,ПРО-010,Продукты,13,224,39.41
2026-02-04,ПРО-010,Продукты,11,213,39.41
2026-02-05,ПРО-010,Продукты,12,201,39.41
2026-02-06,ПРО-010,Продукты,20,181,39.41
2026-02-07,ПРО-010,Продукты,3,178,39.41
2026-02-08,ПРО-010,Продукты,3,175,39.41
2026-02-09,ПРО-010,Продукты,15,228,39.41
2026-02-10,ПРО-010,Продукты,4,224,39.41
2026-02-11,ПРО-010,Продукты,3,221,39.41
2026-02-12,ПРО-010,Продукты,12,209,39.41
2026-02-13,ПРО-010,Продукты,16,193,39.41
2026-02-14,ПРО-010,Продукты,8,185,39.41
2026-02-15,ПРО-010,Продукты,22,163,39.41
2026-02-16,ПРО-010,Продукты,7,236,39.41
2026-02-17,ПРО-010,Продукты,9,227,39.41
2026-02-18,ПРО-010,Продукты,9,218,39.41
2026-02-19,ПРО-010,Продукты,8,210,39.41
2026-02-20,ПРО-010,Продукты,20,190,39.41
2026-02-21,ПРО-010,Продукты,18,172,39.41
2026-02-22,ПРО-010,Продукты,47,125,39.41
2026-02-23,ПРО-010,Продукты,1,242,39.41
2026-02-24,ПРО-010,Продукты,20,222,39.41
2026-02-25,ПРО-010,Продукты,19,203,39.41
2026-02-26,ПРО-010,Продукты,8,195,39.41
2026-02-27,ПРО-010,Продукты,8,187,39.41
2026-02-28,ПРО-010,Продукты,23,164,39.41
2026-03-01,ПРО-010,Продукты,3,161,39.41
2026-03-02,ПРО-010,Продукты,32,211,39.41
2026-03-03,ПРО-010,Продукты,18,193,39.41
2026-03-04,ПРО-010,Продукты,9,184,39.41
2026-03-05,ПРО-010,Продукты,24,160,39.41
2026-03-06,ПРО-010,Продукты,16,144,39.41
2026-03-07,ПРО-010,Продукты,16,128,39.41
2026-03-08,ПРО-010,Продукты,6,122,39.41
2026-03-09,ПРО-010,Продукты,1,242,39.41
2026-03-10,ПРО-010,Продукты,4,238,39.41
2026-03-11,ПРО-010,Продукты,22,216,39.41
2026-03-12,ПРО-010,Продукты,10,206,39.41
2026-03-13,ПРО-010,Продукты,17,189,39.41
2026-03-14,ПРО-010,Продукты,12,177,39.41
2026-03-15,ПРО-010,Продукты,9,168,39.41
2026-03-16,ПРО-010,Продукты,18,225,39.41
2026-03-17,ПРО-010,Продукты,3,222,39.41
2026-03-18,ПРО-010,Продукты,18,204,39.41
2026-03-19,ПРО-010,Продукты,18,186,39.41
2026-03-20,ПРО-010,Продукты,8,178,39.41
2026-03-21,ПРО-010,Продукты,27,151,39.41
2026-03-22,ПРО-010,Продукты,25,126,39.41
2026-03-23,ПРО-010,Продукты,14,229,39.41
2026-03-24,ПРО-010,Продукты,18,211,39.41
2026-03-25,ПРО-010,Продукты,15,196,39.41
2026-03-26,ПРО-010,Продукты,1,195,39.41
2026-03-27,ПРО-010,Продукты,21,174,39.41
2026-03-28,ПРО-010,Продукты,27,147,39.41
2026-03-29,ПРО-010,Продукты,28,119,39.41
2026-03-30,ПРО-010,Продукты,16,227,39.41
2026-03-31,ПРО-010,Продукты,19,208,39.41
2026-04-01,ПРО-010,Продукты,22,186,39.41
2026-04-02,ПРО-010,Продукты,8,178,39.41
2026-04-03,ПРО-010,Продукты,19,159,39.41
2026-04-04,ПРО-010,Продукты,40,119,39.41
2026-04-05,ПРО-010,Продукты,24,95,39.41
2026-04-06,ПРО-010,Продукты,7,236,39.41
2026-04-07,ПРО-010,Продукты,27,209,39.41
2026-04-08,ПРО-010,Продукты,5,204,39.41
2026-04-09,ПРО-010,Продукты,17,187,39.41
2026-04-10,ПРО-010,Продукты,18,169,39.41
2026-04-11,ПРО-010,Продукты,12,157,39.41
2026-04-12,ПРО-010,Продукты,9,148,39.41
2026-04-13,ПРО-010,Продукты,28,215,39.41
2026-04-14,ПРО-010,Продукты,34,181,39.41
2026-04-15,ПРО-010,Продукты,6,175,39.41
2026-04-16,ПРО-010,Продукты,10,165,39.41
2026-04-17,ПРО-010,Продукты,8,157,39.41
2026-04-18,ПРО-010,Продукты,16,141,39.41
2026-04-19,ПРО-010,Продукты,7,134,39.41
2026-04-20,ПРО-010,Продукты,21,222,39.41
2026-04-21,ПРО-010,Продукты,27,195,39.41
2026-04-22,ПРО-010,Продукты,29,166,39.41
2026-04-23,ПРО-010,Продукты,5,161,39.41
2026-04-24,ПРО-010,Продукты,17,144,39.41
2026-04-25,ПРО-010,Продукты,17,127,39.41
2026-04-26,ПРО-010,Продукты,27,100,39.41
2026-04-27,ПРО-010,Продукты,15,228,39.41
2026-04-28,ПРО-010,Продукты,36,192,39.41
2026-04-29,ПРО-010,Продукты,22,170,39.41
2026-04-30,ПРО-010,Продукты,11,159,39.41
2026-05-01,ПРО-010,Продукты,10,149,39.41
2026-05-02,ПРО-010,Продукты,27,122,39.41
2026-05-03,ПРО-010,Продукты,12,110,39.41
2026-05-04,ПРО-010,Продукты,8,235,39.41
2026-05-05,ПРО-010,Продукты,14,221,39.41
2026-05-06,ПРО-010,Продукты,4,217,39.41
2026-05-07,ПРО-010,Продукты,32,185,39.41
2026-05-08,ПРО-010,Продукты,6,179,39.41
2026-05-09,ПРО-010,Продукты,7,172,39.41
2026-05-10,ПРО-010,Продукты,11,161,39.41
2026-05-11,ПРО-010,Продукты,13,230,39.41
2026-05-12,ПРО-010,Продукты,9,221,39.41
2026-05-13,ПРО-010,Продукты,8,213,39.41
2026-05-14,ПРО-010,Продукты,0,213,39.41
2026-05-15,ПРО-010,Продукты,26,187,39.41
2026-05-16,ПРО-010,Продукты,22,165,39.41
2026-05-17,ПРО-010,Продукты,27,138,39.41
2026-05-18,ПРО-010,Продукты,10,233,39.41
2026-05-19,ПРО-010,Продукты,6,227,39.41
2026-05-20,ПРО-010,Продукты,26,201,39.41
2026-05-21,ПРО-010,Продукты,4,197,39.41
2026-05-22,ПРО-010,Продукты,4,193,39.41
2026-05-23,ПРО-010,Продукты,41,152,39.41
2026-05-24,ПРО-010,Продукты,23,129,39.41
2026-05-25,ПРО-010,Продукты,13,230,39.41
2026-05-26,ПРО-010,Продукты,19,211,39.41
2026-05-27,ПРО-010,Продукты,11,200,39.41
2026-05-28,ПРО-010,Продукты,12,188,39.41
2026-05-29,ПРО-010,Продукты,18,170,39.41
2026-05-30,ПРО-010,Продукты,46,124,39.41
2026-05-31,ПРО-010,Продукты,8,116,39.41
2026-06-01,ПРО-010,Продукты,12,231,39.41
2026-06-02,ПРО-010,Продукты,12,219,39.41
2026-06-03,ПРО-010,Продукты,9,210,39.41
2026-06-04,ПРО-010,Продукты,25,185,39.41
2026-06-05,ПРО-010,Продукты,9,176,39.41
2026-06-06,ПРО-010,Продукты,22,154,39.41
2026-06-07,ПРО-010,Продукты,20,134,39.41
2026-06-08,ПРО-010,Продукты,18,225,39.41
2026-06-09,ПРО-010,Продукты,23,202,39.41
2026-06-10,ПРО-010,Продукты,9,193,39.41
2026-06-11,ПРО-010,Продукты,3,190,39.41
2026-06-12,ПРО-010,Продукты,34,156,39.41
2026-06-13,ПРО-010,Продукты,17,139,39.41
2026-06-14,ПРО-010,Продукты,25,114,39.41
2026-06-15,ПРО-010,Продукты,11,232,39.41
2026-06-16,ПРО-010,Продукты,16,216,39.41
2026-06-17,ПРО-010,Продукты,9,207,39.41
2026-06-18,ПРО-010,Продукты,14,193,39.41
2026-06-19,ПРО-010,Продукты,13,180,39.41
2026-06-20,ПРО-010,Продукты,29,151,39.41
2026-06-21,ПРО-010,Продукты,10,141,39.41
2026-06-22,ПРО-010,Продукты,10,233,39.41
2026-06-23,ПРО-010,Продукты,40,193,39.41
2026-06-24,ПРО-010,Продукты,9,184,39.41
2026-06-25,ПРО-010,Продукты,21,163,39.41
2026-06-26,ПРО-010,Продукты,18,145,39.41
2026-06-27,ПРО-010,Продукты,27,118,39.41
2026-06-28,ПРО-010,Продукты,26,92,39.41
2026-06-29,ПРО-010,Продукты,4,239,39.41
2026-06-30,ПРО-010,Продукты,19,220,39.41
2026-07-01,ПРО-010,Продукты,16,204,39.41
2026-07-02,ПРО-010,Продукты,18,186,39.41
2026-07-03,ПРО-010,Продукты,24,162,39.41
2026-07-04,ПРО-010,Продукты,11,151,39.41
2026-07-05,ПРО-010,Продукты,15,136,39.41
2026-07-06,ПРО-010,Продукты,29,214,39.41
2026-07-07,ПРО-010,Продукты,16,198,39.41
2026-07-08,ПРО-010,Продукты,13,185,39.41
2026-07-09,ПРО-010,Продукты,9,176,39.41
2026-07-10,ПРО-010,Продукты,24,152,39.41
2026-07-11,ПРО-010,Продукты,14,138,39.41
2026-07-12,ПРО-010,Продукты,27,111,39.41
2026-07-13,ПРО-010,Продукты,24,219,39.41
2026-07-14,ПРО-010,Продукты,10,209,39.41
2026-07-15,ПРО-010,Продукты,39,170,39.41
2026-07-16,ПРО-010,Продукты,30,140,39.41
2026-07-17,ПРО-010,Продукты,7,133,39.41
2026-07-18,ПРО-010,Продукты,18,115,39.41
2026-07-19,ПРО-010,Продукты,6,109,39.41
2026-07-20,ПРО-010,Продукты,14,229,39.41
2026-07-21,ПРО-010,Продукты,17,212,39.41
2026-07-22,ПРО-010,Продукты,5,207,39.41
2026-07-23,ПРО-010,Продукты,15,192,39.41
2026-07-24,ПРО-010,Продукты,13,179,39.41
2026-07-25,ПРО-010,Продукты,40,139,39.41
2026-07-26,ПРО-010,Продукты,10,129,39.41
2026-07-27,ПРО-010,Продукты,14,229,39.41
2026-07-28,ПРО-010,Продукты,16,213,39.41
2026-07-29,ПРО-010,Продукты,25,188,39.41
2026-07-30,ПРО-010,Продукты,16,172,39.41
2026-07-31,ПРО-010,Продукты,16,156,39.41
2026-08-01,ПРО-010,Продукты,16,140,39.41
2026-08-02,ПРО-010,Продукты,7,133,39.41
2026-08-03,ПРО-010,Продукты,10,233,39.41
2026-08-04,ПРО-010,Продукты,12,221,39.41
2026-08-05,ПРО-010,Продукты,27,194,39.41
2026-08-06,ПРО-010,Продукты,4,190,39.41
2026-08-07,ПРО-010,Продукты,10,180,39.41
2026-08-08,ПРО-010,Продукты,18,162,39.41
2026-08-09,ПРО-010,Продукты,22,140,39.41
2026-08-10,ПРО-010,Продукты,26,217,39.41
2026-08-11,ПРО-010,Продукты,11,206,39.41
2026-08-12,ПРО-010,Продукты,13,193,39.41
2026-08-13,ПРО-010,Продукты,3,190,39.41
2026-08-14,ПРО-010,Продукты,8,182,39.41
2026-08-15,ПРО-010,Продукты,16,166,39.41
2026-08-16,ПРО-010,Продукты,12,154,39.41
2026-08-17,ПРО-010,Продукты,28,215,39.41
2026-08-18,ПРО-010,Продукты,18,197,39.41
2026-08-19,ПРО-010,Продукты,32,165,39.41
2026-08-20,ПРО-010,Продукты,30,135,39.41
2026-08-21,ПРО-010,Продукты,20,115,39.41
2026-08-22,ПРО-010,Продукты,6,109,39.41
2026-08-23,ПРО-010,Продукты,29,80,39.41
2026-08-24,ПРО-010,Продукты,10,233,39.41
2026-08-25,ПРО-010,Продукты,19,214,39.41
2026-08-26,ПРО-010,Продукты,6,208,39.41
2026-08-27,ПРО-010,Продукты,14,194,39.41
2026-08-28,ПРО-010,Продукты,8,186,39.41
2026-08-29,ПРО-010,Продукты,19,167,39.41
2026-08-30,ПРО-010,Продукты,3,164,39.41
2026-08-31,ПРО-010,Продукты,9,234,39.41
2026-09-01,ПРО-010,Продукты,8,226,39.41
2026-09-02,ПРО-010,Продукты,15,211,39.41
2026-09-03,ПРО-010,Продукты,11,200,39.41
2026-09-04,ПРО-010,Продукты,3,197,39.41
2026-09-05,ПРО-010,Продукты,15,182,39.41
2026-09-06,ПРО-010,Продукты,17,165,39.41
2026-09-07,ПРО-010,Продукты,11,232,39.41
2026-09-08,ПРО-010,Продукты,6,226,39.41
2026-09-09,ПРО-010,Продукты,13,213,39.41
2026-09-10,ПРО-010,Продукты,10,203,39.41
2026-09-11,ПРО-010,Продукты,9,194,39.41
2026-09-12,ПРО-010,Продукты,22,172,39.41
2026-09-13,ПРО-010,Продукты,12,160,39.41
2026-09-14,ПРО-010,Продукты,11,232,39.41
2026-09-15,ПРО-010,Продукты,7,225,39.41
2026-09-16,ПРО-010,Продукты,3,222,39.41
2026-09-17,ПРО-010,Продукты,7,215,39.41
2026-09-18,ПРО-010,Продукты,14,201,39.41
2026-09-19,ПРО-010,Продукты,10,191,39.41
2026-09-20,ПРО-010,Продукты,15,176,39.41
2026-09-21,ПРО-010,Продукты,34,209,39.41
2026-09-22,ПРО-010,Продукты,14,195,39.41
2026-09-23,ПРО-010,Продукты,15,180,39.41
2026-09-24,ПРО-010,Продукты,13,167,39.41
2026-09-25,ПРО-010,Продукты,23,144,39.41
2026-09-26,ПРО-010,Продукты,11,133,39.41
2026-09-27,ПРО-010,Продукты,19,114,39.41
2026-09-28,ПРО-010,Продукты,7,236,39.41
2026-09-29,ПРО-010,Продукты,6,230,39.41
2026-09-30,ПРО-010,Продукты,9,221,39.41
2025-06-01,ПРО-011,Продукты,5,71,32.61
2025-06-02,ПРО-011,Продукты,1,94,32.61
2025-06-03,ПРО-011,Продукты,3,91,32.61
2025-06-04,ПРО-011,Продукты,3,88,32.61
2025-06-05,ПРО-011,Продукты,6,82,32.61
2025-06-06,ПРО-011,Продукты,0,82,32.61
2025-06-07,ПРО-011,Продукты,13,69,32.61
2025-06-08,ПРО-011,Продукты,7,62,32.61
2025-06-09,ПРО-011,Продукты,5,90,32.61
2025-06-10,ПРО-011,Продукты,8,82,32.61
2025-06-11,ПРО-011,Продукты,3,79,32.61
2025-06-12,ПРО-011,Продукты,3,76,32.61
2025-06-13,ПРО-011,Продукты,5,71,32.61
2025-06-14,ПРО-011,Продукты,11,60,32.61
2025-06-15,ПРО-011,Продукты,6,54,32.61
2025-06-16,ПРО-011,Продукты,8,87,32.61
2025-06-17,ПРО-011,Продукты,3,84,32.61
2025-06-18,ПРО-011,Продукты,7,77,32.61
2025-06-19,ПРО-011,Продукты,3,74,32.61
2025-06-20,ПРО-011,Продукты,13,61,32.61
2025-06-21,ПРО-011,Продукты,4,57,32.61
2025-06-22,ПРО-011,Продукты,4,53,32.61
2025-06-23,ПРО-011,Продукты,7,88,32.61
2025-06-24,ПРО-011,Продукты,9,79,32.61
2025-06-25,ПРО-011,Продукты,13,66,32.61
2025-06-26,ПРО-011,Продукты,8,58,32.61
2025-06-27,ПРО-011,Продукты,6,52,32.61
2025-06-28,ПРО-011,Продукты,2,50,32.61
2025-06-29,ПРО-011,Продукты,18,32,32.61
2025-06-30,ПРО-011,Продукты,7,88,32.61
2025-07-01,ПРО-011,Продукты,3,85,32.61
2025-07-02,ПРО-011,Продукты,6,79,32.61
2025-07-03,ПРО-011,Продукты,7,72,32.61
2025-07-04,ПРО-011,Продукты,11,61,32.61
2025-07-05,ПРО-011,Продукты,2,59,32.61
2025-07-06,ПРО-011,Продукты,12,47,32.61
2025-07-07,ПРО-011,Продукты,2,93,32.61
2025-07-08,ПРО-011,Продукты,5,88,32.61
2025-07-09,ПРО-011,Продукты,5,83,32.61
2025-07-10,ПРО-011,Продукты,8,75,32.61
2025-07-11,ПРО-011,Продукты,4,71,32.61
2025-07-12,ПРО-011,Продукты,3,68,32.61
2025-07-13,ПРО-011,Продукты,7,61,32.61
2025-07-14,ПРО-011,Продукты,6,89,32.61
2025-07-15,ПРО-011,Продукты,8,81,32.61
2025-07-16,ПРО-011,Продукты,5,76,32.61
2025-07-17,ПРО-011,Продукты,16,60,32.61
2025-07-18,ПРО-011,Продукты,6,54,32.61
2025-07-19,ПРО-011,Продукты,6,48,32.61
2025-07-20,ПРО-011,Продукты,9,39,32.61
2025-07-21,ПРО-011,Продукты,3,92,32.61
2025-07-22,ПРО-011,Продукты,3,89,32.61
2025-07-23,ПРО-011,Продукты,5,84,32.61
2025-07-24,ПРО-011,Продукты,2,82,32.61
2025-07-25,ПРО-011,Продукты,5,77,32.61
2025-07-26,ПРО-011,Продукты,16,61,32.61
2025-07-27,ПРО-011,Продукты,7,54,32.61
2025-07-28,ПРО-011,Продукты,7,88,32.61
2025-07-29,ПРО-011,Продукты,4,84,32.61
2025-07-30,ПРО-011,Продукты,3,81,32.61
2025-07-31,ПРО-011,Продукты,3,78,32.61
2025-08-01,ПРО-011,Продукты,0,78,32.61
2025-08-02,ПРО-011,Продукты,19,59,32.61
2025-08-03,ПРО-011,Продукты,5,54,32.61
2025-08-04,ПРО-011,Продукты,2,93,32.61
2025-08-05,ПРО-011,Продукты,8,85,32.61
2025-08-06,ПРО-011,Продукты,7,78,32.61
2025-08-07,ПРО-011,Продукты,3,75,32.61
2025-08-08,ПРО-011,Продукты,6,69,32.61
2025-08-09,ПРО-011,Продукты,14,55,32.61
2025-08-10,ПРО-011,Продукты,8,47,32.61
2025-08-11,ПРО-011,Продукты,6,89,32.61
2025-08-12,ПРО-011,Продукты,1,88,32.61
2025-08-13,ПРО-011,Продукты,3,85,32.61
2025-08-14,ПРО-011,Продукты,9,76,32.61
2025-08-15,ПРО-011,Продукты,4,72,32.61
2025-08-16,ПРО-011,Продукты,4,68,32.61
2025-08-17,ПРО-011,Продукты,4,64,32.61
2025-08-18,ПРО-011,Продукты,1,94,32.61
2025-08-19,ПРО-011,Продукты,3,91,32.61
2025-08-20,ПРО-011,Продукты,2,89,32.61
2025-08-21,ПРО-011,Продукты,10,79,32.61
2025-08-22,ПРО-011,Продукты,1,78,32.61
2025-08-23,ПРО-011,Продукты,2,76,32.61
2025-08-24,ПРО-011,Продукты,14,62,32.61
2025-08-25,ПРО-011,Продукты,9,86,32.61
2025-08-26,ПРО-011,Продукты,4,82,32.61
2025-08-27,ПРО-011,Продукты,6,76,32.61
2025-08-28,ПРО-011,Продукты,5,71,32.61
2025-08-29,ПРО-011,Продукты,5,66,32.61
2025-08-30,ПРО-011,Продукты,7,59,32.61
2025-08-31,ПРО-011,Продукты,3,56,32.61
2025-09-01,ПРО-011,Продукты,4,91,32.61
2025-09-02,ПРО-011,Продукты,2,89,32.61
2025-09-03,ПРО-011,Продукты,9,80,32.61
2025-09-04,ПРО-011,Продукты,10,70,32.61
2025-09-05,ПРО-011,Продукты,11,59,32.61
2025-09-06,ПРО-011,Продукты,5,54,32.61
2025-09-07,ПРО-011,Продукты,5,49,32.61
2025-09-08,ПРО-011,Продукты,1,94,32.61
2025-09-09,ПРО-011,Продукты,4,90,32.61
2025-09-10,ПРО-011,Продукты,0,90,32.61
2025-09-11,ПРО-011,Продукты,5,85,32.61
2025-09-12,ПРО-011,Продукты,6,79,32.61
2025-09-13,ПРО-011,Продукты,8,71,32.61
2025-09-14,ПРО-011,Продукты,1,70,32.61
2025-09-15,ПРО-011,Продукты,1,94,32.61
2025-09-16,ПРО-011,Продукты,5,89,32.61
2025-09-17,ПРО-011,Продукты,3,86,32.61
2025-09-18,ПРО-011,Продукты,8,78,32.61
2025-09-19,ПРО-011,Продукты,2,76,32.61
2025-09-20,ПРО-011,Продукты,12,64,32.61
2025-09-21,ПРО-011,Продукты,9,55,32.61
2025-09-22,ПРО-011,Продукты,3,92,32.61
2025-09-23,ПРО-011,Продукты,2,90,32.61
2025-09-24,ПРО-011,Продукты,4,86,32.61
2025-09-25,ПРО-011,Продукты,6,80,32.61
2025-09-26,ПРО-011,Продукты,9,71,32.61
2025-09-27,ПРО-011,Продукты,7,64,32.61
2025-09-28,ПРО-011,Продукты,14,50,32.61
2025-09-29,ПРО-011,Продукты,6,89,32.61
2025-09-30,ПРО-011,Продукты,7,82,32.61
2025-10-01,ПРО-011,Продукты,4,78,32.61
2025-10-02,ПРО-011,Продукты,3,75,32.61
2025-10-03,ПРО-011,Продукты,5,70,32.61
2025-10-04,ПРО-011,Продукты,6,64,32.61
2025-10-05,ПРО-011,Продукты,11,53,32.61
2025-10-06,ПРО-011,Продукты,5,90,32.61
2025-10-07,ПРО-011,Продукты,4,86,32.61
2025-10-08,ПРО-011,Продукты,5,81,32.61
2025-10-09,ПРО-011,Продукты,4,77,32.61
2025-10-10,ПРО-011,Продукты,4,73,32.61
2025-10-11,ПРО-011,Продукты,14,59,32.61
2025-10-12,ПРО-011,Продукты,6,53,32.61
2025-10-13,ПРО-011,Продукты,4,91,32.61
2025-10-14,ПРО-011,Продукты,3,88,32.61
2025-10-15,ПРО-011,Продукты,4,84,32.61
2025-10-16,ПРО-011,Продукты,13,71,32.61
2025-10-17,ПРО-011,Продукты,8,63,32.61
2025-10-18,ПРО-011,Продукты,6,57,32.61
2025-10-19,ПРО-011,Продукты,7,50,32.61
2025-10-20,ПРО-011,Продукты,5,90,32.61
2025-10-21,ПРО-011,Продукты,3,87,32.61
2025-10-22,ПРО-011,Продукты,5,82,32.61
2025-10-23,ПРО-011,Продукты,2,80,32.61
2025-10-24,ПРО-011,Продукты,8,72,32.61
2025-10-25,ПРО-011,Продукты,4,68,32.61
2025-10-26,ПРО-011,Продукты,10,58,32.61
2025-10-27,ПРО-011,Продукты,9,86,32.61
2025-10-28,ПРО-011,Продукты,1,85,32.61
2025-10-29,ПРО-011,Продукты,6,79,32.61
2025-10-30,ПРО-011,Продукты,5,74,32.61
2025-10-31,ПРО-011,Продукты,8,66,32.61
2025-11-01,ПРО-011,Продукты,8,58,32.61
2025-11-02,ПРО-011,Продукты,4,54,32.61
2025-11-03,ПРО-011,Продукты,3,92,32.61
2025-11-04,ПРО-011,Продукты,4,88,32.61
2025-11-05,ПРО-011,Продукты,5,83,32.61
2025-11-06,ПРО-011,Продукты,2,81,32.61
2025-11-07,ПРО-011,Продукты,13,68,32.61
2025-11-08,ПРО-011,Продукты,2,66,32.61
2025-11-09,ПРО-011,Продукты,1,65,32.61
2025-11-10,ПРО-011,Продукты,1,94,32.61
2025-11-11,ПРО-011,Продукты,3,91,32.61
2025-11-12,ПРО-011,Продукты,4,87,32.61
2025-11-13,ПРО-011,Продукты,2,85,32.61
2025-11-14,ПРО-011,Продукты,8,77,32.61
2025-11-15,ПРО-011,Продукты,3,74,32.61
2025-11-16,ПРО-011,Продукты,10,64,32.61
2025-11-17,ПРО-011,Продукты,3,92,32.61
2025-11-18,ПРО-011,Продукты,2,90,32.61
2025-11-19,ПРО-011,Продукты,0,90,32.61
2025-11-20,ПРО-011,Продукты,3,87,32.61
2025-11-21,ПРО-011,Продукты,7,80,32.61
2025-11-22,ПРО-011,Продукты,6,74,32.61
2025-11-23,ПРО-011,Продукты,3,71,32.61
2025-11-24,ПРО-011,Продукты,12,83,32.61
2025-11-25,ПРО-011,Продукты,5,78,32.61
2025-11-26,ПРО-011,Продукты,2,76,32.61
2025-11-27,ПРО-011,Продукты,1,75,32.61
2025-11-28,ПРО-011,Продукты,10,65,32.61
2025-11-29,ПРО-011,Продукты,9,56,32.61
2025-11-30,ПРО-011,Продукты,4,52,32.61
2025-12-01,ПРО-011,Продукты,8,87,32.61
2025-12-02,ПРО-011,Продукты,3,84,32.61
2025-12-03,ПРО-011,Продукты,2,82,32.61
2025-12-04,ПРО-011,Продукты,2,80,32.61
2025-12-05,ПРО-011,Продукты,7,73,32.61
2025-12-06,ПРО-011,Продукты,3,70,32.61
2025-12-07,ПРО-011,Продукты,1,69,32.61
2025-12-08,ПРО-011,Продукты,3,92,32.61
2025-12-09,ПРО-011,Продукты,3,89,32.61
2025-12-10,ПРО-011,Продукты,5,84,32.61
2025-12-11,ПРО-011,Продукты,2,82,32.61
2025-12-12,ПРО-011,Продукты,8,74,32.61
2025-12-13,ПРО-011,Продукты,5,69,32.61
2025-12-14,ПРО-011,Продукты,8,61,32.61
2025-12-15,ПРО-011,Продукты,1,94,32.61
2025-12-16,ПРО-011,Продукты,1,93,32.61
2025-12-17,ПРО-011,Продукты,0,93,32.61
2025-12-18,ПРО-011,Продукты,0,93,32.61
2025-12-19,ПРО-011,Продукты,5,88,32.61
2025-12-20,ПРО-011,Продукты,4,84,32.61
2025-12-21,ПРО-011,Продукты,3,81,32.61
2025-12-22,ПРО-011,Продукты,6,89,32.61
2025-12-23,ПРО-011,Продукты,16,73,32.61
2025-12-24,ПРО-011,Продукты,7,66,32.61
2025-12-25,ПРО-011,Продукты,1,65,32.61
2025-12-26,ПРО-011,Продукты,2,63,32.61
2025-12-27,ПРО-011,Продукты,5,58,32.61
2025-12-28,ПРО-011,Продукты,6,52,32.61
2025-12-29,ПРО-011,Продукты,2,93,32.61
2025-12-30,ПРО-011,Продукты,4,89,32.61
2025-12-31,ПРО-011,Продукты,2,87,32.61
2026-01-01,ПРО-011,Продукты,5,82,32.61
2026-01-02,ПРО-011,Продукты,11,71,32.61
2026-01-03,ПРО-011,Продукты,1,70,32.61
2026-01-04,ПРО-011,Продукты,9,61,32.61
2026-01-05,ПРО-011,Продукты,3,92,32.61
2026-01-06,ПРО-011,Продукты,2,90,32.61
2026-01-07,ПРО-011,Продукты,3,87,32.61
2026-01-08,ПРО-011,Продукты,9,78,32.61
2026-01-09,ПРО-011,Продукты,10,68,32.61
2026-01-10,ПРО-011,Продукты,7,61,32.61
2026-01-11,ПРО-011,Продукты,5,56,32.61
2026-01-12,ПРО-011,Продукты,4,91,32.61
2026-01-13,ПРО-011,Продукты,6,85,32.61
2026-01-14,ПРО-011,Продукты,2,83,32.61
2026-01-15,ПРО-011,Продукты,11,72,32.61
2026-01-16,ПРО-011,Продукты,1,71,32.61
2026-01-17,ПРО-011,Продукты,5,66,32.61
2026-01-18,ПРО-011,Продукты,7,59,32.61
2026-01-19,ПРО-011,Продукты,2,93,32.61
2026-01-20,ПРО-011,Продукты,3,90,32.61
2026-01-21,ПРО-011,Продукты,8,82,32.61
2026-01-22,ПРО-011,Продукты,5,77,32.61
2026-01-23,ПРО-011,Продукты,2,75,32.61
2026-01-24,ПРО-011,Продукты,8,67,32.61
2026-01-25,ПРО-011,Продукты,12,55,32.61
2026-01-26,ПРО-011,Продукты,6,89,32.61
2026-01-27,ПРО-011,Продукты,7,82,32.61
2026-01-28,ПРО-011,Продукты,3,79,32.61
2026-01-29,ПРО-011,Продукты,7,72,32.61
2026-01-30,ПРО-011,Продукты,10,62,32.61
2026-01-31,ПРО-011,Продукты,4,58,32.61
2026-02-01,ПРО-011,Продукты,5,53,32.61
2026-02-02,ПРО-011,Продукты,3,92,32.61
2026-02-03,ПРО-011,Продукты,4,88,32.61
2026-02-04,ПРО-011,Продукты,0,88,32.61
2026-02-05,ПРО-011,Продукты,3,85,32.61
2026-02-06,ПРО-011,Продукты,3,82,32.61
2026-02-07,ПРО-011,Продукты,3,79,32.61
2026-02-08,ПРО-011,Продукты,5,74,32.61
2026-02-09,ПРО-011,Продукты,10,85,32.61
2026-02-10,ПРО-011,Продукты,2,83,32.61
2026-02-11,ПРО-011,Продукты,9,74,32.61
2026-02-12,ПРО-011,Продукты,2,72,32.61
2026-02-13,ПРО-011,Продукты,8,64,32.61
2026-02-14,ПРО-011,Продукты,1,63,32.61
2026-02-15,ПРО-011,Продукты,7,56,32.61
2026-02-16,ПРО-011,Продукты,4,91,32.61
2026-02-17,ПРО-011,Продукты,5,86,32.61
2026-02-18,ПРО-011,Продукты,2,84,32.61
2026-02-19,ПРО-011,Продукты,2,82,32.61
2026-02-20,ПРО-011,Продукты,7,75,32.61
2026-02-21,ПРО-011,Продукты,11,64,32.61
2026-02-22,ПРО-011,Продукты,3,61,32.61
2026-02-23,ПРО-011,Продукты,2,93,32.61
2026-02-24,ПРО-011,Продукты,9,84,32.61
2026-02-25,ПРО-011,Продукты,5,79,32.61
2026-02-26,ПРО-011,Продукты,3,76,32.61
2026-02-27,ПРО-011,Продукты,3,73,32.61
2026-02-28,ПРО-011,Продукты,3,70,32.61
2026-03-01,ПРО-011,Продукты,3,67,32.61
2026-03-02,ПРО-011,Продукты,4,91,32.61
2026-03-03,ПРО-011,Продукты,3,88,32.61
2026-03-04,ПРО-011,Продукты,2,86,32.61
2026-03-05,ПРО-011,Продукты,11,75,32.61
2026-03-06,ПРО-011,Продукты,5,70,32.61
2026-03-07,ПРО-011,Продукты,6,64,32.61
2026-03-08,ПРО-011,Продукты,8,56,32.61
2026-03-09,ПРО-011,Продукты,7,88,32.61
2026-03-10,ПРО-011,Продукты,6,82,32.61
2026-03-11,ПРО-011,Продукты,7,75,32.61
2026-03-12,ПРО-011,Продукты,6,69,32.61
2026-03-13,ПРО-011,Продукты,10,59,32.61
2026-03-14,ПРО-011,Продукты,5,54,32.61
2026-03-15,ПРО-011,Продукты,4,50,32.61
2026-03-16,ПРО-011,Продукты,4,91,32.61
2026-03-17,ПРО-011,Продукты,5,86,32.61
2026-03-18,ПРО-011,Продукты,4,82,32.61
2026-03-19,ПРО-011,Продукты,11,71,32.61
2026-03-20,ПРО-011,Продукты,4,67,32.61
2026-03-21,ПРО-011,Продукты,6,61,32.61
2026-03-22,ПРО-011,Продукты,5,56,32.61
2026-03-23,ПРО-011,Продукты,7,88,32.61
2026-03-24,ПРО-011,Продукты,5,83,32.61
2026-03-25,ПРО-011,Продукты,2,81,32.61
2026-03-26,ПРО-011,Продукты,0,81,32.61
2026-03-27,ПРО-011,Продукты,6,75,32.61
2026-03-28,ПРО-011,Продукты,7,68,32.61
2026-03-29,ПРО-011,Продукты,1,67,32.61
2026-03-30,ПРО-011,Продукты,8,87,32.61
2026-03-31,ПРО-011,Продукты,5,82,32.61
2026-04-01,ПРО-011,Продукты,5,77,32.61
2026-04-02,ПРО-011,Продукты,7,70,32.61
2026-04-03,ПРО-011,Продукты,6,64,32.61
2026-04-04,ПРО-011,Продукты,6,58,32.61
2026-04-05,ПРО-011,Продукты,8,50,32.61
2026-04-06,ПРО-011,Продукты,10,85,32.61
2026-04-07,ПРО-011,Продукты,6,79,32.61
2026-04-08,ПРО-011,Продукты,0,79,32.61
2026-04-09,ПРО-011,Продукты,9,70,32.61
2026-04-10,ПРО-011,Продукты,7,63,32.61
2026-04-11,ПРО-011,Продукты,10,53,32.61
2026-04-12,ПРО-011,Продукты,6,47,32.61
2026-04-13,ПРО-011,Продукты,1,94,32.61
2026-04-14,ПРО-011,Продукты,3,91,32.61
2026-04-15,ПРО-011,Продукты,3,88,32.61
2026-04-16,ПРО-011,Продукты,10,78,32.61
2026-04-17,ПРО-011,Продукты,9,69,32.61
2026-04-18,ПРО-011,Продукты,7,62,32.61
2026-04-19,ПРО-011,Продукты,6,56,32.61
2026-04-20,ПРО-011,Продукты,7,88,32.61
2026-04-21,ПРО-011,Продукты,19,69,32.61
2026-04-22,ПРО-011,Продукты,2,67,32.61
2026-04-23,ПРО-011,Продукты,5,62,32.61
2026-04-24,ПРО-011,Продукты,18,44,32.61
2026-04-25,ПРО-011,Продукты,4,40,32.61
2026-04-26,ПРО-011,Продукты,2,38,32.61
2026-04-27,ПРО-011,Продукты,9,86,32.61
2026-04-28,ПРО-011,Продукты,2,84,32.61
2026-04-29,ПРО-011,Продукты,7,77,32.61
2026-04-30,ПРО-011,Продукты,8,69,32.61
2026-05-01,ПРО-011,Продукты,8,61,32.61
2026-05-02,ПРО-011,Продукты,19,42,32.61
2026-05-03,ПРО-011,Продукты,6,36,32.61
2026-05-04,ПРО-011,Продукты,2,93,32.61
2026-05-05,ПРО-011,Продукты,5,88,32.61
2026-05-06,ПРО-011,Продукты,12,76,32.61
2026-05-07,ПРО-011,Продукты,1,75,32.61
2026-05-08,ПРО-011,Продукты,11,64,32.61
2026-05-09,ПРО-011,Продукты,2,62,32.61
2026-05-10,ПРО-011,Продукты,3,59,32.61
2026-05-11,ПРО-011,Продукты,5,90,32.61
2026-05-12,ПРО-011,Продукты,3,87,32.61
2026-05-13,ПРО-011,Продукты,5,82,32.61
2026-05-14,ПРО-011,Продукты,2,80,32.61
2026-05-15,ПРО-011,Продукты,6,74,32.61
2026-05-16,ПРО-011,Продукты,14,60,32.61
2026-05-17,ПРО-011,Продукты,1,59,32.61
2026-05-18,ПРО-011,Продукты,3,92,32.61
2026-05-19,ПРО-011,Продукты,1,91,32.61
2026-05-20,ПРО-011,Продукты,9,82,32.61
2026-05-21,ПРО-011,Продукты,2,80,32.61
2026-05-22,ПРО-011,Продукты,8,72,32.61
2026-05-23,ПРО-011,Продукты,6,66,32.61
2026-05-24,ПРО-011,Продукты,8,58,32.61
2026-05-25,ПРО-011,Продукты,5,90,32.61
2026-05-26,ПРО-011,Продукты,8,82,32.61
2026-05-27,ПРО-011,Продукты,2,80,32.61
2026-05-28,ПРО-011,Продукты,8,72,32.61
2026-05-29,ПРО-011,Продукты,7,65,32.61
2026-05-30,ПРО-011,Продукты,7,58,32.61
2026-05-31,ПРО-011,Продукты,0,58,32.61
2026-06-01,ПРО-011,Продукты,5,90,32.61
2026-06-02,ПРО-011,Продукты,5,85,32.61
2026-06-03,ПРО-011,Продукты,6,79,32.61
2026-06-04,ПРО-011,Продукты,4,75,32.61
2026-06-05,ПРО-011,Продукты,7,68,32.61
2026-06-06,ПРО-011,Продукты,20,48,32.61
2026-06-07,ПРО-011,Продукты,5,43,32.61
2026-06-08,ПРО-011,Продукты,2,93,32.61
2026-06-09,ПРО-011,Продукты,0,93,32.61
2026-06-10,ПРО-011,Продукты,5,88,32.61
2026-06-11,ПРО-011,Продукты,7,81,32.61
2026-06-12,ПРО-011,Продукты,7,74,32.61
2026-06-13,ПРО-011,Продукты,5,69,32.61
2026-06-14,ПРО-011,Продукты,10,59,32.61
2026-06-15,ПРО-011,Продукты,0,95,32.61
2026-06-16,ПРО-011,Продукты,18,77,32.61
2026-06-17,ПРО-011,Продукты,8,69,32.61
2026-06-18,ПРО-011,Продукты,16,53,32.61
2026-06-19,ПРО-011,Продукты,17,36,32.61
2026-06-20,ПРО-011,Продукты,1,35,32.61
2026-06-21,ПРО-011,Продукты,13,22,32.61
2026-06-22,ПРО-011,Продукты,8,87,32.61
2026-06-23,ПРО-011,Продукты,3,84,32.61
2026-06-24,ПРО-011,Продукты,5,79,32.61
2026-06-25,ПРО-011,Продукты,15,64,32.61
2026-06-26,ПРО-011,Продукты,4,60,32.61
2026-06-27,ПРО-011,Продукты,5,55,32.61
2026-06-28,ПРО-011,Продукты,16,39,32.61
2026-06-29,ПРО-011,Продукты,10,85,32.61
2026-06-30,ПРО-011,Продукты,8,77,32.61
2026-07-01,ПРО-011,Продукты,7,70,32.61
2026-07-02,ПРО-011,Продукты,12,58,32.61
2026-07-03,ПРО-011,Продукты,6,52,32.61
2026-07-04,ПРО-011,Продукты,2,50,32.61
2026-07-05,ПРО-011,Продукты,0,50,32.61
2026-07-06,ПРО-011,Продукты,5,90,32.61
2026-07-07,ПРО-011,Продукты,5,85,32.61
2026-07-08,ПРО-011,Продукты,3,82,32.61
2026-07-09,ПРО-011,Продукты,3,79,32.61
2026-07-10,ПРО-011,Продукты,3,76,32.61
2026-07-11,ПРО-011,Продукты,12,64,32.61
2026-07-12,ПРО-011,Продукты,2,62,32.61
2026-07-13,ПРО-011,Продукты,5,90,32.61
2026-07-14,ПРО-011,Продукты,7,83,32.61
2026-07-15,ПРО-011,Продукты,8,75,32.61
2026-07-16,ПРО-011,Продукты,5,70,32.61
2026-07-17,ПРО-011,Продукты,3,67,32.61
2026-07-18,ПРО-011,Продукты,7,60,32.61
2026-07-19,ПРО-011,Продукты,6,54,32.61
2026-07-20,ПРО-011,Продукты,6,89,32.61
2026-07-21,ПРО-011,Продукты,4,85,32.61
2026-07-22,ПРО-011,Продукты,8,77,32.61
2026-07-23,ПРО-011,Продукты,7,70,32.61
2026-07-24,ПРО-011,Продукты,10,60,32.61
2026-07-25,ПРО-011,Продукты,2,58,32.61
2026-07-26,ПРО-011,Продукты,13,45,32.61
2026-07-27,ПРО-011,Продукты,10,85,32.61
2026-07-28,ПРО-011,Продукты,3,82,32.61
2026-07-29,ПРО-011,Продукты,12,70,32.61
2026-07-30,ПРО-011,Продукты,1,69,32.61
2026-07-31,ПРО-011,Продукты,5,64,32.61
2026-08-01,ПРО-011,Продукты,9,55,32.61
2026-08-02,ПРО-011,Продукты,6,49,32.61
2026-08-03,ПРО-011,Продукты,6,89,32.61
2026-08-04,ПРО-011,Продукты,2,87,32.61
2026-08-05,ПРО-011,Продукты,4,83,32.61
2026-08-06,ПРО-011,Продукты,15,68,32.61
2026-08-07,ПРО-011,Продукты,6,62,32.61
2026-08-08,ПРО-011,Продукты,30,32,32.61
2026-08-09,ПРО-011,Продукты,2,30,32.61
2026-08-10,ПРО-011,Продукты,3,92,32.61
2026-08-11,ПРО-011,Продукты,9,83,32.61
2026-08-12,ПРО-011,Продукты,3,80,32.61
2026-08-13,ПРО-011,Продукты,6,74,32.61
2026-08-14,ПРО-011,Продукты,14,60,32.61
2026-08-15,ПРО-011,Продукты,1,59,32.61
2026-08-16,ПРО-011,Продукты,12,47,32.61
2026-08-17,ПРО-011,Продукты,9,86,32.61
2026-08-18,ПРО-011,Продукты,4,82,32.61
2026-08-19,ПРО-011,Продукты,6,76,32.61
2026-08-20,ПРО-011,Продукты,10,66,32.61
2026-08-21,ПРО-011,Продукты,7,59,32.61
2026-08-22,ПРО-011,Продукты,7,52,32.61
2026-08-23,ПРО-011,Продукты,4,48,32.61
2026-08-24,ПРО-011,Продукты,8,87,32.61
2026-08-25,ПРО-011,Продукты,8,79,32.61
2026-08-26,ПРО-011,Продукты,1,78,32.61
2026-08-27,ПРО-011,Продукты,2,76,32.61
2026-08-28,ПРО-011,Продукты,8,68,32.61
2026-08-29,ПРО-011,Продукты,6,62,32.61
2026-08-30,ПРО-011,Продукты,9,53,32.61
2026-08-31,ПРО-011,Продукты,3,92,32.61
2026-09-01,ПРО-011,Продукты,1,91,32.61
2026-09-02,ПРО-011,Продукты,6,85,32.61
2026-09-03,ПРО-011,Продукты,9,76,32.61
2026-09-04,ПРО-011,Продукты,4,72,32.61
2026-09-05,ПРО-011,Продукты,11,61,32.61
2026-09-06,ПРО-011,Продукты,3,58,32.61
2026-09-07,ПРО-011,Продукты,4,91,32.61
2026-09-08,ПРО-011,Продукты,8,83,32.61
2026-09-09,ПРО-011,Продукты,6,77,32.61
2026-09-10,ПРО-011,Продукты,4,73,32.61
2026-09-11,ПРО-011,Продукты,11,62,32.61
2026-09-12,ПРО-011,Продукты,7,55,32.61
2026-09-13,ПРО-011,Продукты,9,46,32.61
2026-09-14,ПРО-011,Продукты,5,90,32.61
2026-09-15,ПРО-011,Продукты,5,85,32.61
2026-09-16,ПРО-011,Продукты,3,82,32.61
2026-09-17,ПРО-011,Продукты,4,78,32.61
2026-09-18,ПРО-011,Продукты,6,72,32.61
2026-09-19,ПРО-011,Продукты,7,65,32.61
2026-09-20,ПРО-011,Продукты,3,62,32.61
2026-09-21,ПРО-011,Продукты,12,83,32.61
2026-09-22,ПРО-011,Продукты,4,79,32.61
2026-09-23,ПРО-011,Продукты,14,65,32.61
2026-09-24,ПРО-011,Продукты,1,64,32.61
2026-09-25,ПРО-011,Продукты,8,56,32.61
2026-09-26,ПРО-011,Продукты,11,45,32.61
2026-09-27,ПРО-011,Продукты,29,16,32.61
2026-09-28,ПРО-011,Продукты,0,95,32.61
2026-09-29,ПРО-011,Продукты,6,89,32.61
2026-09-30,ПРО-011,Продукты,2,87,32.61
2025-06-01,ПРО-012,Продукты,21,236,38.19
2025-06-02,ПРО-012,Продукты,3,328,38.19
2025-06-03,ПРО-012,Продукты,33,295,38.19
2025-06-04,ПРО-012,Продукты,21,274,38.19
2025-06-05,ПРО-012,Продукты,20,254,38.19
2025-06-06,ПРО-012,Продукты,14,240,38.19
2025-06-07,ПРО-012,Продукты,33,207,38.19
2025-06-08,ПРО-012,Продукты,36,171,38.19
2025-06-09,ПРО-012,Продукты,3,328,38.19
2025-06-10,ПРО-012,Продукты,19,309,38.19
2025-06-11,ПРО-012,Продукты,15,294,38.19
2025-06-12,ПРО-012,Продукты,17,277,38.19
2025-06-13,ПРО-012,Продукты,25,252,38.19
2025-06-14,ПРО-012,Продукты,26,226,38.19
2025-06-15,ПРО-012,Продукты,8,218,38.19
2025-06-16,ПРО-012,Продукты,12,319,38.19
2025-06-17,ПРО-012,Продукты,19,300,38.19
2025-06-18,ПРО-012,Продукты,4,296,38.19
2025-06-19,ПРО-012,Продукты,14,282,38.19
2025-06-20,ПРО-012,Продукты,14,268,38.19
2025-06-21,ПРО-012,Продукты,31,237,38.19
2025-06-22,ПРО-012,Продукты,10,227,38.19
2025-06-23,ПРО-012,Продукты,20,311,38.19
2025-06-24,ПРО-012,Продукты,7,304,38.19
2025-06-25,ПРО-012,Продукты,12,292,38.19
2025-06-26,ПРО-012,Продукты,13,279,38.19
2025-06-27,ПРО-012,Продукты,24,255,38.19
2025-06-28,ПРО-012,Продукты,34,221,38.19
2025-06-29,ПРО-012,Продукты,51,170,38.19
2025-06-30,ПРО-012,Продукты,23,308,38.19
2025-07-01,ПРО-012,Продукты,22,286,38.19
2025-07-02,ПРО-012,Продукты,17,269,38.19
2025-07-03,ПРО-012,Продукты,23,246,38.19
2025-07-04,ПРО-012,Продукты,39,207,38.19
2025-07-05,ПРО-012,Продукты,33,174,38.19
2025-07-06,ПРО-012,Продукты,59,115,38.19
2025-07-07,ПРО-012,Продукты,18,313,38.19
2025-07-08,ПРО-012,Продукты,29,284,38.19
2025-07-09,ПРО-012,Продукты,18,266,38.19
2025-07-10,ПРО-012,Продукты,20,246,38.19
2025-07-11,ПРО-012,Продукты,36,210,38.19
2025-07-12,ПРО-012,Продукты,19,191,38.19
2025-07-13,ПРО-012,Продукты,19,172,38.19
2025-07-14,ПРО-012,Продукты,7,324,38.19
2025-07-15,ПРО-012,Продукты,4,320,38.19
2025-07-16,ПРО-012,Продукты,19,301,38.19
2025-07-17,ПРО-012,Продукты,22,279,38.19
2025-07-18,ПРО-012,Продукты,18,261,38.19
2025-07-19,ПРО-012,Продукты,43,218,38.19
2025-07-20,ПРО-012,Продукты,10,208,38.19
2025-07-21,ПРО-012,Продукты,16,315,38.19
2025-07-22,ПРО-012,Продукты,11,304,38.19
2025-07-23,ПРО-012,Продукты,11,293,38.19
2025-07-24,ПРО-012,Продукты,18,275,38.19
2025-07-25,ПРО-012,Продукты,22,253,38.19
2025-07-26,ПРО-012,Продукты,8,245,38.19
2025-07-27,ПРО-012,Продукты,16,229,38.19
2025-07-28,ПРО-012,Продукты,24,307,38.19
2025-07-29,ПРО-012,Продукты,11,296,38.19
2025-07-30,ПРО-012,Продукты,45,251,38.19
2025-07-31,ПРО-012,Продукты,14,237,38.19
2025-08-01,ПРО-012,Продукты,41,196,38.19
2025-08-02,ПРО-012,Продукты,15,181,38.19
2025-08-03,ПРО-012,Продукты,24,157,38.19
2025-08-04,ПРО-012,Продукты,10,321,38.19
2025-08-05,ПРО-012,Продукты,22,299,38.19
2025-08-06,ПРО-012,Продукты,12,287,38.19
2025-08-07,ПРО-012,Продукты,6,281,38.19
2025-08-08,ПРО-012,Продукты,20,261,38.19
2025-08-09,ПРО-012,Продукты,22,239,38.19
2025-08-10,ПРО-012,Продукты,21,218,38.19
2025-08-11,ПРО-012,Продукты,30,301,38.19
2025-08-12,ПРО-012,Продукты,13,288,38.19
2025-08-13,ПРО-012,Продукты,16,272,38.19
2025-08-14,ПРО-012,Продукты,14,258,38.19
2025-08-15,ПРО-012,Продукты,2,256,38.19
2025-08-16,ПРО-012,Продукты,15,241,38.19
2025-08-17,ПРО-012,Продукты,12,229,38.19
2025-08-18,ПРО-012,Продукты,19,312,38.19
2025-08-19,ПРО-012,Продукты,26,286,38.19
2025-08-20,ПРО-012,Продукты,24,262,38.19
2025-08-21,ПРО-012,Продукты,18,244,38.19
2025-08-22,ПРО-012,Продукты,33,211,38.19
2025-08-23,ПРО-012,Продукты,17,194,38.19
2025-08-24,ПРО-012,Продукты,20,174,38.19
2025-08-25,ПРО-012,Продукты,18,313,38.19
2025-08-26,ПРО-012,Продукты,14,299,38.19
2025-08-27,ПРО-012,Продукты,12,287,38.19
2025-08-28,ПРО-012,Продукты,12,275,38.19
2025-08-29,ПРО-012,Продукты,18,257,38.19
2025-08-30,ПРО-012,Продукты,16,241,38.19
2025-08-31,ПРО-012,Продукты,19,222,38.19
2025-09-01,ПРО-012,Продукты,16,315,38.19
2025-09-02,ПРО-012,Продукты,18,297,38.19
2025-09-03,ПРО-012,Продукты,30,267,38.19
2025-09-04,ПРО-012,Продукты,16,251,38.19
2025-09-05,ПРО-012,Продукты,13,238,38.19
2025-09-06,ПРО-012,Продукты,58,180,38.19
2025-09-07,ПРО-012,Продукты,19,161,38.19
2025-09-08,ПРО-012,Продукты,9,322,38.19
2025-09-09,ПРО-012,Продукты,15,307,38.19
2025-09-10,ПРО-012,Продукты,23,284,38.19
2025-09-11,ПРО-012,Продукты,11,273,38.19
2025-09-12,ПРО-012,Продукты,7,266,38.19
2025-09-13,ПРО-012,Продукты,9,257,38.19
2025-09-14,ПРО-012,Продукты,50,207,38.19
2025-09-15,ПРО-012,Продукты,9,322,38.19
2025-09-16,ПРО-012,Продукты,26,296,38.19
2025-09-17,ПРО-012,Продукты,5,291,38.19
2025-09-18,ПРО-012,Продукты,18,273,38.19
2025-09-19,ПРО-012,Продукты,31,242,38.19
2025-09-20,ПРО-012,Продукты,7,235,38.19
2025-09-21,ПРО-012,Продукты,8,227,38.19
2025-09-22,ПРО-012,Продукты,3,328,38.19
2025-09-23,ПРО-012,Продукты,17,311,38.19
2025-09-24,ПРО-012,Продукты,16,295,38.19
2025-09-25,ПРО-012,Продукты,33,262,38.19
2025-09-26,ПРО-012,Продукты,22,240,38.19
2025-09-27,ПРО-012,Продукты,10,230,38.19
2025-09-28,ПРО-012,Продукты,29,201,38.19
2025-09-29,ПРО-012,Продукты,8,323,38.19
2025-09-30,ПРО-012,Продукты,15,308,38.19
2025-10-01,ПРО-012,Продукты,34,274,38.19
2025-10-02,ПРО-012,Продукты,2,272,38.19
2025-10-03,ПРО-012,Продукты,16,256,38.19
2025-10-04,ПРО-012,Продукты,32,224,38.19
2025-10-05,ПРО-012,Продукты,4,220,38.19
2025-10-06,ПРО-012,Продукты,16,315,38.19
2025-10-07,ПРО-012,Продукты,11,304,38.19
2025-10-08,ПРО-012,Продукты,17,287,38.19
2025-10-09,ПРО-012,Продукты,30,257,38.19
2025-10-10,ПРО-012,Продукты,21,236,38.19
2025-10-11,ПРО-012,Продукты,9,227,38.19
2025-10-12,ПРО-012,Продукты,25,202,38.19
2025-10-13,ПРО-012,Продукты,22,309,38.19
2025-10-14,ПРО-012,Продукты,15,294,38.19
2025-10-15,ПРО-012,Продукты,8,286,38.19
2025-10-16,ПРО-012,Продукты,8,278,38.19
2025-10-17,ПРО-012,Продукты,24,254,38.19
2025-10-18,ПРО-012,Продукты,43,211,38.19
2025-10-19,ПРО-012,Продукты,23,188,38.19
2025-10-20,ПРО-012,Продукты,17,314,38.19
2025-10-21,ПРО-012,Продукты,38,276,38.19
2025-10-22,ПРО-012,Продукты,16,260,38.19
2025-10-23,ПРО-012,Продукты,21,239,38.19
2025-10-24,ПРО-012,Продукты,18,221,38.19
2025-10-25,ПРО-012,Продукты,34,187,38.19
2025-10-26,ПРО-012,Продукты,27,160,38.19
2025-10-27,ПРО-012,Продукты,21,310,38.19
2025-10-28,ПРО-012,Продукты,27,283,38.19
2025-10-29,ПРО-012,Продукты,17,266,38.19
2025-10-30,ПРО-012,Продукты,3,263,38.19
2025-10-31,ПРО-012,Продукты,25,238,38.19
2025-11-01,ПРО-012,Продукты,11,227,38.19
2025-11-02,ПРО-012,Продукты,18,209,38.19
2025-11-03,ПРО-012,Продукты,18,313,38.19
2025-11-04,ПРО-012,Продукты,23,290,38.19
2025-11-05,ПРО-012,Продукты,21,269,38.19
2025-11-06,ПРО-012,Продукты,13,256,38.19
2025-11-07,ПРО-012,Продукты,11,245,38.19
2025-11-08,ПРО-012,Продукты,25,220,38.19
2025-11-09,ПРО-012,Продукты,38,182,38.19
2025-11-10,ПРО-012,Продукты,14,317,38.19
2025-11-11,ПРО-012,Продукты,22,295,38.19
2025-11-12,ПРО-012,Продукты,22,273,38.19
2025-11-13,ПРО-012,Продукты,14,259,38.19
2025-11-14,ПРО-012,Продукты,5,254,38.19
2025-11-15,ПРО-012,Продукты,14,240,38.19
2025-11-16,ПРО-012,Продукты,16,224,38.19
2025-11-17,ПРО-012,Продукты,8,323,38.19
2025-11-18,ПРО-012,Продукты,16,307,38.19
2025-11-19,ПРО-012,Продукты,14,293,38.19
2025-11-20,ПРО-012,Продукты,16,277,38.19
2025-11-21,ПРО-012,Продукты,35,242,38.19
2025-11-22,ПРО-012,Продукты,29,213,38.19
2025-11-23,ПРО-012,Продукты,9,204,38.19
2025-11-24,ПРО-012,Продукты,4,327,38.19
2025-11-25,ПРО-012,Продукты,22,305,38.19
2025-11-26,ПРО-012,Продукты,10,295,38.19
2025-11-27,ПРО-012,Продукты,12,283,38.19
2025-11-28,ПРО-012,Продукты,14,269,38.19
2025-11-29,ПРО-012,Продукты,6,263,38.19
2025-11-30,ПРО-012,Продукты,13,250,38.19
2025-12-01,ПРО-012,Продукты,11,320,38.19
2025-12-02,ПРО-012,Продукты,14,306,38.19
2025-12-03,ПРО-012,Продукты,15,291,38.19
2025-12-04,ПРО-012,Продукты,6,285,38.19
2025-12-05,ПРО-012,Продукты,14,271,38.19
2025-12-06,ПРО-012,Продукты,41,230,38.19
2025-12-07,ПРО-012,Продукты,13,217,38.19
2025-12-08,ПРО-012,Продукты,6,325,38.19
2025-12-09,ПРО-012,Продукты,6,319,38.19
2025-12-10,ПРО-012,Продукты,8,311,38.19
2025-12-11,ПРО-012,Продукты,24,287,38.19
2025-12-12,ПРО-012,Продукты,22,265,38.19
2025-12-13,ПРО-012,Продукты,16,249,38.19
2025-12-14,ПРО-012,Продукты,9,240,38.19
2025-12-15,ПРО-012,Продукты,13,318,38.19
2025-12-16,ПРО-012,Продукты,15,303,38.19
2025-12-17,ПРО-012,Продукты,27,276,38.19
2025-12-18,ПРО-012,Продукты,8,268,38.19
2025-12-19,ПРО-012,Продукты,15,253,38.19
2025-12-20,ПРО-012,Продукты,8,245,38.19
2025-12-21,ПРО-012,Продукты,15,230,38.19
2025-12-22,ПРО-012,Продукты,9,322,38.19
2025-12-23,ПРО-012,Продукты,27,295,38.19
2025-12-24,ПРО-012,Продукты,18,277,38.19
2025-12-25,ПРО-012,Продукты,23,254,38.19
2025-12-26,ПРО-012,Продукты,7,247,38.19
2025-12-27,ПРО-012,Продукты,20,227,38.19
2025-12-28,ПРО-012,Продукты,26,201,38.19
2025-12-29,ПРО-012,Продукты,25,306,38.19
2025-12-30,ПРО-012,Продукты,40,266,38.19
2025-12-31,ПРО-012,Продукты,6,260,38.19
2026-01-01,ПРО-012,Продукты,9,251,38.19
2026-01-02,ПРО-012,Продукты,25,226,38.19
2026-01-03,ПРО-012,Продукты,33,193,38.19
2026-01-04,ПРО-012,Продукты,21,172,38.19
2026-01-05,ПРО-012,Продукты,9,322,38.19
2026-01-06,ПРО-012,Продукты,6,316,38.19
2026-01-07,ПРО-012,Продукты,16,300,38.19
2026-01-08,ПРО-012,Продукты,10,290,38.19
2026-01-09,ПРО-012,Продукты,9,281,38.19
2026-01-10,ПРО-012,Продукты,25,256,38.19
2026-01-11,ПРО-012,Продукты,32,224,38.19
2026-01-12,ПРО-012,Продукты,29,302,38.19
2026-01-13,ПРО-012,Продукты,23,279,38.19
2026-01-14,ПРО-012,Продукты,12,267,38.19
2026-01-15,ПРО-012,Продукты,25,242,38.19
2026-01-16,ПРО-012,Продукты,3,239,38.19
2026-01-17,ПРО-012,Продукты,24,215,38.19
2026-01-18,ПРО-012,Продукты,19,196,38.19
2026-01-19,ПРО-012,Продукты,8,323,38.19
2026-01-20,ПРО-012,Продукты,24,299,38.19
2026-01-21,ПРО-012,Продукты,13,286,38.19
2026-01-22,ПРО-012,Продукты,8,278,38.19
2026-01-23,ПРО-012,Продукты,29,249,38.19
2026-01-24,ПРО-012,Продукты,4,245,38.19
2026-01-25,ПРО-012,Продукты,7,238,38.19
2026-01-26,ПРО-012,Продукты,4,327,38.19
2026-01-27,ПРО-012,Продукты,8,319,38.19
2026-01-28,ПРО-012,Продукты,15,304,38.19
2026-01-29,ПРО-012,Продукты,11,293,38.19
2026-01-30,ПРО-012,Продукты,30,263,38.19
2026-01-31,ПРО-012,Продукты,18,245,38.19
2026-02-01,ПРО-012,Продукты,52,193,38.19
2026-02-02,ПРО-012,Продукты,6,325,38.19
2026-02-03,ПРО-012,Продукты,6,319,38.19
2026-02-04,ПРО-012,Продукты,15,304,38.19
2026-02-05,ПРО-012,Продукты,6,298,38.19
2026-02-06,ПРО-012,Продукты,24,274,38.19
2026-02-07,ПРО-012,Продукты,28,246,38.19
2026-02-08,ПРО-012,Продукты,7,239,38.19
2026-02-09,ПРО-012,Продукты,9,322,38.19
2026-02-10,ПРО-012,Продукты,10,312,38.19
2026-02-11,ПРО-012,Продукты,8,304,38.19
2026-02-12,ПРО-012,Продукты,8,296,38.19
2026-02-13,ПРО-012,Продукты,17,279,38.19
2026-02-14,ПРО-012,Продукты,33,246,38.19
2026-02-15,ПРО-012,Продукты,13,233,38.19
2026-02-16,ПРО-012,Продукты,10,321,38.19
2026-02-17,ПРО-012,Продукты,3,318,38.19
2026-02-18,ПРО-012,Продукты,14,304,38.19
2026-02-19,ПРО-012,Продукты,11,293,38.19
2026-02-20,ПРО-012,Продукты,5,288,38.19
2026-02-21,ПРО-012,Продукты,40,248,38.19
2026-02-22,ПРО-012,Продукты,28,220,38.19
2026-02-23,ПРО-012,Продукты,14,317,38.19
2026-02-24,ПРО-012,Продукты,6,311,38.19
2026-02-25,ПРО-012,Продукты,10,301,38.19
2026-02-26,ПРО-012,Продукты,11,290,38.19
2026-02-27,ПРО-012,Продукты,21,269,38.19
2026-02-28,ПРО-012,Продукты,29,240,38.19
2026-03-01,ПРО-012,Продукты,10,230,38.19
2026-03-02,ПРО-012,Продукты,17,314,38.19
2026-03-03,ПРО-012,Продукты,28,286,38.19
2026-03-04,ПРО-012,Продукты,12,274,38.19
2026-03-05,ПРО-012,Продукты,34,240,38.19
2026-03-06,ПРО-012,Продукты,14,226,38.19
2026-03-07,ПРО-012,Продукты,29,197,38.19
2026-03-08,ПРО-012,Продукты,9,188,38.19
2026-03-09,ПРО-012,Продукты,30,301,38.19
2026-03-10,ПРО-012,Продукты,31,270,38.19
2026-03-11,ПРО-012,Продукты,31,239,38.19
2026-03-12,ПРО-012,Продукты,21,218,38.19
2026-03-13,ПРО-012,Продукты,37,181,38.19
2026-03-14,ПРО-012,Продукты,24,157,38.19
2026-03-15,ПРО-012,Продукты,17,140,38.19
2026-03-16,ПРО-012,Продукты,24,307,38.19
2026-03-17,ПРО-012,Продукты,16,291,38.19
2026-03-18,ПРО-012,Продукты,21,270,38.19
2026-03-19,ПРО-012,Продукты,22,248,38.19
2026-03-20,ПРО-012,Продукты,33,215,38.19
2026-03-21,ПРО-012,Продукты,29,186,38.19
2026-03-22,ПРО-012,Продукты,14,172,38.19
2026-03-23,ПРО-012,Продукты,16,315,38.19
2026-03-24,ПРО-012,Продукты,13,302,38.19
2026-03-25,ПРО-012,Продукты,14,288,38.19
2026-03-26,ПРО-012,Продукты,11,277,38.19
2026-03-27,ПРО-012,Продукты,13,264,38.19
2026-03-28,ПРО-012,Продукты,44,220,38.19
2026-03-29,ПРО-012,Продукты,15,205,38.19
2026-03-30,ПРО-012,Продукты,20,311,38.19
2026-03-31,ПРО-012,Продукты,21,290,38.19
2026-04-01,ПРО-012,Продукты,41,249,38.19
2026-04-02,ПРО-012,Продукты,21,228,38.19
2026-04-03,ПРО-012,Продукты,59,169,38.19
2026-04-04,ПРО-012,Продукты,24,145,38.19
2026-04-05,ПРО-012,Продукты,21,124,38.19
2026-04-06,ПРО-012,Продукты,30,301,38.19
2026-04-07,ПРО-012,Продукты,9,292,38.19
2026-04-08,ПРО-012,Продукты,20,272,38.19
2026-04-09,ПРО-012,Продукты,19,253,38.19
2026-04-10,ПРО-012,Продукты,39,214,38.19
2026-04-11,ПРО-012,Продукты,20,194,38.19
2026-04-12,ПРО-012,Продукты,10,184,38.19
2026-04-13,ПРО-012,Продукты,14,317,38.19
2026-04-14,ПРО-012,Продукты,15,302,38.19
2026-04-15,ПРО-012,Продукты,8,294,38.19
2026-04-16,ПРО-012,Продукты,6,288,38.19
2026-04-17,ПРО-012,Продукты,10,278,38.19
2026-04-18,ПРО-012,Продукты,0,278,38.19
2026-04-19,ПРО-012,Продукты,16,262,38.19
2026-04-20,ПРО-012,Продукты,47,284,38.19
2026-04-21,ПРО-012,Продукты,20,264,38.19
2026-04-22,ПРО-012,Продукты,19,245,38.19
2026-04-23,ПРО-012,Продукты,14,231,38.19
2026-04-24,ПРО-012,Продукты,20,211,38.19
2026-04-25,ПРО-012,Продукты,34,177,38.19
2026-04-26,ПРО-012,Продукты,23,154,38.19
2026-04-27,ПРО-012,Продукты,15,316,38.19
2026-04-28,ПРО-012,Продукты,36,280,38.19
2026-04-29,ПРО-012,Продукты,18,262,38.19
2026-04-30,ПРО-012,Продукты,27,235,38.19
2026-05-01,ПРО-012,Продукты,23,212,38.19
2026-05-02,ПРО-012,Продукты,33,179,38.19
2026-05-03,ПРО-012,Продукты,19,160,38.19
2026-05-04,ПРО-012,Продукты,24,307,38.19
2026-05-05,ПРО-012,Продукты,19,288,38.19
2026-05-06,ПРО-012,Продукты,24,264,38.19
2026-05-07,ПРО-012,Продукты,17,247,38.19
2026-05-08,ПРО-012,Продукты,22,225,38.19
2026-05-09,ПРО-012,Продукты,15,210,38.19
2026-05-10,ПРО-012,Продукты,27,183,38.19
2026-05-11,ПРО-012,Продукты,16,315,38.19
2026-05-12,ПРО-012,Продукты,13,302,38.19
2026-05-13,ПРО-012,Продукты,13,289,38.19
2026-05-14,ПРО-012,Продукты,20,269,38.19
2026-05-15,ПРО-012,Продукты,9,260,38.19
2026-05-16,ПРО-012,Продукты,10,250,38.19
2026-05-17,ПРО-012,Продукты,34,216,38.19
2026-05-18,ПРО-012,Продукты,16,315,38.19
2026-05-19,ПРО-012,Продукты,11,304,38.19
2026-05-20,ПРО-012,Продукты,30,274,38.19
2026-05-21,ПРО-012,Продукты,32,242,38.19
2026-05-22,ПРО-012,Продукты,29,213,38.19
2026-05-23,ПРО-012,Продукты,69,144,38.19
2026-05-24,ПРО-012,Продукты,20,124,38.19
2026-05-25,ПРО-012,Продукты,22,309,38.19
2026-05-26,ПРО-012,Продукты,13,296,38.19
2026-05-27,ПРО-012,Продукты,51,245,38.19
2026-05-28,ПРО-012,Продукты,33,212,38.19
2026-05-29,ПРО-012,Продукты,57,155,38.19
2026-05-30,ПРО-012,Продукты,23,132,38.19
2026-05-31,ПРО-012,Продукты,14,118,38.19
2026-06-01,ПРО-012,Продукты,13,318,38.19
2026-06-02,ПРО-012,Продукты,21,297,38.19
2026-06-03,ПРО-012,Продукты,37,260,38.19
2026-06-04,ПРО-012,Продукты,29,231,38.19
2026-06-05,ПРО-012,Продукты,46,185,38.19
2026-06-06,ПРО-012,Продукты,43,142,38.19
2026-06-07,ПРО-012,Продукты,38,104,38.19
2026-06-08,ПРО-012,Продукты,27,304,38.19
2026-06-09,ПРО-012,Продукты,27,277,38.19
2026-06-10,ПРО-012,Продукты,12,265,38.19
2026-06-11,ПРО-012,Продукты,15,250,38.19
2026-06-12,ПРО-012,Продукты,20,230,38.19
2026-06-13,ПРО-012,Продукты,27,203,38.19
2026-06-14,ПРО-012,Продукты,19,184,38.19
2026-06-15,ПРО-012,Продукты,19,312,38.19
2026-06-16,ПРО-012,Продукты,19,293,38.19
2026-06-17,ПРО-012,Продукты,46,247,38.19
2026-06-18,ПРО-012,Продукты,34,213,38.19
2026-06-19,ПРО-012,Продукты,7,206,38.19
2026-06-20,ПРО-012,Продукты,60,146,38.19
2026-06-21,ПРО-012,Продукты,32,114,38.19
2026-06-22,ПРО-012,Продукты,7,324,38.19
2026-06-23,ПРО-012,Продукты,21,303,38.19
2026-06-24,ПРО-012,Продукты,25,278,38.19
2026-06-25,ПРО-012,Продукты,28,250,38.19
2026-06-26,ПРО-012,Продукты,11,239,38.19
2026-06-27,ПРО-012,Продукты,20,219,38.19
2026-06-28,ПРО-012,Продукты,19,200,38.19
2026-06-29,ПРО-012,Продукты,35,296,38.19
2026-06-30,ПРО-012,Продукты,17,279,38.19
2026-07-01,ПРО-012,Продукты,21,258,38.19
2026-07-02,ПРО-012,Продукты,22,236,38.19
2026-07-03,ПРО-012,Продукты,15,221,38.19
2026-07-04,ПРО-012,Продукты,12,209,38.19
2026-07-05,ПРО-012,Продукты,36,173,38.19
2026-07-06,ПРО-012,Продукты,14,317,38.19
2026-07-07,ПРО-012,Продукты,16,301,38.19
2026-07-08,ПРО-012,Продукты,16,285,38.19
2026-07-09,ПРО-012,Продукты,5,280,38.19
2026-07-10,ПРО-012,Продукты,30,250,38.19
2026-07-11,ПРО-012,Продукты,24,226,38.19
2026-07-12,ПРО-012,Продукты,51,175,38.19
2026-07-13,ПРО-012,Продукты,21,310,38.19
2026-07-14,ПРО-012,Продукты,16,294,38.19
2026-07-15,ПРО-012,Продукты,29,265,38.19
2026-07-16,ПРО-012,Продукты,36,229,38.19
2026-07-17,ПРО-012,Продукты,61,168,38.19
2026-07-18,ПРО-012,Продукты,42,126,38.19
2026-07-19,ПРО-012,Продукты,34,92,38.19
2026-07-20,ПРО-012,Продукты,25,306,38.19
2026-07-21,ПРО-012,Продукты,19,287,38.19
2026-07-22,ПРО-012,Продукты,20,267,38.19
2026-07-23,ПРО-012,Продукты,17,250,38.19
2026-07-24,ПРО-012,Продукты,6,244,38.19
2026-07-25,ПРО-012,Продукты,51,193,38.19
2026-07-26,ПРО-012,Продукты,24,169,38.19
2026-07-27,ПРО-012,Продукты,25,306,38.19
2026-07-28,ПРО-012,Продукты,32,274,38.19
2026-07-29,ПРО-012,Продукты,23,251,38.19
2026-07-30,ПРО-012,Продукты,9,242,38.19
2026-07-31,ПРО-012,Продукты,11,231,38.19
2026-08-01,ПРО-012,Продукты,27,204,38.19
2026-08-02,ПРО-012,Продукты,20,184,38.19
2026-08-03,ПРО-012,Продукты,33,298,38.19
2026-08-04,ПРО-012,Продукты,17,281,38.19
2026-08-05,ПРО-012,Продукты,11,270,38.19
2026-08-06,ПРО-012,Продукты,14,256,38.19
2026-08-07,ПРО-012,Продукты,10,246,38.19
2026-08-08,ПРО-012,Продукты,47,199,38.19
2026-08-09,ПРО-012,Продукты,40,159,38.19
2026-08-10,ПРО-012,Продукты,26,305,38.19
2026-08-11,ПРО-012,Продукты,11,294,38.19
2026-08-12,ПРО-012,Продукты,9,285,38.19
2026-08-13,ПРО-012,Продукты,30,255,38.19
2026-08-14,ПРО-012,Продукты,39,216,38.19
2026-08-15,ПРО-012,Продукты,48,168,38.19
2026-08-16,ПРО-012,Продукты,11,157,38.19
2026-08-17,ПРО-012,Продукты,14,317,38.19
2026-08-18,ПРО-012,Продукты,31,286,38.19
2026-08-19,ПРО-012,Продукты,35,251,38.19
2026-08-20,ПРО-012,Продукты,7,244,38.19
2026-08-21,ПРО-012,Продукты,8,236,38.19
2026-08-22,ПРО-012,Продукты,25,211,38.19
2026-08-23,ПРО-012,Продукты,45,166,38.19
2026-08-24,ПРО-012,Продукты,29,302,38.19
2026-08-25,ПРО-012,Продукты,8,294,38.19
2026-08-26,ПРО-012,Продукты,18,276,38.19
2026-08-27,ПРО-012,Продукты,19,257,38.19
2026-08-28,ПРО-012,Продукты,19,238,38.19
2026-08-29,ПРО-012,Продукты,34,204,38.19
2026-08-30,ПРО-012,Продукты,11,193,38.19
2026-08-31,ПРО-012,Продукты,13,318,38.19
2026-09-01,ПРО-012,Продукты,40,278,38.19
2026-09-02,ПРО-012,Продукты,26,252,38.19
2026-09-03,ПРО-012,Продукты,23,229,38.19
2026-09-04,ПРО-012,Продукты,24,205,38.19
2026-09-05,ПРО-012,Продукты,26,179,38.19
2026-09-06,ПРО-012,Продукты,44,135,38.19
2026-09-07,ПРО-012,Продукты,13,318,38.19
2026-09-08,ПРО-012,Продукты,23,295,38.19
2026-09-09,ПРО-012,Продукты,10,285,38.19
2026-09-10,ПРО-012,Продукты,31,254,38.19
2026-09-11,ПРО-012,Продукты,26,228,38.19
2026-09-12,ПРО-012,Продукты,47,181,38.19
2026-09-13,ПРО-012,Продукты,18,163,38.19
2026-09-14,ПРО-012,Продукты,7,324,38.19
2026-09-15,ПРО-012,Продукты,10,314,38.19
2026-09-16,ПРО-012,Продукты,21,293,38.19
2026-09-17,ПРО-012,Продукты,11,282,38.19
2026-09-18,ПРО-012,Продукты,27,255,38.19
2026-09-19,ПРО-012,Продукты,30,225,38.19
2026-09-20,ПРО-012,Продукты,23,202,38.19
2026-09-21,ПРО-012,Продукты,13,318,38.19
2026-09-22,ПРО-012,Продукты,18,300,38.19
2026-09-23,ПРО-012,Продукты,8,292,38.19
2026-09-24,ПРО-012,Продукты,27,265,38.19
2026-09-25,ПРО-012,Продукты,28,237,38.19
2026-09-26,ПРО-012,Продукты,18,219,38.19
2026-09-27,ПРО-012,Продукты,21,198,38.19
2026-09-28,ПРО-012,Продукты,28,303,38.19
2026-09-29,ПРО-012,Продукты,22,281,38.19
2026-09-30,ПРО-012,Продукты,30,251,38.19
2025-06-01,ПРО-013,Продукты,6,56,35.99
2025-06-02,ПРО-013,Продукты,3,74,35.99
2025-06-03,ПРО-013,Продукты,1,73,35.99
2025-06-04,ПРО-013,Продукты,1,72,35.99
2025-06-05,ПРО-013,Продукты,9,63,35.99
2025-06-06,ПРО-013,Продукты,4,59,35.99
2025-06-07,ПРО-013,Продукты,3,56,35.99
2025-06-08,ПРО-013,Продукты,4,52,35.99
2025-06-09,ПРО-013,Продукты,1,76,35.99
2025-06-10,ПРО-013,Продукты,7,69,35.99
2025-06-11,ПРО-013,Продукты,4,65,35.99
2025-06-12,ПРО-013,Продукты,5,60,35.99
2025-06-13,ПРО-013,Продукты,6,54,35.99
2025-06-14,ПРО-013,Продукты,3,51,35.99
2025-06-15,ПРО-013,Продукты,3,48,35.99
2025-06-16,ПРО-013,Продукты,2,75,35.99
2025-06-17,ПРО-013,Продукты,10,65,35.99
2025-06-18,ПРО-013,Продукты,8,57,35.99
2025-06-19,ПРО-013,Продукты,10,47,35.99
2025-06-20,ПРО-013,Продукты,1,46,35.99
2025-06-21,ПРО-013,Продукты,5,41,35.99
2025-06-22,ПРО-013,Продукты,4,37,35.99
2025-06-23,ПРО-013,Продукты,3,74,35.99
2025-06-24,ПРО-013,Продукты,4,70,35.99
2025-06-25,ПРО-013,Продукты,0,70,35.99
2025-06-26,ПРО-013,Продукты,12,58,35.99
2025-06-27,ПРО-013,Продукты,11,47,35.99
2025-06-28,ПРО-013,Продукты,3,44,35.99
2025-06-29,ПРО-013,Продукты,9,35,35.99
2025-06-30,ПРО-013,Продукты,2,75,35.99
2025-07-01,ПРО-013,Продукты,3,72,35.99
2025-07-02,ПРО-013,Продукты,7,65,35.99
2025-07-03,ПРО-013,Продукты,8,57,35.99
2025-07-04,ПРО-013,Продукты,6,51,35.99
2025-07-05,ПРО-013,Продукты,9,42,35.99
2025-07-06,ПРО-013,Продукты,2,40,35.99
2025-07-07,ПРО-013,Продукты,2,75,35.99
2025-07-08,ПРО-013,Продукты,4,71,35.99
2025-07-09,ПРО-013,Продукты,7,64,35.99
2025-07-10,ПРО-013,Продукты,2,62,35.99
2025-07-11,ПРО-013,Продукты,7,55,35.99
2025-07-12,ПРО-013,Продукты,4,51,35.99
2025-07-13,ПРО-013,Продукты,6,45,35.99
2025-07-14,ПРО-013,Продукты,6,71,35.99
2025-07-15,ПРО-013,Продукты,1,70,35.99
2025-07-16,ПРО-013,Продукты,3,67,35.99
2025-07-17,ПРО-013,Продукты,1,66,35.99
2025-07-18,ПРО-013,Продукты,4,62,35.99
2025-07-19,ПРО-013,Продукты,2,60,35.99
2025-07-20,ПРО-013,Продукты,3,57,35.99
2025-07-21,ПРО-013,Продукты,2,75,35.99
2025-07-22,ПРО-013,Продукты,2,73,35.99
2025-07-23,ПРО-013,Продукты,0,73,35.99
2025-07-24,ПРО-013,Продукты,8,65,35.99
2025-07-25,ПРО-013,Продукты,3,62,35.99
2025-07-26,ПРО-013,Продукты,3,59,35.99
2025-07-27,ПРО-013,Продукты,5,54,35.99
2025-07-28,ПРО-013,Продукты,6,71,35.99
2025-07-29,ПРО-013,Продукты,2,69,35.99
2025-07-30,ПРО-013,Продукты,5,64,35.99
2025-07-31,ПРО-013,Продукты,0,64,35.99
2025-08-01,ПРО-013,Продукты,13,51,35.99
2025-08-02,ПРО-013,Продукты,6,45,35.99
2025-08-03,ПРО-013,Продукты,6,39,35.99
2025-08-04,ПРО-013,Продукты,13,64,35.99
2025-08-05,ПРО-013,Продукты,13,51,35.99
2025-08-06,ПРО-013,Продукты,1,50,35.99
2025-08-07,ПРО-013,Продукты,3,47,35.99
2025-08-08,ПРО-013,Продукты,9,38,35.99
2025-08-09,ПРО-013,Продукты,2,36,35.99
2025-08-10,ПРО-013,Продукты,9,27,35.99
2025-08-11,ПРО-013,Продукты,7,70,35.99
2025-08-12,ПРО-013,Продукты,2,68,35.99
2025-08-13,ПРО-013,Продукты,1,67,35.99
2025-08-14,ПРО-013,Продукты,3,64,35.99
2025-08-15,ПРО-013,Продукты,5,59,35.99
2025-08-16,ПРО-013,Продукты,2,57,35.99
2025-08-17,ПРО-013,Продукты,25,32,35.99
2025-08-18,ПРО-013,Продукты,15,62,35.99
2025-08-19,ПРО-013,Продукты,2,60,35.99
2025-08-20,ПРО-013,Продукты,2,58,35.99
2025-08-21,ПРО-013,Продукты,4,54,35.99
2025-08-22,ПРО-013,Продукты,9,45,35.99
2025-08-23,ПРО-013,Продукты,10,35,35.99
2025-08-24,ПРО-013,Продукты,3,32,35.99
2025-08-25,ПРО-013,Продукты,14,63,35.99
2025-08-26,ПРО-013,Продукты,0,63,35.99
2025-08-27,ПРО-013,Продукты,5,58,35.99
2025-08-28,ПРО-013,Продукты,2,56,35.99
2025-08-29,ПРО-013,Продукты,5,51,35.99
2025-08-30,ПРО-013,Продукты,8,43,35.99
2025-08-31,ПРО-013,Продукты,12,31,35.99
2025-09-01,ПРО-013,Продукты,6,71,35.99
2025-09-02,ПРО-013,Продукты,2,69,35.99
2025-09-03,ПРО-013,Продукты,5,64,35.99
2025-09-04,ПРО-013,Продукты,4,60,35.99
2025-09-05,ПРО-013,Продукты,4,56,35.99
2025-09-06,ПРО-013,Продукты,8,48,35.99
2025-09-07,ПРО-013,Продукты,9,39,35.99
2025-09-08,ПРО-013,Продукты,5,72,35.99
2025-09-09,ПРО-013,Продукты,2,70,35.99
2025-09-10,ПРО-013,Продукты,2,68,35.99
2025-09-11,ПРО-013,Продукты,4,64,35.99
2025-09-12,ПРО-013,Продукты,9,55,35.99
2025-09-13,ПРО-013,Продукты,5,50,35.99
2025-09-14,ПРО-013,Продукты,3,47,35.99
2025-09-15,ПРО-013,Продукты,7,70,35.99
2025-09-16,ПРО-013,Продукты,4,66,35.99
2025-09-17,ПРО-013,Продукты,3,63,35.99
2025-09-18,ПРО-013,Продукты,8,55,35.99
2025-09-19,ПРО-013,Продукты,2,53,35.99
2025-09-20,ПРО-013,Продукты,9,44,35.99
2025-09-21,ПРО-013,Продукты,12,32,35.99
2025-09-22,ПРО-013,Продукты,9,68,35.99
2025-09-23,ПРО-013,Продукты,1,67,35.99
2025-09-24,ПРО-013,Продукты,1,66,35.99
2025-09-25,ПРО-013,Продукты,1,65,35.99
2025-09-26,ПРО-013,Продукты,1,64,35.99
2025-09-27,ПРО-013,Продукты,6,58,35.99
2025-09-28,ПРО-013,Продукты,3,55,35.99
2025-09-29,ПРО-013,Продукты,8,69,35.99
2025-09-30,ПРО-013,Продукты,11,58,35.99
2025-10-01,ПРО-013,Продукты,6,52,35.99
2025-10-02,ПРО-013,Продукты,1,51,35.99
2025-10-03,ПРО-013,Продукты,4,47,35.99
2025-10-04,ПРО-013,Продукты,4,43,35.99
2025-10-05,ПРО-013,Продукты,5,38,35.99
2025-10-06,ПРО-013,Продукты,8,69,35.99
2025-10-07,ПРО-013,Продукты,3,66,35.99
2025-10-08,ПРО-013,Продукты,7,59,35.99
2025-10-09,ПРО-013,Продукты,4,55,35.99
2025-10-10,ПРО-013,Продукты,6,49,35.99
2025-10-11,ПРО-013,Продукты,3,46,35.99
2025-10-12,ПРО-013,Продукты,3,43,35.99
2025-10-13,ПРО-013,Продукты,2,75,35.99
2025-10-14,ПРО-013,Продукты,2,73,35.99
2025-10-15,ПРО-013,Продукты,6,67,35.99
2025-10-16,ПРО-013,Продукты,2,65,35.99
2025-10-17,ПРО-013,Продукты,6,59,35.99
2025-10-18,ПРО-013,Продукты,6,53,35.99
2025-10-19,ПРО-013,Продукты,5,48,35.99
2025-10-20,ПРО-013,Продукты,4,73,35.99
2025-10-21,ПРО-013,Продукты,4,69,35.99
2025-10-22,ПРО-013,Продукты,3,66,35.99
2025-10-23,ПРО-013,Продукты,2,64,35.99
2025-10-24,ПРО-013,Продукты,2,62,35.99
2025-10-25,ПРО-013,Продукты,4,58,35.99
2025-10-26,ПРО-013,Продукты,2,56,35.99
2025-10-27,ПРО-013,Продукты,6,71,35.99
2025-10-28,ПРО-013,Продукты,2,69,35.99
2025-10-29,ПРО-013,Продукты,4,65,35.99
2025-10-30,ПРО-013,Продукты,3,62,35.99
2025-10-31,ПРО-013,Продукты,1,61,35.99
2025-11-01,ПРО-013,Продукты,3,58,35.99
2025-11-02,ПРО-013,Продукты,4,54,35.99
2025-11-03,ПРО-013,Продукты,5,72,35.99
2025-11-04,ПРО-013,Продукты,5,67,35.99
2025-11-05,ПРО-013,Продукты,8,59,35.99
2025-11-06,ПРО-013,Продукты,4,55,35.99
2025-11-07,ПРО-013,Продукты,9,46,35.99
2025-11-08,ПРО-013,Продукты,5,41,35.99
2025-11-09,ПРО-013,Продукты,6,35,35.99
2025-11-10,ПРО-013,Продукты,2,75,35.99
2025-11-11,ПРО-013,Продукты,3,72,35.99
2025-11-12,ПРО-013,Продукты,4,68,35.99
2025-11-13,ПРО-013,Продукты,8,60,35.99
2025-11-14,ПРО-013,Продукты,2,58,35.99
2025-11-15,ПРО-013,Продукты,5,53,35.99
2025-11-16,ПРО-013,Продукты,6,47,35.99
2025-11-17,ПРО-013,Продукты,7,70,35.99
2025-11-18,ПРО-013,Продукты,0,70,35.99
2025-11-19,ПРО-013,Продукты,4,66,35.99
2025-11-20,ПРО-013,Продукты,2,64,35.99
2025-11-21,ПРО-013,Продукты,3,61,35.99
2025-11-22,ПРО-013,Продукты,2,59,35.99
2025-11-23,ПРО-013,Продукты,10,49,35.99
2025-11-24,ПРО-013,Продукты,1,76,35.99
2025-11-25,ПРО-013,Продукты,2,74,35.99
2025-11-26,ПРО-013,Продукты,2,72,35.99
2025-11-27,ПРО-013,Продукты,4,68,35.99
2025-11-28,ПРО-013,Продукты,8,60,35.99
2025-11-29,ПРО-013,Продукты,5,55,35.99
2025-11-30,ПРО-013,Продукты,8,47,35.99
2025-12-01,ПРО-013,Продукты,6,71,35.99
2025-12-02,ПРО-013,Продукты,1,70,35.99
2025-12-03,ПРО-013,Продукты,1,69,35.99
2025-12-04,ПРО-013,Продукты,3,66,35.99
2025-12-05,ПРО-013,Продукты,4,62,35.99
2025-12-06,ПРО-013,Продукты,3,59,35.99
2025-12-07,ПРО-013,Продукты,4,55,35.99
2025-12-08,ПРО-013,Продукты,5,72,35.99
2025-12-09,ПРО-013,Продукты,5,67,35.99
2025-12-10,ПРО-013,Продукты,3,64,35.99
2025-12-11,ПРО-013,Продукты,6,58,35.99
2025-12-12,ПРО-013,Продукты,5,53,35.99
2025-12-13,ПРО-013,Продукты,8,45,35.99
2025-12-14,ПРО-013,Продукты,8,37,35.99
2025-12-15,ПРО-013,Продукты,3,74,35.99
2025-12-16,ПРО-013,Продукты,0,74,35.99
2025-12-17,ПРО-013,Продукты,1,73,35.99
2025-12-18,ПРО-013,Продукты,4,69,35.99
2025-12-19,ПРО-013,Продукты,5,64,35.99
2025-12-20,ПРО-013,Продукты,3,61,35.99
2025-12-21,ПРО-013,Продукты,6,55,35.99
2025-12-22,ПРО-013,Продукты,7,70,35.99
2025-12-23,ПРО-013,Продукты,6,64,35.99
2025-12-24,ПРО-013,Продукты,3,61,35.99
2025-12-25,ПРО-013,Продукты,12,49,35.99
2025-12-26,ПРО-013,Продукты,3,46,35.99
2025-12-27,ПРО-013,Продукты,5,41,35.99
2025-12-28,ПРО-013,Продукты,8,33,35.99
2025-12-29,ПРО-013,Продукты,3,74,35.99
2025-12-30,ПРО-013,Продукты,0,74,35.99
2025-12-31,ПРО-013,Продукты,1,73,35.99
2026-01-01,ПРО-013,Продукты,2,71,35.99
2026-01-02,ПРО-013,Продукты,5,66,35.99
2026-01-03,ПРО-013,Продукты,3,63,35.99
2026-01-04,ПРО-013,Продукты,9,54,35.99
2026-01-05,ПРО-013,Продукты,4,73,35.99
2026-01-06,ПРО-013,Продукты,4,69,35.99
2026-01-07,ПРО-013,Продукты,3,66,35.99
2026-01-08,ПРО-013,Продукты,2,64,35.99
2026-01-09,ПРО-013,Продукты,3,61,35.99
2026-01-10,ПРО-013,Продукты,3,58,35.99
2026-01-11,ПРО-013,Продукты,5,53,35.99
2026-01-12,ПРО-013,Продукты,4,73,35.99
2026-01-13,ПРО-013,Продукты,3,70,35.99
2026-01-14,ПРО-013,Продукты,11,59,35.99
2026-01-15,ПРО-013,Продукты,3,56,35.99
2026-01-16,ПРО-013,Продукты,4,52,35.99
2026-01-17,ПРО-013,Продукты,1,51,35.99
2026-01-18,ПРО-013,Продукты,6,45,35.99
2026-01-19,ПРО-013,Продукты,3,74,35.99
2026-01-20,ПРО-013,Продукты,6,68,35.99
2026-01-21,ПРО-013,Продукты,4,64,35.99
2026-01-22,ПРО-013,Продукты,3,61,35.99
2026-01-23,ПРО-013,Продукты,1,60,35.99
2026-01-24,ПРО-013,Продукты,3,57,35.99
2026-01-25,ПРО-013,Продукты,7,50,35.99
2026-01-26,ПРО-013,Продукты,1,76,35.99
2026-01-27,ПРО-013,Продукты,2,74,35.99
2026-01-28,ПРО-013,Продукты,1,73,35.99
2026-01-29,ПРО-013,Продукты,8,65,35.99
2026-01-30,ПРО-013,Продукты,7,58,35.99
2026-01-31,ПРО-013,Продукты,10,48,35.99
2026-02-01,ПРО-013,Продукты,0,48,35.99
2026-02-02,ПРО-013,Продукты,7,70,35.99
2026-02-03,ПРО-013,Продукты,0,70,35.99
2026-02-04,ПРО-013,Продукты,1,69,35.99
2026-02-05,ПРО-013,Продукты,8,61,35.99
2026-02-06,ПРО-013,Продукты,0,61,35.99
2026-02-07,ПРО-013,Продукты,3,58,35.99
2026-02-08,ПРО-013,Продукты,7,51,35.99
2026-02-09,ПРО-013,Продукты,4,73,35.99
2026-02-10,ПРО-013,Продукты,3,70,35.99
2026-02-11,ПРО-013,Продукты,3,67,35.99
2026-02-12,ПРО-013,Продукты,5,62,35.99
2026-02-13,ПРО-013,Продукты,5,57,35.99
2026-02-14,ПРО-013,Продукты,0,57,35.99
2026-02-15,ПРО-013,Продукты,10,47,35.99
2026-02-16,ПРО-013,Продукты,2,75,35.99
2026-02-17,ПРО-013,Продукты,7,68,35.99
2026-02-18,ПРО-013,Продукты,3,65,35.99
2026-02-19,ПРО-013,Продукты,6,59,35.99
2026-02-20,ПРО-013,Продукты,5,54,35.99
2026-02-21,ПРО-013,Продукты,7,47,35.99
2026-02-22,ПРО-013,Продукты,9,38,35.99
2026-02-23,ПРО-013,Продукты,2,75,35.99
2026-02-24,ПРО-013,Продукты,3,72,35.99
2026-02-25,ПРО-013,Продукты,8,64,35.99
2026-02-26,ПРО-013,Продукты,5,59,35.99
2026-02-27,ПРО-013,Продукты,1,58,35.99
2026-02-28,ПРО-013,Продукты,8,50,35.99
2026-03-01,ПРО-013,Продукты,16,34,35.99
2026-03-02,ПРО-013,Продукты,4,73,35.99
2026-03-03,ПРО-013,Продукты,5,68,35.99
2026-03-04,ПРО-013,Продукты,3,65,35.99
2026-03-05,ПРО-013,Продукты,5,60,35.99
2026-03-06,ПРО-013,Продукты,7,53,35.99
2026-03-07,ПРО-013,Продукты,2,51,35.99
2026-03-08,ПРО-013,Продукты,7,44,35.99
2026-03-09,ПРО-013,Продукты,7,70,35.99
2026-03-10,ПРО-013,Продукты,3,67,35.99
2026-03-11,ПРО-013,Продукты,2,65,35.99
2026-03-12,ПРО-013,Продукты,2,63,35.99
2026-03-13,ПРО-013,Продукты,8,55,35.99
2026-03-14,ПРО-013,Продукты,2,53,35.99
2026-03-15,ПРО-013,Продукты,0,53,35.99
2026-03-16,ПРО-013,Продукты,5,72,35.99
2026-03-17,ПРО-013,Продукты,1,71,35.99
2026-03-18,ПРО-013,Продукты,0,71,35.99
2026-03-19,ПРО-013,Продукты,2,69,35.99
2026-03-20,ПРО-013,Продукты,4,65,35.99
2026-03-21,ПРО-013,Продукты,6,59,35.99
2026-03-22,ПРО-013,Продукты,4,55,35.99
2026-03-23,ПРО-013,Продукты,4,73,35.99
2026-03-24,ПРО-013,Продукты,2,71,35.99
2026-03-25,ПРО-013,Продукты,1,70,35.99
2026-03-26,ПРО-013,Продукты,9,61,35.99
2026-03-27,ПРО-013,Продукты,5,56,35.99
2026-03-28,ПРО-013,Продукты,16,40,35.99
2026-03-29,ПРО-013,Продукты,12,28,35.99
2026-03-30,ПРО-013,Продукты,9,68,35.99
2026-03-31,ПРО-013,Продукты,4,64,35.99
2026-04-01,ПРО-013,Продукты,3,61,35.99
2026-04-02,ПРО-013,Продукты,2,59,35.99
2026-04-03,ПРО-013,Продукты,4,55,35.99
2026-04-04,ПРО-013,Продукты,7,48,35.99
2026-04-05,ПРО-013,Продукты,2,46,35.99
2026-04-06,ПРО-013,Продукты,4,73,35.99
2026-04-07,ПРО-013,Продукты,6,67,35.99
2026-04-08,ПРО-013,Продукты,3,64,35.99
2026-04-09,ПРО-013,Продукты,1,63,35.99
2026-04-10,ПРО-013,Продукты,12,51,35.99
2026-04-11,ПРО-013,Продукты,9,42,35.99
2026-04-12,ПРО-013,Продукты,9,33,35.99
2026-04-13,ПРО-013,Продукты,1,76,35.99
2026-04-14,ПРО-013,Продукты,5,71,35.99
2026-04-15,ПРО-013,Продукты,2,69,35.99
2026-04-16,ПРО-013,Продукты,5,64,35.99
2026-04-17,ПРО-013,Продукты,7,57,35.99
2026-04-18,ПРО-013,Продукты,15,42,35.99
2026-04-19,ПРО-013,Продукты,14,28,35.99
2026-04-20,ПРО-013,Продукты,2,75,35.99
2026-04-21,ПРО-013,Продукты,8,67,35.99
2026-04-22,ПРО-013,Продукты,4,63,35.99
2026-04-23,ПРО-013,Продукты,2,61,35.99
2026-04-24,ПРО-013,Продукты,4,57,35.99
2026-04-25,ПРО-013,Продукты,4,53,35.99
2026-04-26,ПРО-013,Продукты,6,47,35.99
2026-04-27,ПРО-013,Продукты,7,70,35.99
2026-04-28,ПРО-013,Продукты,7,63,35.99
2026-04-29,ПРО-013,Продукты,5,58,35.99
2026-04-30,ПРО-013,Продукты,4,54,35.99
2026-05-01,ПРО-013,Продукты,1,53,35.99
2026-05-02,ПРО-013,Продукты,5,48,35.99
2026-05-03,ПРО-013,Продукты,1,47,35.99
2026-05-04,ПРО-013,Продукты,6,71,35.99
2026-05-05,ПРО-013,Продукты,12,59,35.99
2026-05-06,ПРО-013,Продукты,4,55,35.99
2026-05-07,ПРО-013,Продукты,7,48,35.99
2026-05-08,ПРО-013,Продукты,10,38,35.99
2026-05-09,ПРО-013,Продукты,4,34,35.99
2026-05-10,ПРО-013,Продукты,5,29,35.99
2026-05-11,ПРО-013,Продукты,7,70,35.99
2026-05-12,ПРО-013,Продукты,5,65,35.99
2026-05-13,ПРО-013,Продукты,3,62,35.99
2026-05-14,ПРО-013,Продукты,9,53,35.99
2026-05-15,ПРО-013,Продукты,4,49,35.99
2026-05-16,ПРО-013,Продукты,12,37,35.99
2026-05-17,ПРО-013,Продукты,2,35,35.99
2026-05-18,ПРО-013,Продукты,15,62,35.99
2026-05-19,ПРО-013,Продукты,3,59,35.99
2026-05-20,ПРО-013,Продукты,6,53,35.99
2026-05-21,ПРО-013,Продукты,12,41,35.99
2026-05-22,ПРО-013,Продукты,6,35,35.99
2026-05-23,ПРО-013,Продукты,5,30,35.99
2026-05-24,ПРО-013,Продукты,7,23,35.99
2026-05-25,ПРО-013,Продукты,3,74,35.99
2026-05-26,ПРО-013,Продукты,10,64,35.99
2026-05-27,ПРО-013,Продукты,4,60,35.99
2026-05-28,ПРО-013,Продукты,5,55,35.99
2026-05-29,ПРО-013,Продукты,3,52,35.99
2026-05-30,ПРО-013,Продукты,10,42,35.99
2026-05-31,ПРО-013,Продукты,6,36,35.99
2026-06-01,ПРО-013,Продукты,6,71,35.99
2026-06-02,ПРО-013,Продукты,4,67,35.99
2026-06-03,ПРО-013,Продукты,4,63,35.99
2026-06-04,ПРО-013,Продукты,5,58,35.99
2026-06-05,ПРО-013,Продукты,5,53,35.99
2026-06-06,ПРО-013,Продукты,3,50,35.99
2026-06-07,ПРО-013,Продукты,1,49,35.99
2026-06-08,ПРО-013,Продукты,9,68,35.99
2026-06-09,ПРО-013,Продукты,7,61,35.99
2026-06-10,ПРО-013,Продукты,6,55,35.99
2026-06-11,ПРО-013,Продукты,3,52,35.99
2026-06-12,ПРО-013,Продукты,10,42,35.99
2026-06-13,ПРО-013,Продукты,3,39,35.99
2026-06-14,ПРО-013,Продукты,7,32,35.99
2026-06-15,ПРО-013,Продукты,2,75,35.99
2026-06-16,ПРО-013,Продукты,11,64,35.99
2026-06-17,ПРО-013,Продукты,3,61,35.99
2026-06-18,ПРО-013,Продукты,1,60,35.99
2026-06-19,ПРО-013,Продукты,8,52,35.99
2026-06-20,ПРО-013,Продукты,2,50,35.99
2026-06-21,ПРО-013,Продукты,7,43,35.99
2026-06-22,ПРО-013,Продукты,1,76,35.99
2026-06-23,ПРО-013,Продукты,3,73,35.99
2026-06-24,ПРО-013,Продукты,1,72,35.99
2026-06-25,ПРО-013,Продукты,6,66,35.99
2026-06-26,ПРО-013,Продукты,4,62,35.99
2026-06-27,ПРО-013,Продукты,7,55,35.99
2026-06-28,ПРО-013,Продукты,3,52,35.99
2026-06-29,ПРО-013,Продукты,9,68,35.99
2026-06-30,ПРО-013,Продукты,16,52,35.99
2026-07-01,ПРО-013,Продукты,3,49,35.99
2026-07-02,ПРО-013,Продукты,1,48,35.99
2026-07-03,ПРО-013,Продукты,10,38,35.99
2026-07-04,ПРО-013,Продукты,8,30,35.99
2026-07-05,ПРО-013,Продукты,8,22,35.99
2026-07-06,ПРО-013,Продукты,6,71,35.99
2026-07-07,ПРО-013,Продукты,2,69,35.99
2026-07-08,ПРО-013,Продукты,4,65,35.99
2026-07-09,ПРО-013,Продукты,7,58,35.99
2026-07-10,ПРО-013,Продукты,2,56,35.99
2026-07-11,ПРО-013,Продукты,10,46,35.99
2026-07-12,ПРО-013,Продукты,8,38,35.99
2026-07-13,ПРО-013,Продукты,5,72,35.99
2026-07-14,ПРО-013,Продукты,7,65,35.99
2026-07-15,ПРО-013,Продукты,3,62,35.99
2026-07-16,ПРО-013,Продукты,2,60,35.99
2026-07-17,ПРО-013,Продукты,4,56,35.99
2026-07-18,ПРО-013,Продукты,4,52,35.99
2026-07-19,ПРО-013,Продукты,4,48,35.99
2026-07-20,ПРО-013,Продукты,3,74,35.99
2026-07-21,ПРО-013,Продукты,6,68,35.99
2026-07-22,ПРО-013,Продукты,3,65,35.99
2026-07-23,ПРО-013,Продукты,6,59,35.99
2026-07-24,ПРО-013,Продукты,3,56,35.99
2026-07-25,ПРО-013,Продукты,3,53,35.99
2026-07-26,ПРО-013,Продукты,6,47,35.99
2026-07-27,ПРО-013,Продукты,9,68,35.99
2026-07-28,ПРО-013,Продукты,4,64,35.99
2026-07-29,ПРО-013,Продукты,2,62,35.99
2026-07-30,ПРО-013,Продукты,9,53,35.99
2026-07-31,ПРО-013,Продукты,7,46,35.99
2026-08-01,ПРО-013,Продукты,9,37,35.99
2026-08-02,ПРО-013,Продукты,3,34,35.99
2026-08-03,ПРО-013,Продукты,7,70,35.99
2026-08-04,ПРО-013,Продукты,8,62,35.99
2026-08-05,ПРО-013,Продукты,7,55,35.99
2026-08-06,ПРО-013,Продукты,1,54,35.99
2026-08-07,ПРО-013,Продукты,3,51,35.99
2026-08-08,ПРО-013,Продукты,1,50,35.99
2026-08-09,ПРО-013,Продукты,4,46,35.99
2026-08-10,ПРО-013,Продукты,3,74,35.99
2026-08-11,ПРО-013,Продукты,2,72,35.99
2026-08-12,ПРО-013,Продукты,3,69,35.99
2026-08-13,ПРО-013,Продукты,2,67,35.99
2026-08-14,ПРО-013,Продукты,3,64,35.99
2026-08-15,ПРО-013,Продукты,9,55,35.99
2026-08-16,ПРО-013,Продукты,8,47,35.99
2026-08-17,ПРО-013,Продукты,1,76,35.99
2026-08-18,ПРО-013,Продукты,4,72,35.99
2026-08-19,ПРО-013,Продукты,2,70,35.99
2026-08-20,ПРО-013,Продукты,12,58,35.99
2026-08-21,ПРО-013,Продукты,10,48,35.99
2026-08-22,ПРО-013,Продукты,1,47,35.99
2026-08-23,ПРО-013,Продукты,5,42,35.99
2026-08-24,ПРО-013,Продукты,4,73,35.99
2026-08-25,ПРО-013,Продукты,5,68,35.99
2026-08-26,ПРО-013,Продукты,1,67,35.99
2026-08-27,ПРО-013,Продукты,1,66,35.99
2026-08-28,ПРО-013,Продукты,0,66,35.99
2026-08-29,ПРО-013,Продукты,9,57,35.99
2026-08-30,ПРО-013,Продукты,4,53,35.99
2026-08-31,ПРО-013,Продукты,1,76,35.99
2026-09-01,ПРО-013,Продукты,3,73,35.99
2026-09-02,ПРО-013,Продукты,1,72,35.99
2026-09-03,ПРО-013,Продукты,0,72,35.99
2026-09-04,ПРО-013,Продукты,2,70,35.99
2026-09-05,ПРО-013,Продукты,7,63,35.99
2026-09-06,ПРО-013,Продукты,5,58,35.99
2026-09-07,ПРО-013,Продукты,8,69,35.99
2026-09-08,ПРО-013,Продукты,2,67,35.99
2026-09-09,ПРО-013,Продукты,12,55,35.99
2026-09-10,ПРО-013,Продукты,4,51,35.99
2026-09-11,ПРО-013,Продукты,2,49,35.99
2026-09-12,ПРО-013,Продукты,5,44,35.99
2026-09-13,ПРО-013,Продукты,9,35,35.99
2026-09-14,ПРО-013,Продукты,3,74,35.99
2026-09-15,ПРО-013,Продукты,1,73,35.99
2026-09-16,ПРО-013,Продукты,2,71,35.99
2026-09-17,ПРО-013,Продукты,1,70,35.99
2026-09-18,ПРО-013,Продукты,5,65,35.99
2026-09-19,ПРО-013,Продукты,2,63,35.99
2026-09-20,ПРО-013,Продукты,8,55,35.99
2026-09-21,ПРО-013,Продукты,5,72,35.99
2026-09-22,ПРО-013,Продукты,5,67,35.99
2026-09-23,ПРО-013,Продукты,4,63,35.99
2026-09-24,ПРО-013,Продукты,4,59,35.99
2026-09-25,ПРО-013,Продукты,11,48,35.99
2026-09-26,ПРО-013,Продукты,3,45,35.99
2026-09-27,ПРО-013,Продукты,5,40,35.99
2026-09-28,ПРО-013,Продукты,3,74,35.99
2026-09-29,ПРО-013,Продукты,2,72,35.99
2026-09-30,ПРО-013,Продукты,4,68,35.99
2025-06-01,ПРО-014,Продукты,9,131,44.63
2025-06-02,ПРО-014,Продукты,6,173,44.63
2025-06-03,ПРО-014,Продукты,21,152,44.63
2025-06-04,ПРО-014,Продукты,7,145,44.63
2025-06-05,ПРО-014,Продукты,8,137,44.63
2025-06-06,ПРО-014,Продукты,15,122,44.63
2025-06-07,ПРО-014,Продукты,15,107,44.63
2025-06-08,ПРО-014,Продукты,13,94,44.63
2025-06-09,ПРО-014,Продукты,4,175,44.63
2025-06-10,ПРО-014,Продукты,13,162,44.63
2025-06-11,ПРО-014,Продукты,10,152,44.63
2025-06-12,ПРО-014,Продукты,4,148,44.63
2025-06-13,ПРО-014,Продукты,11,137,44.63
2025-06-14,ПРО-014,Продукты,5,132,44.63
2025-06-15,ПРО-014,Продукты,10,122,44.63
2025-06-16,ПРО-014,Продукты,17,162,44.63
2025-06-17,ПРО-014,Продукты,4,158,44.63
2025-06-18,ПРО-014,Продукты,5,153,44.63
2025-06-19,ПРО-014,Продукты,1,152,44.63
2025-06-20,ПРО-014,Продукты,5,147,44.63
2025-06-21,ПРО-014,Продукты,26,121,44.63
2025-06-22,ПРО-014,Продукты,28,93,44.63
2025-06-23,ПРО-014,Продукты,4,175,44.63
2025-06-24,ПРО-014,Продукты,10,165,44.63
2025-06-25,ПРО-014,Продукты,5,160,44.63
2025-06-26,ПРО-014,Продукты,8,152,44.63
2025-06-27,ПРО-014,Продукты,10,142,44.63
2025-06-28,ПРО-014,Продукты,20,122,44.63
2025-06-29,ПРО-014,Продукты,17,105,44.63
2025-06-30,ПРО-014,Продукты,11,168,44.63
2025-07-01,ПРО-014,Продукты,3,165,44.63
2025-07-02,ПРО-014,Продукты,23,142,44.63
2025-07-03,ПРО-014,Продукты,7,135,44.63
2025-07-04,ПРО-014,Продукты,9,126,44.63
2025-07-05,ПРО-014,Продукты,9,117,44.63
2025-07-06,ПРО-014,Продукты,16,101,44.63
2025-07-07,ПРО-014,Продукты,8,171,44.63
2025-07-08,ПРО-014,Продукты,12,159,44.63
2025-07-09,ПРО-014,Продукты,14,145,44.63
2025-07-10,ПРО-014,Продукты,14,131,44.63
2025-07-11,ПРО-014,Продукты,16,115,44.63
2025-07-12,ПРО-014,Продукты,9,106,44.63
2025-07-13,ПРО-014,Продукты,7,99,44.63
2025-07-14,ПРО-014,Продукты,0,179,44.63
2025-07-15,ПРО-014,Продукты,13,166,44.63
2025-07-16,ПРО-014,Продукты,5,161,44.63
2025-07-17,ПРО-014,Продукты,2,159,44.63
2025-07-18,ПРО-014,Продукты,7,152,44.63
2025-07-19,ПРО-014,Продукты,16,136,44.63
2025-07-20,ПРО-014,Продукты,20,116,44.63
2025-07-21,ПРО-014,Продукты,5,174,44.63
2025-07-22,ПРО-014,Продукты,8,166,44.63
2025-07-23,ПРО-014,Продукты,7,159,44.63
2025-07-24,ПРО-014,Продукты,13,146,44.63
2025-07-25,ПРО-014,Продукты,4,142,44.63
2025-07-26,ПРО-014,Продукты,21,121,44.63
2025-07-27,ПРО-014,Продукты,8,113,44.63
2025-07-28,ПРО-014,Продукты,20,159,44.63
2025-07-29,ПРО-014,Продукты,6,153,44.63
2025-07-30,ПРО-014,Продукты,9,144,44.63
2025-07-31,ПРО-014,Продукты,3,141,44.63
2025-08-01,ПРО-014,Продукты,5,136,44.63
2025-08-02,ПРО-014,Продукты,6,130,44.63
2025-08-03,ПРО-014,Продукты,13,117,44.63
2025-08-04,ПРО-014,Продукты,13,166,44.63
2025-08-05,ПРО-014,Продукты,9,157,44.63
2025-08-06,ПРО-014,Продукты,11,146,44.63
2025-08-07,ПРО-014,Продукты,8,138,44.63
2025-08-08,ПРО-014,Продукты,17,121,44.63
2025-08-09,ПРО-014,Продукты,10,111,44.63
2025-08-10,ПРО-014,Продукты,25,86,44.63
2025-08-11,ПРО-014,Продукты,11,168,44.63
2025-08-12,ПРО-014,Продукты,4,164,44.63
2025-08-13,ПРО-014,Продукты,13,151,44.63
2025-08-14,ПРО-014,Продукты,4,147,44.63
2025-08-15,ПРО-014,Продукты,3,144,44.63
2025-08-16,ПРО-014,Продукты,11,133,44.63
2025-08-17,ПРО-014,Продукты,8,125,44.63
2025-08-18,ПРО-014,Продукты,11,168,44.63
2025-08-19,ПРО-014,Продукты,7,161,44.63
2025-08-20,ПРО-014,Продукты,14,147,44.63
2025-08-21,ПРО-014,Продукты,16,131,44.63
2025-08-22,ПРО-014,Продукты,3,128,44.63
2025-08-23,ПРО-014,Продукты,19,109,44.63
2025-08-24,ПРО-014,Продукты,28,81,44.63
2025-08-25,ПРО-014,Продукты,7,172,44.63
2025-08-26,ПРО-014,Продукты,8,164,44.63
2025-08-27,ПРО-014,Продукты,12,152,44.63
2025-08-28,ПРО-014,Продукты,4,148,44.63
2025-08-29,ПРО-014,Продукты,14,134,44.63
2025-08-30,ПРО-014,Продукты,10,124,44.63
2025-08-31,ПРО-014,Продукты,10,114,44.63
2025-09-01,ПРО-014,Продукты,18,161,44.63
2025-09-02,ПРО-014,Продукты,25,136,44.63
2025-09-03,ПРО-014,Продукты,6,130,44.63
2025-09-04,ПРО-014,Продукты,5,125,44.63
2025-09-05,ПРО-014,Продукты,20,105,44.63
2025-09-06,ПРО-014,Продукты,6,99,44.63
2025-09-07,ПРО-014,Продукты,0,99,44.63
2025-09-08,ПРО-014,Продукты,7,172,44.63
2025-09-09,ПРО-014,Продукты,6,166,44.63
2025-09-10,ПРО-014,Продукты,7,159,44.63
2025-09-11,ПРО-014,Продукты,10,149,44.63
2025-09-12,ПРО-014,Продукты,11,138,44.63
2025-09-13,ПРО-014,Продукты,13,125,44.63
2025-09-14,ПРО-014,Продукты,5,120,44.63
2025-09-15,ПРО-014,Продукты,6,173,44.63
2025-09-16,ПРО-014,Продукты,1,172,44.63
2025-09-17,ПРО-014,Продукты,9,163,44.63
2025-09-18,ПРО-014,Продукты,15,148,44.63
2025-09-19,ПРО-014,Продукты,19,129,44.63
2025-09-20,ПРО-014,Продукты,26,103,44.63
2025-09-21,ПРО-014,Продукты,17,86,44.63
2025-09-22,ПРО-014,Продукты,7,172,44.63
2025-09-23,ПРО-014,Продукты,10,162,44.63
2025-09-24,ПРО-014,Продукты,7,155,44.63
2025-09-25,ПРО-014,Продукты,11,144,44.63
2025-09-26,ПРО-014,Продукты,14,130,44.63
2025-09-27,ПРО-014,Продукты,1,129,44.63
2025-09-28,ПРО-014,Продукты,11,118,44.63
2025-09-29,ПРО-014,Продукты,3,176,44.63
2025-09-30,ПРО-014,Продукты,4,172,44.63
2025-10-01,ПРО-014,Продукты,3,169,44.63
2025-10-02,ПРО-014,Продукты,9,160,44.63
2025-10-03,ПРО-014,Продукты,9,151,44.63
2025-10-04,ПРО-014,Продукты,20,131,44.63
2025-10-05,ПРО-014,Продукты,12,119,44.63
2025-10-06,ПРО-014,Продукты,1,178,44.63
2025-10-07,ПРО-014,Продукты,11,167,44.63
2025-10-08,ПРО-014,Продукты,18,149,44.63
2025-10-09,ПРО-014,Продукты,3,146,44.63
2025-10-10,ПРО-014,Продукты,8,138,44.63
2025-10-11,ПРО-014,Продукты,16,122,44.63
2025-10-12,ПРО-014,Продукты,10,112,44.63
2025-10-13,ПРО-014,Продукты,8,171,44.63
2025-10-14,ПРО-014,Продукты,9,162,44.63
2025-10-15,ПРО-014,Продукты,11,151,44.63
2025-10-16,ПРО-014,Продукты,4,147,44.63
2025-10-17,ПРО-014,Продукты,6,141,44.63
2025-10-18,ПРО-014,Продукты,10,131,44.63
2025-10-19,ПРО-014,Продукты,18,113,44.63
2025-10-20,ПРО-014,Продукты,14,165,44.63
2025-10-21,ПРО-014,Продукты,6,159,44.63
2025-10-22,ПРО-014,Продукты,2,157,44.63
2025-10-23,ПРО-014,Продукты,5,152,44.63
2025-10-24,ПРО-014,Продукты,20,132,44.63
2025-10-25,ПРО-014,Продукты,18,114,44.63
2025-10-26,ПРО-014,Продукты,19,95,44.63
2025-10-27,ПРО-014,Продукты,4,175,44.63
2025-10-28,ПРО-014,Продукты,6,169,44.63
2025-10-29,ПРО-014,Продукты,11,158,44.63
2025-10-30,ПРО-014,Продукты,14,144,44.63
2025-10-31,ПРО-014,Продукты,10,134,44.63
2025-11-01,ПРО-014,Продукты,10,124,44.63
2025-11-02,ПРО-014,Продукты,23,101,44.63
2025-11-03,ПРО-014,Продукты,7,172,44.63
2025-11-04,ПРО-014,Продукты,7,165,44.63
2025-11-05,ПРО-014,Продукты,5,160,44.63
2025-11-06,ПРО-014,Продукты,14,146,44.63
2025-11-07,ПРО-014,Продукты,6,140,44.63
2025-11-08,ПРО-014,Продукты,22,118,44.63
2025-11-09,ПРО-014,Продукты,8,110,44.63
2025-11-10,ПРО-014,Продукты,3,176,44.63
2025-11-11,ПРО-014,Продукты,12,164,44.63
2025-11-12,ПРО-014,Продукты,7,157,44.63
2025-11-13,ПРО-014,Продукты,11,146,44.63
2025-11-14,ПРО-014,Продукты,11,135,44.63
2025-11-15,ПРО-014,Продукты,15,120,44.63
2025-11-16,ПРО-014,Продукты,13,107,44.63
2025-11-17,ПРО-014,Продукты,9,170,44.63
2025-11-18,ПРО-014,Продукты,10,160,44.63
2025-11-19,ПРО-014,Продукты,1,159,44.63
2025-11-20,ПРО-014,Продукты,11,148,44.63
2025-11-21,ПРО-014,Продукты,7,141,44.63
2025-11-22,ПРО-014,Продукты,12,129,44.63
2025-11-23,ПРО-014,Продукты,13,116,44.63
2025-11-24,ПРО-014,Продукты,4,175,44.63
2025-11-25,ПРО-014,Продукты,10,165,44.63
2025-11-26,ПРО-014,Продукты,19,146,44.63
2025-11-27,ПРО-014,Продукты,10,136,44.63
2025-11-28,ПРО-014,Продукты,13,123,44.63
2025-11-29,ПРО-014,Продукты,16,107,44.63
2025-11-30,ПРО-014,Продукты,8,99,44.63
2025-12-01,ПРО-014,Продукты,3,176,44.63
2025-12-02,ПРО-014,Продукты,4,172,44.63
2025-12-03,ПРО-014,Продукты,14,158,44.63
2025-12-04,ПРО-014,Продукты,7,151,44.63
2025-12-05,ПРО-014,Продукты,7,144,44.63
2025-12-06,ПРО-014,Продукты,10,134,44.63
2025-12-07,ПРО-014,Продукты,6,128,44.63
2025-12-08,ПРО-014,Продукты,11,168,44.63
2025-12-09,ПРО-014,Продукты,12,156,44.63
2025-12-10,ПРО-014,Продукты,6,150,44.63
2025-12-11,ПРО-014,Продукты,11,139,44.63
2025-12-12,ПРО-014,Продукты,11,128,44.63
2025-12-13,ПРО-014,Продукты,21,107,44.63
2025-12-14,ПРО-014,Продукты,2,105,44.63
2025-12-15,ПРО-014,Продукты,12,167,44.63
2025-12-16,ПРО-014,Продукты,5,162,44.63
2025-12-17,ПРО-014,Продукты,6,156,44.63
2025-12-18,ПРО-014,Продукты,7,149,44.63
2025-12-19,ПРО-014,Продукты,19,130,44.63
2025-12-20,ПРО-014,Продукты,4,126,44.63
2025-12-21,ПРО-014,Продукты,11,115,44.63
2025-12-22,ПРО-014,Продукты,8,171,44.63
2025-12-23,ПРО-014,Продукты,16,155,44.63
2025-12-24,ПРО-014,Продукты,5,150,44.63
2025-12-25,ПРО-014,Продукты,3,147,44.63
2025-12-26,ПРО-014,Продукты,12,135,44.63
2025-12-27,ПРО-014,Продукты,26,109,44.63
2025-12-28,ПРО-014,Продукты,8,101,44.63
2025-12-29,ПРО-014,Продукты,12,167,44.63
2025-12-30,ПРО-014,Продукты,7,160,44.63
2025-12-31,ПРО-014,Продукты,2,158,44.63
2026-01-01,ПРО-014,Продукты,10,148,44.63
2026-01-02,ПРО-014,Продукты,5,143,44.63
2026-01-03,ПРО-014,Продукты,19,124,44.63
2026-01-04,ПРО-014,Продукты,10,114,44.63
2026-01-05,ПРО-014,Продукты,9,170,44.63
2026-01-06,ПРО-014,Продукты,8,162,44.63
2026-01-07,ПРО-014,Продукты,15,147,44.63
2026-01-08,ПРО-014,Продукты,6,141,44.63
2026-01-09,ПРО-014,Продукты,14,127,44.63
2026-01-10,ПРО-014,Продукты,11,116,44.63
2026-01-11,ПРО-014,Продукты,6,110,44.63
2026-01-12,ПРО-014,Продукты,3,176,44.63
2026-01-13,ПРО-014,Продукты,10,166,44.63
2026-01-14,ПРО-014,Продукты,2,164,44.63
2026-01-15,ПРО-014,Продукты,1,163,44.63
2026-01-16,ПРО-014,Продукты,4,159,44.63
2026-01-17,ПРО-014,Продукты,3,156,44.63
2026-01-18,ПРО-014,Продукты,7,149,44.63
2026-01-19,ПРО-014,Продукты,12,167,44.63
2026-01-20,ПРО-014,Продукты,7,160,44.63
2026-01-21,ПРО-014,Продукты,8,152,44.63
2026-01-22,ПРО-014,Продукты,7,145,44.63
2026-01-23,ПРО-014,Продукты,6,139,44.63
2026-01-24,ПРО-014,Продукты,7,132,44.63
2026-01-25,ПРО-014,Продукты,15,117,44.63
2026-01-26,ПРО-014,Продукты,16,163,44.63
2026-01-27,ПРО-014,Продукты,7,156,44.63
2026-01-28,ПРО-014,Продукты,7,149,44.63
2026-01-29,ПРО-014,Продукты,2,147,44.63
2026-01-30,ПРО-014,Продукты,6,141,44.63
2026-01-31,ПРО-014,Продукты,15,126,44.63
2026-02-01,ПРО-014,Продукты,21,105,44.63
2026-02-02,ПРО-014,Продукты,12,167,44.63
2026-02-03,ПРО-014,Продукты,9,158,44.63
2026-02-04,ПРО-014,Продукты,9,149,44.63
2026-02-05,ПРО-014,Продукты,6,143,44.63
2026-02-06,ПРО-014,Продукты,19,124,44.63
2026-02-07,ПРО-014,Продукты,27,97,44.63
2026-02-08,ПРО-014,Продукты,11,86,44.63
2026-02-09,ПРО-014,Продукты,20,159,44.63
2026-02-10,ПРО-014,Продукты,11,148,44.63
2026-02-11,ПРО-014,Продукты,12,136,44.63
2026-02-12,ПРО-014,Продукты,12,124,44.63
2026-02-13,ПРО-014,Продукты,1,123,44.63
2026-02-14,ПРО-014,Продукты,7,116,44.63
2026-02-15,ПРО-014,Продукты,13,103,44.63
2026-02-16,ПРО-014,Продукты,8,171,44.63
2026-02-17,ПРО-014,Продукты,9,162,44.63
2026-02-18,ПРО-014,Продукты,11,151,44.63
2026-02-19,ПРО-014,Продукты,10,141,44.63
2026-02-20,ПРО-014,Продукты,7,134,44.63
2026-02-21,ПРО-014,Продукты,11,123,44.63
2026-02-22,ПРО-014,Продукты,12,111,44.63
2026-02-23,ПРО-014,Продукты,8,171,44.63
2026-02-24,ПРО-014,Продукты,18,153,44.63
2026-02-25,ПРО-014,Продукты,2,151,44.63
2026-02-26,ПРО-014,Продукты,14,137,44.63
2026-02-27,ПРО-014,Продукты,4,133,44.63
2026-02-28,ПРО-014,Продукты,18,115,44.63
2026-03-01,ПРО-014,Продукты,7,108,44.63
2026-03-02,ПРО-014,Продукты,6,173,44.63
2026-03-03,ПРО-014,Продукты,8,165,44.63
2026-03-04,ПРО-014,Продукты,10,155,44.63
2026-03-05,ПРО-014,Продукты,5,150,44.63
2026-03-06,ПРО-014,Продукты,9,141,44.63
2026-03-07,ПРО-014,Продукты,20,121,44.63
2026-03-08,ПРО-014,Продукты,6,115,44.63
2026-03-09,ПРО-014,Продукты,14,165,44.63
2026-03-10,ПРО-014,Продукты,10,155,44.63
2026-03-11,ПРО-014,Продукты,5,150,44.63
2026-03-12,ПРО-014,Продукты,13,137,44.63
2026-03-13,ПРО-014,Продукты,21,116,44.63
2026-03-14,ПРО-014,Продукты,12,104,44.63
2026-03-15,ПРО-014,Продукты,17,87,44.63
2026-03-16,ПРО-014,Продукты,12,167,44.63
2026-03-17,ПРО-014,Продукты,6,161,44.63
2026-03-18,ПРО-014,Продукты,14,147,44.63
2026-03-19,ПРО-014,Продукты,11,136,44.63
2026-03-20,ПРО-014,Продукты,9,127,44.63
2026-03-21,ПРО-014,Продукты,7,120,44.63
2026-03-22,ПРО-014,Продукты,10,110,44.63
2026-03-23,ПРО-014,Продукты,1,178,44.63
2026-03-24,ПРО-014,Продукты,11,167,44.63
2026-03-25,ПРО-014,Продукты,14,153,44.63
2026-03-26,ПРО-014,Продукты,6,147,44.63
2026-03-27,ПРО-014,Продукты,9,138,44.63
2026-03-28,ПРО-014,Продукты,20,118,44.63
2026-03-29,ПРО-014,Продукты,28,90,44.63
2026-03-30,ПРО-014,Продукты,13,166,44.63
2026-03-31,ПРО-014,Продукты,13,153,44.63
2026-04-01,ПРО-014,Продукты,2,151,44.63
2026-04-02,ПРО-014,Продукты,13,138,44.63
2026-04-03,ПРО-014,Продукты,14,124,44.63
2026-04-04,ПРО-014,Продукты,11,113,44.63
2026-04-05,ПРО-014,Продукты,8,105,44.63
2026-04-06,ПРО-014,Продукты,20,159,44.63
2026-04-07,ПРО-014,Продукты,11,148,44.63
2026-04-08,ПРО-014,Продукты,17,131,44.63
2026-04-09,ПРО-014,Продукты,5,126,44.63
2026-04-10,ПРО-014,Продукты,8,118,44.63
2026-04-11,ПРО-014,Продукты,15,103,44.63
2026-04-12,ПРО-014,Продукты,18,85,44.63
2026-04-13,ПРО-014,Продукты,8,171,44.63
2026-04-14,ПРО-014,Продукты,6,165,44.63
2026-04-15,ПРО-014,Продукты,8,157,44.63
2026-04-16,ПРО-014,Продукты,4,153,44.63
2026-04-17,ПРО-014,Продукты,13,140,44.63
2026-04-18,ПРО-014,Продукты,10,130,44.63
2026-04-19,ПРО-014,Продукты,14,116,44.63
2026-04-20,ПРО-014,Продукты,13,166,44.63
2026-04-21,ПРО-014,Продукты,4,162,44.63
2026-04-22,ПРО-014,Продукты,6,156,44.63
2026-04-23,ПРО-014,Продукты,7,149,44.63
2026-04-24,ПРО-014,Продукты,4,145,44.63
2026-04-25,ПРО-014,Продукты,9,136,44.63
2026-04-26,ПРО-014,Продукты,19,117,44.63
2026-04-27,ПРО-014,Продукты,17,162,44.63
2026-04-28,ПРО-014,Продукты,7,155,44.63
2026-04-29,ПРО-014,Продукты,3,152,44.63
2026-04-30,ПРО-014,Продукты,4,148,44.63
2026-05-01,ПРО-014,Продукты,14,134,44.63
2026-05-02,ПРО-014,Продукты,17,117,44.63
2026-05-03,ПРО-014,Продукты,14,103,44.63
2026-05-04,ПРО-014,Продукты,8,171,44.63
2026-05-05,ПРО-014,Продукты,5,166,44.63
2026-05-06,ПРО-014,Продукты,9,157,44.63
2026-05-07,ПРО-014,Продукты,10,147,44.63
2026-05-08,ПРО-014,Продукты,17,130,44.63
2026-05-09,ПРО-014,Продукты,6,124,44.63
2026-05-10,ПРО-014,Продукты,7,117,44.63
2026-05-11,ПРО-014,Продукты,11,168,44.63
2026-05-12,ПРО-014,Продукты,8,160,44.63
2026-05-13,ПРО-014,Продукты,9,151,44.63
2026-05-14,ПРО-014,Продукты,6,145,44.63
2026-05-15,ПРО-014,Продукты,20,125,44.63
2026-05-16,ПРО-014,Продукты,11,114,44.63
2026-05-17,ПРО-014,Продукты,13,101,44.63
2026-05-18,ПРО-014,Продукты,11,168,44.63
2026-05-19,ПРО-014,Продукты,17,151,44.63
2026-05-20,ПРО-014,Продукты,6,145,44.63
2026-05-21,ПРО-014,Продукты,6,139,44.63
2026-05-22,ПРО-014,Продукты,18,121,44.63
2026-05-23,ПРО-014,Продукты,10,111,44.63
2026-05-24,ПРО-014,Продукты,25,86,44.63
2026-05-25,ПРО-014,Продукты,8,171,44.63
2026-05-26,ПРО-014,Продукты,16,155,44.63
2026-05-27,ПРО-014,Продукты,4,151,44.63
2026-05-28,ПРО-014,Продукты,8,143,44.63
2026-05-29,ПРО-014,Продукты,7,136,44.63
2026-05-30,ПРО-014,Продукты,11,125,44.63
2026-05-31,ПРО-014,Продукты,16,109,44.63
2026-06-01,ПРО-014,Продукты,26,153,44.63
2026-06-02,ПРО-014,Продукты,8,145,44.63
2026-06-03,ПРО-014,Продукты,10,135,44.63
2026-06-04,ПРО-014,Продукты,10,125,44.63
2026-06-05,ПРО-014,Продукты,14,111,44.63
2026-06-06,ПРО-014,Продукты,28,83,44.63
2026-06-07,ПРО-014,Продукты,23,60,44.63
2026-06-08,ПРО-014,Продукты,15,164,44.63
2026-06-09,ПРО-014,Продукты,30,134,44.63
2026-06-10,ПРО-014,Продукты,15,119,44.63
2026-06-11,ПРО-014,Продукты,9,110,44.63
2026-06-12,ПРО-014,Продукты,6,104,44.63
2026-06-13,ПРО-014,Продукты,12,92,44.63
2026-06-14,ПРО-014,Продукты,20,72,44.63
2026-06-15,ПРО-014,Продукты,11,168,44.63
2026-06-16,ПРО-014,Продукты,8,160,44.63
2026-06-17,ПРО-014,Продукты,17,143,44.63
2026-06-18,ПРО-014,Продукты,12,131,44.63
2026-06-19,ПРО-014,Продукты,12,119,44.63
2026-06-20,ПРО-014,Продукты,12,107,44.63
2026-06-21,ПРО-014,Продукты,15,92,44.63
2026-06-22,ПРО-014,Продукты,10,169,44.63
2026-06-23,ПРО-014,Продукты,10,159,44.63
2026-06-24,ПРО-014,Продукты,14,145,44.63
2026-06-25,ПРО-014,Продукты,20,125,44.63
2026-06-26,ПРО-014,Продукты,7,118,44.63
2026-06-27,ПРО-014,Продукты,6,112,44.63
2026-06-28,ПРО-014,Продукты,21,91,44.63
2026-06-29,ПРО-014,Продукты,13,166,44.63
2026-06-30,ПРО-014,Продукты,11,155,44.63
2026-07-01,ПРО-014,Продукты,10,145,44.63
2026-07-02,ПРО-014,Продукты,11,134,44.63
2026-07-03,ПРО-014,Продукты,12,122,44.63
2026-07-04,ПРО-014,Продукты,2,120,44.63
2026-07-05,ПРО-014,Продукты,20,100,44.63
2026-07-06,ПРО-014,Продукты,1,178,44.63
2026-07-07,ПРО-014,Продукты,22,156,44.63
2026-07-08,ПРО-014,Продукты,6,150,44.63
2026-07-09,ПРО-014,Продукты,11,139,44.63
2026-07-10,ПРО-014,Продукты,10,129,44.63
2026-07-11,ПРО-014,Продукты,21,108,44.63
2026-07-12,ПРО-014,Продукты,5,103,44.63
2026-07-13,ПРО-014,Продукты,8,171,44.63
2026-07-14,ПРО-014,Продукты,16,155,44.63
2026-07-15,ПРО-014,Продукты,20,135,44.63
2026-07-16,ПРО-014,Продукты,8,127,44.63
2026-07-17,ПРО-014,Продукты,2,125,44.63
2026-07-18,ПРО-014,Продукты,12,113,44.63
2026-07-19,ПРО-014,Продукты,19,94,44.63
2026-07-20,ПРО-014,Продукты,10,169,44.63
2026-07-21,ПРО-014,Продукты,9,160,44.63
2026-07-22,ПРО-014,Продукты,5,155,44.63
2026-07-23,ПРО-014,Продукты,7,148,44.63
2026-07-24,ПРО-014,Продукты,9,139,44.63
2026-07-25,ПРО-014,Продукты,8,131,44.63
2026-07-26,ПРО-014,Продукты,6,125,44.63
2026-07-27,ПРО-014,Продукты,1,178,44.63
2026-07-28,ПРО-014,Продукты,11,167,44.63
2026-07-29,ПРО-014,Продукты,11,156,44.63
2026-07-30,ПРО-014,Продукты,24,132,44.63
2026-07-31,ПРО-014,Продукты,7,125,44.63
2026-08-01,ПРО-014,Продукты,20,105,44.63
2026-08-02,ПРО-014,Продукты,28,77,44.63
2026-08-03,ПРО-014,Продукты,15,164,44.63
2026-08-04,ПРО-014,Продукты,7,157,44.63
2026-08-05,ПРО-014,Продукты,14,143,44.63
2026-08-06,ПРО-014,Продукты,13,130,44.63
2026-08-07,ПРО-014,Продукты,17,113,44.63
2026-08-08,ПРО-014,Продукты,31,82,44.63
2026-08-09,ПРО-014,Продукты,12,70,44.63
2026-08-10,ПРО-014,Продукты,18,161,44.63
2026-08-11,ПРО-014,Продукты,24,137,44.63
2026-08-12,ПРО-014,Продукты,6,131,44.63
2026-08-13,ПРО-014,Продукты,19,112,44.63
2026-08-14,ПРО-014,Продукты,14,98,44.63
2026-08-15,ПРО-014,Продукты,15,83,44.63
2026-08-16,ПРО-014,Продукты,10,73,44.63
2026-08-17,ПРО-014,Продукты,9,170,44.63
2026-08-18,ПРО-014,Продукты,15,155,44.63
2026-08-19,ПРО-014,Продукты,8,147,44.63
2026-08-20,ПРО-014,Продукты,11,136,44.63
2026-08-21,ПРО-014,Продукты,10,126,44.63
2026-08-22,ПРО-014,Продукты,6,120,44.63
2026-08-23,ПРО-014,Продукты,26,94,44.63
2026-08-24,ПРО-014,Продукты,11,168,44.63
2026-08-25,ПРО-014,Продукты,13,155,44.63
2026-08-26,ПРО-014,Продукты,10,145,44.63
2026-08-27,ПРО-014,Продукты,14,131,44.63
2026-08-28,ПРО-014,Продукты,9,122,44.63
2026-08-29,ПРО-014,Продукты,14,108,44.63
2026-08-30,ПРО-014,Продукты,6,102,44.63
2026-08-31,ПРО-014,Продукты,11,168,44.63
2026-09-01,ПРО-014,Продукты,16,152,44.63
2026-09-02,ПРО-014,Продукты,8,144,44.63
2026-09-03,ПРО-014,Продукты,3,141,44.63
2026-09-04,ПРО-014,Продукты,13,128,44.63
2026-09-05,ПРО-014,Продукты,30,98,44.63
2026-09-06,ПРО-014,Продукты,18,80,44.63
2026-09-07,ПРО-014,Продукты,8,171,44.63
2026-09-08,ПРО-014,Продукты,10,161,44.63
2026-09-09,ПРО-014,Продукты,19,142,44.63
2026-09-10,ПРО-014,Продукты,8,134,44.63
2026-09-11,ПРО-014,Продукты,8,126,44.63
2026-09-12,ПРО-014,Продукты,40,86,44.63
2026-09-13,ПРО-014,Продукты,10,76,44.63
2026-09-14,ПРО-014,Продукты,6,173,44.63
2026-09-15,ПРО-014,Продукты,10,163,44.63
2026-09-16,ПРО-014,Продукты,8,155,44.63
2026-09-17,ПРО-014,Продукты,8,147,44.63
2026-09-18,ПРО-014,Продукты,7,140,44.63
2026-09-19,ПРО-014,Продукты,5,135,44.63
2026-09-20,ПРО-014,Продукты,5,130,44.63
2026-09-21,ПРО-014,Продукты,13,166,44.63
2026-09-22,ПРО-014,Продукты,10,156,44.63
2026-09-23,ПРО-014,Продукты,8,148,44.63
2026-09-24,ПРО-014,Продукты,14,134,44.63
2026-09-25,ПРО-014,Продукты,17,117,44.63
2026-09-26,ПРО-014,Продукты,18,99,44.63
2026-09-27,ПРО-014,Продукты,6,93,44.63
2026-09-28,ПРО-014,Продукты,12,167,44.63
2026-09-29,ПРО-014,Продукты,11,156,44.63
2026-09-30,ПРО-014,Продукты,26,130,44.63
2025-06-01,ПРО-015,Продукты,6,120,45.52
2025-06-02,ПРО-015,Продукты,4,157,45.52
2025-06-03,ПРО-015,Продукты,7,150,45.52
2025-06-04,ПРО-015,Продукты,15,135,45.52
2025-06-05,ПРО-015,Продукты,7,128,45.52
2025-06-06,ПРО-015,Продукты,18,110,45.52
2025-06-07,ПРО-015,Продукты,9,101,45.52
2025-06-08,ПРО-015,Продукты,10,91,45.52
2025-06-09,ПРО-015,Продукты,6,155,45.52
2025-06-10,ПРО-015,Продукты,8,147,45.52
2025-06-11,ПРО-015,Продукты,14,133,45.52
2025-06-12,ПРО-015,Продукты,8,125,45.52
2025-06-13,ПРО-015,Продукты,2,123,45.52
2025-06-14,ПРО-015,Продукты,9,114,45.52
2025-06-15,ПРО-015,Продукты,5,109,45.52
2025-06-16,ПРО-015,Продукты,3,158,45.52
2025-06-17,ПРО-015,Продукты,7,151,45.52
2025-06-18,ПРО-015,Продукты,9,142,45.52
2025-06-19,ПРО-015,Продукты,8,134,45.52
2025-06-20,ПРО-015,Продукты,7,127,45.52
2025-06-21,ПРО-015,Продукты,12,115,45.52
2025-06-22,ПРО-015,Продукты,10,105,45.52
2025-06-23,ПРО-015,Продукты,10,151,45.52
2025-06-24,ПРО-015,Продукты,5,146,45.52
2025-06-25,ПРО-015,Продукты,5,141,45.52
2025-06-26,ПРО-015,Продукты,11,130,45.52
2025-06-27,ПРО-015,Продукты,5,125,45.52
2025-06-28,ПРО-015,Продукты,6,119,45.52
2025-06-29,ПРО-015,Продукты,11,108,45.52
2025-06-30,ПРО-015,Продукты,14,147,45.52
2025-07-01,ПРО-015,Продукты,2,145,45.52
2025-07-02,ПРО-015,Продукты,9,136,45.52
2025-07-03,ПРО-015,Продукты,2,134,45.52
2025-07-04,ПРО-015,Продукты,16,118,45.52
2025-07-05,ПРО-015,Продукты,7,111,45.52
2025-07-06,ПРО-015,Продукты,9,102,45.52
2025-07-07,ПРО-015,Продукты,8,153,45.52
2025-07-08,ПРО-015,Продукты,17,136,45.52
2025-07-09,ПРО-015,Продукты,8,128,45.52
2025-07-10,ПРО-015,Продукты,3,125,45.52
2025-07-11,ПРО-015,Продукты,9,116,45.52
2025-07-12,ПРО-015,Продукты,7,109,45.52
2025-07-13,ПРО-015,Продукты,9,100,45.52
2025-07-14,ПРО-015,Продукты,15,146,45.52
2025-07-15,ПРО-015,Продукты,5,141,45.52
2025-07-16,ПРО-015,Продукты,12,129,45.52
2025-07-17,ПРО-015,Продукты,9,120,45.52
2025-07-18,ПРО-015,Продукты,11,109,45.52
2025-07-19,ПРО-015,Продукты,11,98,45.52
2025-07-20,ПРО-015,Продукты,6,92,45.52
2025-07-21,ПРО-015,Продукты,12,149,45.52
2025-07-22,ПРО-015,Продукты,12,137,45.52
2025-07-23,ПРО-015,Продукты,2,135,45.52
2025-07-24,ПРО-015,Продукты,11,124,45.52
2025-07-25,ПРО-015,Продукты,14,110,45.52
2025-07-26,ПРО-015,Продукты,8,102,45.52
2025-07-27,ПРО-015,Продукты,2,100,45.52
2025-07-28,ПРО-015,Продукты,7,154,45.52
2025-07-29,ПРО-015,Продукты,8,146,45.52
2025-07-30,ПРО-015,Продукты,3,143,45.52
2025-07-31,ПРО-015,Продукты,10,133,45.52
2025-08-01,ПРО-015,Продукты,4,129,45.52
2025-08-02,ПРО-015,Продукты,10,119,45.52
2025-08-03,ПРО-015,Продукты,13,106,45.52
2025-08-04,ПРО-015,Продукты,21,140,45.52
2025-08-05,ПРО-015,Продукты,14,126,45.52
2025-08-06,ПРО-015,Продукты,4,122,45.52
2025-08-07,ПРО-015,Продукты,19,103,45.52
2025-08-08,ПРО-015,Продукты,10,93,45.52
2025-08-09,ПРО-015,Продукты,4,89,45.52
2025-08-10,ПРО-015,Продукты,13,76,45.52
2025-08-11,ПРО-015,Продукты,2,159,45.52
2025-08-12,ПРО-015,Продукты,24,135,45.52
2025-08-13,ПРО-015,Продукты,7,128,45.52
2025-08-14,ПРО-015,Продукты,13,115,45.52
2025-08-15,ПРО-015,Продукты,4,111,45.52
2025-08-16,ПРО-015,Продукты,7,104,45.52
2025-08-17,ПРО-015,Продукты,11,93,45.52
2025-08-18,ПРО-015,Продукты,9,152,45.52
2025-08-19,ПРО-015,Продукты,8,144,45.52
2025-08-20,ПРО-015,Продукты,11,133,45.52
2025-08-21,ПРО-015,Продукты,13,120,45.52
2025-08-22,ПРО-015,Продукты,6,114,45.52
2025-08-23,ПРО-015,Продукты,2,112,45.52
2025-08-24,ПРО-015,Продукты,10,102,45.52
2025-08-25,ПРО-015,Продукты,13,148,45.52
2025-08-26,ПРО-015,Продукты,8,140,45.52
2025-08-27,ПРО-015,Продукты,15,125,45.52
2025-08-28,ПРО-015,Продукты,3,122,45.52
2025-08-29,ПРО-015,Продукты,6,116,45.52
2025-08-30,ПРО-015,Продукты,9,107,45.52
2025-08-31,ПРО-015,Продукты,8,99,45.52
2025-09-01,ПРО-015,Продукты,10,151,45.52
2025-09-02,ПРО-015,Продукты,6,145,45.52
2025-09-03,ПРО-015,Продукты,2,143,45.52
2025-09-04,ПРО-015,Продукты,9,134,45.52
2025-09-05,ПРО-015,Продукты,10,124,45.52
2025-09-06,ПРО-015,Продукты,14,110,45.52
2025-09-07,ПРО-015,Продукты,2,108,45.52
2025-09-08,ПРО-015,Продукты,5,156,45.52
2025-09-09,ПРО-015,Продукты,6,150,45.52
2025-09-10,ПРО-015,Продукты,14,136,45.52
2025-09-11,ПРО-015,Продукты,1,135,45.52
2025-09-12,ПРО-015,Продукты,13,122,45.52
2025-09-13,ПРО-015,Продукты,9,113,45.52
2025-09-14,ПРО-015,Продукты,9,104,45.52
2025-09-15,ПРО-015,Продукты,7,154,45.52
2025-09-16,ПРО-015,Продукты,20,134,45.52
2025-09-17,ПРО-015,Продукты,11,123,45.52
2025-09-18,ПРО-015,Продукты,14,109,45.52
2025-09-19,ПРО-015,Продукты,7,102,45.52
2025-09-20,ПРО-015,Продукты,16,86,45.52
2025-09-21,ПРО-015,Продукты,7,79,45.52
2025-09-22,ПРО-015,Продукты,37,124,45.52
2025-09-23,ПРО-015,Продукты,12,112,45.52
2025-09-24,ПРО-015,Продукты,7,105,45.52
2025-09-25,ПРО-015,Продукты,5,100,45.52
2025-09-26,ПРО-015,Продукты,5,95,45.52
2025-09-27,ПРО-015,Продукты,8,87,45.52
2025-09-28,ПРО-015,Продукты,5,82,45.52
2025-09-29,ПРО-015,Продукты,1,160,45.52
2025-09-30,ПРО-015,Продукты,0,160,45.52
2025-10-01,ПРО-015,Продукты,8,152,45.52
2025-10-02,ПРО-015,Продукты,10,142,45.52
2025-10-03,ПРО-015,Продукты,5,137,45.52
2025-10-04,ПРО-015,Продукты,20,117,45.52
2025-10-05,ПРО-015,Продукты,17,100,45.52
2025-10-06,ПРО-015,Продукты,7,154,45.52
2025-10-07,ПРО-015,Продукты,3,151,45.52
2025-10-08,ПРО-015,Продукты,9,142,45.52
2025-10-09,ПРО-015,Продукты,9,133,45.52
2025-10-10,ПРО-015,Продукты,7,126,45.52
2025-10-11,ПРО-015,Продукты,5,121,45.52
2025-10-12,ПРО-015,Продукты,15,106,45.52
2025-10-13,ПРО-015,Продукты,7,154,45.52
2025-10-14,ПРО-015,Продукты,13,141,45.52
2025-10-15,ПРО-015,Продукты,4,137,45.52
2025-10-16,ПРО-015,Продукты,3,134,45.52
2025-10-17,ПРО-015,Продукты,9,125,45.52
2025-10-18,ПРО-015,Продукты,8,117,45.52
2025-10-19,ПРО-015,Продукты,10,107,45.52
2025-10-20,ПРО-015,Продукты,6,155,45.52
2025-10-21,ПРО-015,Продукты,3,152,45.52
2025-10-22,ПРО-015,Продукты,4,148,45.52
2025-10-23,ПРО-015,Продукты,5,143,45.52
2025-10-24,ПРО-015,Продукты,5,138,45.52
2025-10-25,ПРО-015,Продукты,4,134,45.52
2025-10-26,ПРО-015,Продукты,8,126,45.52
2025-10-27,ПРО-015,Продукты,6,155,45.52
2025-10-28,ПРО-015,Продукты,4,151,45.52
2025-10-29,ПРО-015,Продукты,14,137,45.52
2025-10-30,ПРО-015,Продукты,6,131,45.52
2025-10-31,ПРО-015,Продукты,5,126,45.52
2025-11-01,ПРО-015,Продукты,19,107,45.52
2025-11-02,ПРО-015,Продукты,14,93,45.52
2025-11-03,ПРО-015,Продукты,7,154,45.52
2025-11-04,ПРО-015,Продукты,9,145,45.52
2025-11-05,ПРО-015,Продукты,10,135,45.52
2025-11-06,ПРО-015,Продукты,8,127,45.52
2025-11-07,ПРО-015,Продукты,6,121,45.52
2025-11-08,ПРО-015,Продукты,18,103,45.52
2025-11-09,ПРО-015,Продукты,18,85,45.52
2025-11-10,ПРО-015,Продукты,3,158,45.52
2025-11-11,ПРО-015,Продукты,9,149,45.52
2025-11-12,ПРО-015,Продукты,3,146,45.52
2025-11-13,ПРО-015,Продукты,3,143,45.52
2025-11-14,ПРО-015,Продукты,8,135,45.52
2025-11-15,ПРО-015,Продукты,29,106,45.52
2025-11-16,ПРО-015,Продукты,8,98,45.52
2025-11-17,ПРО-015,Продукты,7,154,45.52
2025-11-18,ПРО-015,Продукты,5,149,45.52
2025-11-19,ПРО-015,Продукты,9,140,45.52
2025-11-20,ПРО-015,Продукты,8,132,45.52
2025-11-21,ПРО-015,Продукты,7,125,45.52
2025-11-22,ПРО-015,Продукты,12,113,45.52
2025-11-23,ПРО-015,Продукты,4,109,45.52
2025-11-24,ПРО-015,Продукты,5,156,45.52
2025-11-25,ПРО-015,Продукты,4,152,45.52
2025-11-26,ПРО-015,Продукты,5,147,45.52
2025-11-27,ПРО-015,Продукты,4,143,45.52
2025-11-28,ПРО-015,Продукты,12,131,45.52
2025-11-29,ПРО-015,Продукты,6,125,45.52
2025-11-30,ПРО-015,Продукты,5,120,45.52
2025-12-01,ПРО-015,Продукты,7,154,45.52
2025-12-02,ПРО-015,Продукты,9,145,45.52
2025-12-03,ПРО-015,Продукты,7,138,45.52
2025-12-04,ПРО-015,Продукты,5,133,45.52
2025-12-05,ПРО-015,Продукты,1,132,45.52
2025-12-06,ПРО-015,Продукты,14,118,45.52
2025-12-07,ПРО-015,Продукты,7,111,45.52
2025-12-08,ПРО-015,Продукты,3,158,45.52
2025-12-09,ПРО-015,Продукты,14,144,45.52
2025-12-10,ПРО-015,Продукты,4,140,45.52
2025-12-11,ПРО-015,Продукты,3,137,45.52
2025-12-12,ПРО-015,Продукты,6,131,45.52
2025-12-13,ПРО-015,Продукты,14,117,45.52
2025-12-14,ПРО-015,Продукты,10,107,45.52
2025-12-15,ПРО-015,Продукты,2,159,45.52
2025-12-16,ПРО-015,Продукты,21,138,45.52
2025-12-17,ПРО-015,Продукты,24,114,45.52
2025-12-18,ПРО-015,Продукты,7,107,45.52
2025-12-19,ПРО-015,Продукты,12,95,45.52
2025-12-20,ПРО-015,Продукты,9,86,45.52
2025-12-21,ПРО-015,Продукты,6,80,45.52
2025-12-22,ПРО-015,Продукты,5,156,45.52
2025-12-23,ПРО-015,Продукты,7,149,45.52
2025-12-24,ПРО-015,Продукты,4,145,45.52
2025-12-25,ПРО-015,Продукты,6,139,45.52
2025-12-26,ПРО-015,Продукты,6,133,45.52
2025-12-27,ПРО-015,Продукты,25,108,45.52
2025-12-28,ПРО-015,Продукты,12,96,45.52
2025-12-29,ПРО-015,Продукты,5,156,45.52
2025-12-30,ПРО-015,Продукты,10,146,45.52
2025-12-31,ПРО-015,Продукты,5,141,45.52
2026-01-01,ПРО-015,Продукты,8,133,45.52
2026-01-02,ПРО-015,Продукты,10,123,45.52
2026-01-03,ПРО-015,Продукты,14,109,45.52
2026-01-04,ПРО-015,Продукты,8,101,45.52
2026-01-05,ПРО-015,Продукты,8,153,45.52
2026-01-06,ПРО-015,Продукты,16,137,45.52
2026-01-07,ПРО-015,Продукты,4,133,45.52
2026-01-08,ПРО-015,Продукты,9,124,45.52
2026-01-09,ПРО-015,Продукты,11,113,45.52
2026-01-10,ПРО-015,Продукты,7,106,45.52
2026-01-11,ПРО-015,Продукты,14,92,45.52
2026-01-12,ПРО-015,Продукты,7,154,45.52
2026-01-13,ПРО-015,Продукты,16,138,45.52
2026-01-14,ПРО-015,Продукты,7,131,45.52
2026-01-15,ПРО-015,Продукты,8,123,45.52
2026-01-16,ПРО-015,Продукты,3,120,45.52
2026-01-17,ПРО-015,Продукты,13,107,45.52
2026-01-18,ПРО-015,Продукты,22,85,45.52
2026-01-19,ПРО-015,Продукты,9,152,45.52
2026-01-20,ПРО-015,Продукты,15,137,45.52
2026-01-21,ПРО-015,Продукты,9,128,45.52
2026-01-22,ПРО-015,Продукты,7,121,45.52
2026-01-23,ПРО-015,Продукты,8,113,45.52
2026-01-24,ПРО-015,Продукты,14,99,45.52
2026-01-25,ПРО-015,Продукты,10,89,45.52
2026-01-26,ПРО-015,Продукты,5,156,45.52
2026-01-27,ПРО-015,Продукты,4,152,45.52
2026-01-28,ПРО-015,Продукты,3,149,45.52
2026-01-29,ПРО-015,Продукты,8,141,45.52
2026-01-30,ПРО-015,Продукты,18,123,45.52
2026-01-31,ПРО-015,Продукты,14,109,45.52
2026-02-01,ПРО-015,Продукты,18,91,45.52
2026-02-02,ПРО-015,Продукты,11,150,45.52
2026-02-03,ПРО-015,Продукты,3,147,45.52
2026-02-04,ПРО-015,Продукты,17,130,45.52
2026-02-05,ПРО-015,Продукты,21,109,45.52
2026-02-06,ПРО-015,Продукты,26,83,45.52
2026-02-07,ПРО-015,Продукты,8,75,45.52
2026-02-08,ПРО-015,Продукты,8,67,45.52
2026-02-09,ПРО-015,Продукты,7,154,45.52
2026-02-10,ПРО-015,Продукты,8,146,45.52
2026-02-11,ПРО-015,Продукты,3,143,45.52
2026-02-12,ПРО-015,Продукты,2,141,45.52
2026-02-13,ПРО-015,Продукты,11,130,45.52
2026-02-14,ПРО-015,Продукты,8,122,45.52
2026-02-15,ПРО-015,Продукты,23,99,45.52
2026-02-16,ПРО-015,Продукты,6,155,45.52
2026-02-17,ПРО-015,Продукты,13,142,45.52
2026-02-18,ПРО-015,Продукты,12,130,45.52
2026-02-19,ПРО-015,Продукты,2,128,45.52
2026-02-20,ПРО-015,Продукты,15,113,45.52
2026-02-21,ПРО-015,Продукты,9,104,45.52
2026-02-22,ПРО-015,Продукты,14,90,45.52
2026-02-23,ПРО-015,Продукты,3,158,45.52
2026-02-24,ПРО-015,Продукты,12,146,45.52
2026-02-25,ПРО-015,Продукты,2,144,45.52
2026-02-26,ПРО-015,Продукты,8,136,45.52
2026-02-27,ПРО-015,Продукты,12,124,45.52
2026-02-28,ПРО-015,Продукты,10,114,45.52
2026-03-01,ПРО-015,Продукты,8,106,45.52
2026-03-02,ПРО-015,Продукты,6,155,45.52
2026-03-03,ПРО-015,Продукты,12,143,45.52
2026-03-04,ПРО-015,Продукты,13,130,45.52
2026-03-05,ПРО-015,Продукты,11,119,45.52
2026-03-06,ПРО-015,Продукты,10,109,45.52
2026-03-07,ПРО-015,Продукты,24,85,45.52
2026-03-08,ПРО-015,Продукты,5,80,45.52
2026-03-09,ПРО-015,Продукты,14,147,45.52
2026-03-10,ПРО-015,Продукты,14,133,45.52
2026-03-11,ПРО-015,Продукты,9,124,45.52
2026-03-12,ПРО-015,Продукты,10,114,45.52
2026-03-13,ПРО-015,Продукты,5,109,45.52
2026-03-14,ПРО-015,Продукты,14,95,45.52
2026-03-15,ПРО-015,Продукты,5,90,45.52
2026-03-16,ПРО-015,Продукты,2,159,45.52
2026-03-17,ПРО-015,Продукты,5,154,45.52
2026-03-18,ПРО-015,Продукты,7,147,45.52
2026-03-19,ПРО-015,Продукты,3,144,45.52
2026-03-20,ПРО-015,Продукты,12,132,45.52
2026-03-21,ПРО-015,Продукты,16,116,45.52
2026-03-22,ПРО-015,Продукты,7,109,45.52
2026-03-23,ПРО-015,Продукты,3,158,45.52
2026-03-24,ПРО-015,Продукты,6,152,45.52
2026-03-25,ПРО-015,Продукты,9,143,45.52
2026-03-26,ПРО-015,Продукты,4,139,45.52
2026-03-27,ПРО-015,Продукты,4,135,45.52
2026-03-28,ПРО-015,Продукты,11,124,45.52
2026-03-29,ПРО-015,Продукты,29,95,45.52
2026-03-30,ПРО-015,Продукты,11,150,45.52
2026-03-31,ПРО-015,Продукты,5,145,45.52
2026-04-01,ПРО-015,Продукты,13,132,45.52
2026-04-02,ПРО-015,Продукты,10,122,45.52
2026-04-03,ПРО-015,Продукты,2,120,45.52
2026-04-04,ПРО-015,Продукты,17,103,45.52
2026-04-05,ПРО-015,Продукты,9,94,45.52
2026-04-06,ПРО-015,Продукты,15,146,45.52
2026-04-07,ПРО-015,Продукты,20,126,45.52
2026-04-08,ПРО-015,Продукты,13,113,45.52
2026-04-09,ПРО-015,Продукты,11,102,45.52
2026-04-10,ПРО-015,Продукты,11,91,45.52
2026-04-11,ПРО-015,Продукты,18,73,45.52
2026-04-12,ПРО-015,Продукты,7,66,45.52
2026-04-13,ПРО-015,Продукты,18,143,45.52
2026-04-14,ПРО-015,Продукты,4,139,45.52
2026-04-15,ПРО-015,Продукты,3,136,45.52
2026-04-16,ПРО-015,Продукты,14,122,45.52
2026-04-17,ПРО-015,Продукты,12,110,45.52
2026-04-18,ПРО-015,Продукты,4,106,45.52
2026-04-19,ПРО-015,Продукты,15,91,45.52
2026-04-20,ПРО-015,Продукты,8,153,45.52
2026-04-21,ПРО-015,Продукты,7,146,45.52
2026-04-22,ПРО-015,Продукты,13,133,45.52
2026-04-23,ПРО-015,Продукты,19,114,45.52
2026-04-24,ПРО-015,Продукты,10,104,45.52
2026-04-25,ПРО-015,Продукты,12,92,45.52
2026-04-26,ПРО-015,Продукты,7,85,45.52
2026-04-27,ПРО-015,Продукты,5,156,45.52
2026-04-28,ПРО-015,Продукты,8,148,45.52
2026-04-29,ПРО-015,Продукты,13,135,45.52
2026-04-30,ПРО-015,Продукты,6,129,45.52
2026-05-01,ПРО-015,Продукты,15,114,45.52
2026-05-02,ПРО-015,Продукты,14,100,45.52
2026-05-03,ПРО-015,Продукты,9,91,45.52
2026-05-04,ПРО-015,Продукты,5,156,45.52
2026-05-05,ПРО-015,Продукты,11,145,45.52
2026-05-06,ПРО-015,Продукты,13,132,45.52
2026-05-07,ПРО-015,Продукты,5,127,45.52
2026-05-08,ПРО-015,Продукты,27,100,45.52
2026-05-09,ПРО-015,Продукты,8,92,45.52
2026-05-10,ПРО-015,Продукты,22,70,45.52
2026-05-11,ПРО-015,Продукты,29,132,45.52
2026-05-12,ПРО-015,Продукты,11,121,45.52
2026-05-13,ПРО-015,Продукты,6,115,45.52
2026-05-14,ПРО-015,Продукты,8,107,45.52
2026-05-15,ПРО-015,Продукты,17,90,45.52
2026-05-16,ПРО-015,Продукты,14,76,45.52
2026-05-17,ПРО-015,Продукты,4,72,45.52
2026-05-18,ПРО-015,Продукты,6,155,45.52
2026-05-19,ПРО-015,Продукты,7,148,45.52
2026-05-20,ПРО-015,Продукты,6,142,45.52
2026-05-21,ПРО-015,Продукты,15,127,45.52
2026-05-22,ПРО-015,Продукты,4,123,45.52
2026-05-23,ПРО-015,Продукты,16,107,45.52
2026-05-24,ПРО-015,Продукты,4,103,45.52
2026-05-25,ПРО-015,Продукты,17,144,45.52
2026-05-26,ПРО-015,Продукты,8,136,45.52
2026-05-27,ПРО-015,Продукты,11,125,45.52
2026-05-28,ПРО-015,Продукты,5,120,45.52
2026-05-29,ПРО-015,Продукты,16,104,45.52
2026-05-30,ПРО-015,Продукты,7,97,45.52
2026-05-31,ПРО-015,Продукты,12,85,45.52
2026-06-01,ПРО-015,Продукты,10,151,45.52
2026-06-02,ПРО-015,Продукты,5,146,45.52
2026-06-03,ПРО-015,Продукты,8,138,45.52
2026-06-04,ПРО-015,Продукты,1,137,45.52
2026-06-05,ПРО-015,Продукты,28,109,45.52
2026-06-06,ПРО-015,Продукты,16,93,45.52
2026-06-07,ПРО-015,Продукты,9,84,45.52
2026-06-08,ПРО-015,Продукты,9,152,45.52
2026-06-09,ПРО-015,Продукты,7,145,45.52
2026-06-10,ПРО-015,Продукты,12,133,45.52
2026-06-11,ПРО-015,Продукты,5,128,45.52
2026-06-12,ПРО-015,Продукты,7,121,45.52
2026-06-13,ПРО-015,Продукты,15,106,45.52
2026-06-14,ПРО-015,Продукты,5,101,45.52
2026-06-15,ПРО-015,Продукты,5,156,45.52
2026-06-16,ПРО-015,Продукты,21,135,45.52
2026-06-17,ПРО-015,Продукты,3,132,45.52
2026-06-18,ПРО-015,Продукты,13,119,45.52
2026-06-19,ПРО-015,Продукты,9,110,45.52
2026-06-20,ПРО-015,Продукты,22,88,45.52
2026-06-21,ПРО-015,Продукты,12,76,45.52
2026-06-22,ПРО-015,Продукты,25,136,45.52
2026-06-23,ПРО-015,Продукты,6,130,45.52
2026-06-24,ПРО-015,Продукты,22,108,45.52
2026-06-25,ПРО-015,Продукты,12,96,45.52
2026-06-26,ПРО-015,Продукты,2,94,45.52
2026-06-27,ПРО-015,Продукты,8,86,45.52
2026-06-28,ПРО-015,Продукты,11,75,45.52
2026-06-29,ПРО-015,Продукты,26,135,45.52
2026-06-30,ПРО-015,Продукты,10,125,45.52
2026-07-01,ПРО-015,Продукты,14,111,45.52
2026-07-02,ПРО-015,Продукты,12,99,45.52
2026-07-03,ПРО-015,Продукты,14,85,45.52
2026-07-04,ПРО-015,Продукты,15,70,45.52
2026-07-05,ПРО-015,Продукты,21,49,45.52
2026-07-06,ПРО-015,Продукты,10,151,45.52
2026-07-07,ПРО-015,Продукты,3,148,45.52
2026-07-08,ПРО-015,Продукты,7,141,45.52
2026-07-09,ПРО-015,Продукты,5,136,45.52
2026-07-10,ПРО-015,Продукты,8,128,45.52
2026-07-11,ПРО-015,Продукты,17,111,45.52
2026-07-12,ПРО-015,Продукты,22,89,45.52
2026-07-13,ПРО-015,Продукты,10,151,45.52
2026-07-14,ПРО-015,Продукты,20,131,45.52
2026-07-15,ПРО-015,Продукты,8,123,45.52
2026-07-16,ПРО-015,Продукты,0,123,45.52
2026-07-17,ПРО-015,Продукты,9,114,45.52
2026-07-18,ПРО-015,Продукты,20,94,45.52
2026-07-19,ПРО-015,Продукты,20,74,45.52
2026-07-20,ПРО-015,Продукты,13,148,45.52
2026-07-21,ПРО-015,Продукты,3,145,45.52
2026-07-22,ПРО-015,Продукты,7,138,45.52
2026-07-23,ПРО-015,Продукты,9,129,45.52
2026-07-24,ПРО-015,Продукты,8,121,45.52
2026-07-25,ПРО-015,Продукты,7,114,45.52
2026-07-26,ПРО-015,Продукты,31,83,45.52
2026-07-27,ПРО-015,Продукты,7,154,45.52
2026-07-28,ПРО-015,Продукты,11,143,45.52
2026-07-29,ПРО-015,Продукты,4,139,45.52
2026-07-30,ПРО-015,Продукты,6,133,45.52
2026-07-31,ПРО-015,Продукты,25,108,45.52
2026-08-01,ПРО-015,Продукты,16,92,45.52
2026-08-02,ПРО-015,Продукты,11,81,45.52
2026-08-03,ПРО-015,Продукты,15,146,45.52
2026-08-04,ПРО-015,Продукты,9,137,45.52
2026-08-05,ПРО-015,Продукты,10,127,45.52
2026-08-06,ПРО-015,Продукты,11,116,45.52
2026-08-07,ПРО-015,Продукты,24,92,45.52
2026-08-08,ПРО-015,Продукты,5,87,45.52
2026-08-09,ПРО-015,Продукты,4,83,45.52
2026-08-10,ПРО-015,Продукты,7,154,45.52
2026-08-11,ПРО-015,Продукты,13,141,45.52
2026-08-12,ПРО-015,Продукты,11,130,45.52
2026-08-13,ПРО-015,Продукты,1,129,45.52
2026-08-14,ПРО-015,Продукты,6,123,45.52
2026-08-15,ПРО-015,Продукты,6,117,45.52
2026-08-16,ПРО-015,Продукты,5,112,45.52
2026-08-17,ПРО-015,Продукты,17,144,45.52
2026-08-18,ПРО-015,Продукты,7,137,45.52
2026-08-19,ПРО-015,Продукты,5,132,45.52
2026-08-20,ПРО-015,Продукты,13,119,45.52
2026-08-21,ПРО-015,Продукты,5,114,45.52
2026-08-22,ПРО-015,Продукты,7,107,45.52
2026-08-23,ПРО-015,Продукты,20,87,45.52
2026-08-24,ПРО-015,Продукты,7,154,45.52
2026-08-25,ПРО-015,Продукты,15,139,45.52
2026-08-26,ПРО-015,Продукты,6,133,45.52
2026-08-27,ПРО-015,Продукты,9,124,45.52
2026-08-28,ПРО-015,Продукты,16,108,45.52
2026-08-29,ПРО-015,Продукты,10,98,45.52
2026-08-30,ПРО-015,Продукты,25,73,45.52
2026-08-31,ПРО-015,Продукты,13,148,45.52
2026-09-01,ПРО-015,Продукты,8,140,45.52
2026-09-02,ПРО-015,Продукты,6,134,45.52
2026-09-03,ПРО-015,Продукты,24,110,45.52
2026-09-04,ПРО-015,Продукты,7,103,45.52
2026-09-05,ПРО-015,Продукты,18,85,45.52
2026-09-06,ПРО-015,Продукты,15,70,45.52
2026-09-07,ПРО-015,Продукты,12,149,45.52
2026-09-08,ПРО-015,Продукты,15,134,45.52
2026-09-09,ПРО-015,Продукты,8,126,45.52
2026-09-10,ПРО-015,Продукты,6,120,45.52
2026-09-11,ПРО-015,Продукты,12,108,45.52
2026-09-12,ПРО-015,Продукты,13,95,45.52
2026-09-13,ПРО-015,Продукты,16,79,45.52
2026-09-14,ПРО-015,Продукты,5,156,45.52
2026-09-15,ПРО-015,Продукты,12,144,45.52
2026-09-16,ПРО-015,Продукты,14,130,45.52
2026-09-17,ПРО-015,Продукты,10,120,45.52
2026-09-18,ПРО-015,Продукты,12,108,45.52
2026-09-19,ПРО-015,Продукты,5,103,45.52
2026-09-20,ПРО-015,Продукты,1,102,45.52
2026-09-21,ПРО-015,Продукты,10,151,45.52
2026-09-22,ПРО-015,Продукты,4,147,45.52
2026-09-23,ПРО-015,Продукты,19,128,45.52
2026-09-24,ПРО-015,Продукты,7,121,45.52
2026-09-25,ПРО-015,Продукты,13,108,45.52
2026-09-26,ПРО-015,Продукты,11,97,45.52
2026-09-27,ПРО-015,Продукты,11,86,45.52
2026-09-28,ПРО-015,Продукты,3,158,45.52
2026-09-29,ПРО-015,Продукты,14,144,45.52
2026-09-30,ПРО-015,Продукты,11,133,45.52
2025-06-01,ПРО-016,Продукты,38,544,35.41
2025-06-02,ПРО-016,Продукты,21,732,35.41
2025-06-03,ПРО-016,Продукты,27,705,35.41
2025-06-04,ПРО-016,Продукты,47,658,35.41
2025-06-05,ПРО-016,Продукты,65,593,35.41
2025-06-06,ПРО-016,Продукты,99,494,35.41
2025-06-07,ПРО-016,Продукты,59,435,35.41
2025-06-08,ПРО-016,Продукты,129,306,35.41
2025-06-09,ПРО-016,Продукты,73,680,35.41
2025-06-10,ПРО-016,Продукты,37,643,35.41
2025-06-11,ПРО-016,Продукты,36,607,35.41
2025-06-12,ПРО-016,Продукты,30,577,35.41
2025-06-13,ПРО-016,Продукты,68,509,35.41
2025-06-14,ПРО-016,Продукты,29,480,35.41
2025-06-15,ПРО-016,Продукты,78,402,35.41
2025-06-16,ПРО-016,Продукты,22,731,35.41
2025-06-17,ПРО-016,Продукты,37,694,35.41
2025-06-18,ПРО-016,Продукты,27,667,35.41
2025-06-19,ПРО-016,Продукты,22,645,35.41
2025-06-20,ПРО-016,Продукты,98,547,35.41
2025-06-21,ПРО-016,Продукты,114,433,35.41
2025-06-22,ПРО-016,Продукты,21,412,35.41
2025-06-23,ПРО-016,Продукты,32,721,35.41
2025-06-24,ПРО-016,Продукты,78,643,35.41
2025-06-25,ПРО-016,Продукты,31,612,35.41
2025-06-26,ПРО-016,Продукты,21,591,35.41
2025-06-27,ПРО-016,Продукты,55,536,35.41
2025-06-28,ПРО-016,Продукты,37,499,35.41
2025-06-29,ПРО-016,Продукты,51,448,35.41
2025-06-30,ПРО-016,Продукты,57,696,35.41
2025-07-01,ПРО-016,Продукты,22,674,35.41
2025-07-02,ПРО-016,Продукты,23,651,35.41
2025-07-03,ПРО-016,Продукты,24,627,35.41
2025-07-04,ПРО-016,Продукты,54,573,35.41
2025-07-05,ПРО-016,Продукты,36,537,35.41
2025-07-06,ПРО-016,Продукты,54,483,35.41
2025-07-07,ПРО-016,Продукты,18,735,35.41
2025-07-08,ПРО-016,Продукты,33,702,35.41
2025-07-09,ПРО-016,Продукты,47,655,35.41
2025-07-10,ПРО-016,Продукты,18,637,35.41
2025-07-11,ПРО-016,Продукты,44,593,35.41
2025-07-12,ПРО-016,Продукты,27,566,35.41
2025-07-13,ПРО-016,Продукты,65,501,35.41
2025-07-14,ПРО-016,Продукты,35,718,35.41
2025-07-15,ПРО-016,Продукты,44,674,35.41
2025-07-16,ПРО-016,Продукты,58,616,35.41
2025-07-17,ПРО-016,Продукты,40,576,35.41
2025-07-18,ПРО-016,Продукты,67,509,35.41
2025-07-19,ПРО-016,Продукты,68,441,35.41
2025-07-20,ПРО-016,Продукты,80,361,35.41
2025-07-21,ПРО-016,Продукты,81,672,35.41
2025-07-22,ПРО-016,Продукты,31,641,35.41
2025-07-23,ПРО-016,Продукты,31,610,35.41
2025-07-24,ПРО-016,Продукты,12,598,35.41
2025-07-25,ПРО-016,Продукты,37,561,35.41
2025-07-26,ПРО-016,Продукты,47,514,35.41
2025-07-27,ПРО-016,Продукты,35,479,35.41
2025-07-28,ПРО-016,Продукты,21,732,35.41
2025-07-29,ПРО-016,Продукты,73,659,35.41
2025-07-30,ПРО-016,Продукты,11,648,35.41
2025-07-31,ПРО-016,Продукты,53,595,35.41
2025-08-01,ПРО-016,Продукты,22,573,35.41
2025-08-02,ПРО-016,Продукты,30,543,35.41
2025-08-03,ПРО-016,Продукты,45,498,35.41
2025-08-04,ПРО-016,Продукты,53,700,35.41
2025-08-05,ПРО-016,Продукты,69,631,35.41
2025-08-06,ПРО-016,Продукты,27,604,35.41
2025-08-07,ПРО-016,Продукты,19,585,35.41
2025-08-08,ПРО-016,Продукты,10,575,35.41
2025-08-09,ПРО-016,Продукты,60,515,35.41
2025-08-10,ПРО-016,Продукты,32,483,35.41
2025-08-11,ПРО-016,Продукты,26,727,35.41
2025-08-12,ПРО-016,Продукты,30,697,35.41
2025-08-13,ПРО-016,Продукты,35,662,35.41
2025-08-14,ПРО-016,Продукты,71,591,35.41
2025-08-15,ПРО-016,Продукты,46,545,35.41
2025-08-16,ПРО-016,Продукты,36,509,35.41
2025-08-17,ПРО-016,Продукты,104,405,35.41
2025-08-18,ПРО-016,Продукты,54,699,35.41
2025-08-19,ПРО-016,Продукты,35,664,35.41
2025-08-20,ПРО-016,Продукты,32,632,35.41
2025-08-21,ПРО-016,Продукты,29,603,35.41
2025-08-22,ПРО-016,Продукты,47,556,35.41
2025-08-23,ПРО-016,Продукты,27,529,35.41
2025-08-24,ПРО-016,Продукты,30,499,35.41
2025-08-25,ПРО-016,Продукты,28,725,35.41
2025-08-26,ПРО-016,Продукты,48,677,35.41
2025-08-27,ПРО-016,Продукты,50,627,35.41
2025-08-28,ПРО-016,Продукты,57,570,35.41
2025-08-29,ПРО-016,Продукты,21,549,35.41
2025-08-30,ПРО-016,Продукты,75,474,35.41
2025-08-31,ПРО-016,Продукты,35,439,35.41
2025-09-01,ПРО-016,Продукты,48,705,35.41
2025-09-02,ПРО-016,Продукты,13,692,35.41
2025-09-03,ПРО-016,Продукты,43,649,35.41
2025-09-04,ПРО-016,Продукты,32,617,35.41
2025-09-05,ПРО-016,Продукты,12,605,35.41
2025-09-06,ПРО-016,Продукты,68,537,35.41
2025-09-07,ПРО-016,Продукты,42,495,35.41
2025-09-08,ПРО-016,Продукты,42,711,35.41
2025-09-09,ПРО-016,Продукты,27,684,35.41
2025-09-10,ПРО-016,Продукты,60,624,35.41
2025-09-11,ПРО-016,Продукты,51,573,35.41
2025-09-12,ПРО-016,Продукты,45,528,35.41
2025-09-13,ПРО-016,Продукты,84,444,35.41
2025-09-14,ПРО-016,Продукты,31,413,35.41
2025-09-15,ПРО-016,Продукты,29,724,35.41
2025-09-16,ПРО-016,Продукты,62,662,35.41
2025-09-17,ПРО-016,Продукты,29,633,35.41
2025-09-18,ПРО-016,Продукты,21,612,35.41
2025-09-19,ПРО-016,Продукты,55,557,35.41
2025-09-20,ПРО-016,Продукты,44,513,35.41
2025-09-21,ПРО-016,Продукты,52,461,35.41
2025-09-22,ПРО-016,Продукты,11,742,35.41
2025-09-23,ПРО-016,Продукты,19,723,35.41
2025-09-24,ПРО-016,Продукты,43,680,35.41
2025-09-25,ПРО-016,Продукты,19,661,35.41
2025-09-26,ПРО-016,Продукты,40,621,35.41
2025-09-27,ПРО-016,Продукты,77,544,35.41
2025-09-28,ПРО-016,Продукты,105,439,35.41
2025-09-29,ПРО-016,Продукты,54,699,35.41
2025-09-30,ПРО-016,Продукты,34,665,35.41
2025-10-01,ПРО-016,Продукты,48,617,35.41
2025-10-02,ПРО-016,Продукты,47,570,35.41
2025-10-03,ПРО-016,Продукты,26,544,35.41
2025-10-04,ПРО-016,Продукты,69,475,35.41
2025-10-05,ПРО-016,Продукты,23,452,35.41
2025-10-06,ПРО-016,Продукты,50,703,35.41
2025-10-07,ПРО-016,Продукты,37,666,35.41
2025-10-08,ПРО-016,Продукты,21,645,35.41
2025-10-09,ПРО-016,Продукты,5,640,35.41
2025-10-10,ПРО-016,Продукты,75,565,35.41
2025-10-11,ПРО-016,Продукты,28,537,35.41
2025-10-12,ПРО-016,Продукты,51,486,35.41
2025-10-13,ПРО-016,Продукты,41,712,35.41
2025-10-14,ПРО-016,Продукты,23,689,35.41
2025-10-15,ПРО-016,Продукты,83,606,35.41
2025-10-16,ПРО-016,Продукты,65,541,35.41
2025-10-17,ПРО-016,Продукты,17,524,35.41
2025-10-18,ПРО-016,Продукты,14,510,35.41
2025-10-19,ПРО-016,Продукты,41,469,35.41
2025-10-20,ПРО-016,Продукты,41,712,35.41
2025-10-21,ПРО-016,Продукты,44,668,35.41
2025-10-22,ПРО-016,Продукты,23,645,35.41
2025-10-23,ПРО-016,Продукты,40,605,35.41
2025-10-24,ПРО-016,Продукты,35,570,35.41
2025-10-25,ПРО-016,Продукты,50,520,35.41
2025-10-26,ПРО-016,Продукты,42,478,35.41
2025-10-27,ПРО-016,Продукты,9,744,35.41
2025-10-28,ПРО-016,Продукты,27,717,35.41
2025-10-29,ПРО-016,Продукты,60,657,35.41
2025-10-30,ПРО-016,Продукты,54,603,35.41
2025-10-31,ПРО-016,Продукты,41,562,35.41
2025-11-01,ПРО-016,Продукты,19,543,35.41
2025-11-02,ПРО-016,Продукты,57,486,35.41
2025-11-03,ПРО-016,Продукты,41,712,35.41
2025-11-04,ПРО-016,Продукты,77,635,35.41
2025-11-05,ПРО-016,Продукты,41,594,35.41
2025-11-06,ПРО-016,Продукты,48,546,35.41
2025-11-07,ПРО-016,Продукты,50,496,35.41
2025-11-08,ПРО-016,Продукты,7,489,35.41
2025-11-09,ПРО-016,Продукты,38,451,35.41
2025-11-10,ПРО-016,Продукты,30,723,35.41
2025-11-11,ПРО-016,Продукты,14,709,35.41
2025-11-12,ПРО-016,Продукты,25,684,35.41
2025-11-13,ПРО-016,Продукты,49,635,35.41
2025-11-14,ПРО-016,Продукты,33,602,35.41
2025-11-15,ПРО-016,Продукты,62,540,35.41
2025-11-16,ПРО-016,Продукты,33,507,35.41
2025-11-17,ПРО-016,Продукты,59,694,35.41
2025-11-18,ПРО-016,Продукты,74,620,35.41
2025-11-19,ПРО-016,Продукты,24,596,35.41
2025-11-20,ПРО-016,Продукты,18,578,35.41
2025-11-21,ПРО-016,Продукты,44,534,35.41
2025-11-22,ПРО-016,Продукты,44,490,35.41
2025-11-23,ПРО-016,Продукты,47,443,35.41
2025-11-24,ПРО-016,Продукты,35,718,35.41
2025-11-25,ПРО-016,Продукты,64,654,35.41
2025-11-26,ПРО-016,Продукты,37,617,35.41
2025-11-27,ПРО-016,Продукты,8,609,35.41
2025-11-28,ПРО-016,Продукты,27,582,35.41
2025-11-29,ПРО-016,Продукты,53,529,35.41
2025-11-30,ПРО-016,Продукты,48,481,35.41
2025-12-01,ПРО-016,Продукты,13,740,35.41
2025-12-02,ПРО-016,Продукты,29,711,35.41
2025-12-03,ПРО-016,Продукты,58,653,35.41
2025-12-04,ПРО-016,Продукты,47,606,35.41
2025-12-05,ПРО-016,Продукты,88,518,35.41
2025-12-06,ПРО-016,Продукты,17,501,35.41
2025-12-07,ПРО-016,Продукты,37,464,35.41
2025-12-08,ПРО-016,Продукты,86,667,35.41
2025-12-09,ПРО-016,Продукты,27,640,35.41
2025-12-10,ПРО-016,Продукты,57,583,35.41
2025-12-11,ПРО-016,Продукты,17,566,35.41
2025-12-12,ПРО-016,Продукты,19,547,35.41
2025-12-13,ПРО-016,Продукты,45,502,35.41
2025-12-14,ПРО-016,Продукты,27,475,35.41
2025-12-15,ПРО-016,Продукты,37,716,35.41
2025-12-16,ПРО-016,Продукты,22,694,35.41
2025-12-17,ПРО-016,Продукты,20,674,35.41
2025-12-18,ПРО-016,Продукты,51,623,35.41
2025-12-19,ПРО-016,Продукты,64,559,35.41
2025-12-20,ПРО-016,Продукты,92,467,35.41
2025-12-21,ПРО-016,Продукты,19,448,35.41
2025-12-22,ПРО-016,Продукты,21,732,35.41
2025-12-23,ПРО-016,Продукты,62,670,35.41
2025-12-24,ПРО-016,Продукты,20,650,35.41
2025-12-25,ПРО-016,Продукты,36,614,35.41
2025-12-26,ПРО-016,Продукты,24,590,35.41
2025-12-27,ПРО-016,Продукты,49,541,35.41
2025-12-28,ПРО-016,Продукты,36,505,35.41
2025-12-29,ПРО-016,Продукты,32,721,35.41
2025-12-30,ПРО-016,Продукты,23,698,35.41
2025-12-31,ПРО-016,Продукты,22,676,35.41
2026-01-01,ПРО-016,Продукты,48,628,35.41
2026-01-02,ПРО-016,Продукты,48,580,35.41
2026-01-03,ПРО-016,Продукты,79,501,35.41
2026-01-04,ПРО-016,Продукты,32,469,35.41
2026-01-05,ПРО-016,Продукты,99,654,35.41
2026-01-06,ПРО-016,Продукты,50,604,35.41
2026-01-07,ПРО-016,Продукты,8,596,35.41
2026-01-08,ПРО-016,Продукты,66,530,35.41
2026-01-09,ПРО-016,Продукты,37,493,35.41
2026-01-10,ПРО-016,Продукты,39,454,35.41
2026-01-11,ПРО-016,Продукты,97,357,35.41
2026-01-12,ПРО-016,Продукты,12,741,35.41
2026-01-13,ПРО-016,Продукты,31,710,35.41
2026-01-14,ПРО-016,Продукты,26,684,35.41
2026-01-15,ПРО-016,Продукты,36,648,35.41
2026-01-16,ПРО-016,Продукты,37,611,35.41
2026-01-17,ПРО-016,Продукты,64,547,35.41
2026-01-18,ПРО-016,Продукты,48,499,35.41
2026-01-19,ПРО-016,Продукты,29,724,35.41
2026-01-20,ПРО-016,Продукты,77,647,35.41
2026-01-21,ПРО-016,Продукты,34,613,35.41
2026-01-22,ПРО-016,Продукты,30,583,35.41
2026-01-23,ПРО-016,Продукты,57,526,35.41
2026-01-24,ПРО-016,Продукты,44,482,35.41
2026-01-25,ПРО-016,Продукты,18,464,35.41
2026-01-26,ПРО-016,Продукты,23,730,35.41
2026-01-27,ПРО-016,Продукты,35,695,35.41
2026-01-28,ПРО-016,Продукты,70,625,35.41
2026-01-29,ПРО-016,Продукты,23,602,35.41
2026-01-30,ПРО-016,Продукты,23,579,35.41
2026-01-31,ПРО-016,Продукты,31,548,35.41
2026-02-01,ПРО-016,Продукты,63,485,35.41
2026-02-02,ПРО-016,Продукты,16,737,35.41
2026-02-03,ПРО-016,Продукты,63,674,35.41
2026-02-04,ПРО-016,Продукты,13,661,35.41
2026-02-05,ПРО-016,Продукты,38,623,35.41
2026-02-06,ПРО-016,Продукты,66,557,35.41
2026-02-07,ПРО-016,Продукты,33,524,35.41
2026-02-08,ПРО-016,Продукты,45,479,35.41
2026-02-09,ПРО-016,Продукты,84,669,35.41
2026-02-10,ПРО-016,Продукты,53,616,35.41
2026-02-11,ПРО-016,Продукты,51,565,35.41
2026-02-12,ПРО-016,Продукты,48,517,35.41
2026-02-13,ПРО-016,Продукты,35,482,35.41
2026-02-14,ПРО-016,Продукты,28,454,35.41
2026-02-15,ПРО-016,Продукты,45,409,35.41
2026-02-16,ПРО-016,Продукты,44,709,35.41
2026-02-17,ПРО-016,Продукты,29,680,35.41
2026-02-18,ПРО-016,Продукты,64,616,35.41
2026-02-19,ПРО-016,Продукты,21,595,35.41
2026-02-20,ПРО-016,Продукты,63,532,35.41
2026-02-21,ПРО-016,Продукты,77,455,35.41
2026-02-22,ПРО-016,Продукты,81,374,35.41
2026-02-23,ПРО-016,Продукты,26,727,35.41
2026-02-24,ПРО-016,Продукты,51,676,35.41
2026-02-25,ПРО-016,Продукты,12,664,35.41
2026-02-26,ПРО-016,Продукты,57,607,35.41
2026-02-27,ПРО-016,Продукты,45,562,35.41
2026-02-28,ПРО-016,Продукты,60,502,35.41
2026-03-01,ПРО-016,Продукты,49,453,35.41
2026-03-02,ПРО-016,Продукты,22,731,35.41
2026-03-03,ПРО-016,Продукты,64,667,35.41
2026-03-04,ПРО-016,Продукты,33,634,35.41
2026-03-05,ПРО-016,Продукты,85,549,35.41
2026-03-06,ПРО-016,Продукты,71,478,35.41
2026-03-07,ПРО-016,Продукты,61,417,35.41
2026-03-08,ПРО-016,Продукты,37,380,35.41
2026-03-09,ПРО-016,Продукты,14,739,35.41
2026-03-10,ПРО-016,Продукты,72,667,35.41
2026-03-11,ПРО-016,Продукты,30,637,35.41
2026-03-12,ПРО-016,Продукты,89,548,35.41
2026-03-13,ПРО-016,Продукты,44,504,35.41
2026-03-14,ПРО-016,Продукты,27,477,35.41
2026-03-15,ПРО-016,Продукты,47,430,35.41
2026-03-16,ПРО-016,Продукты,30,723,35.41
2026-03-17,ПРО-016,Продукты,49,674,35.41
2026-03-18,ПРО-016,Продукты,57,617,35.41
2026-03-19,ПРО-016,Продукты,25,592,35.41
2026-03-20,ПРО-016,Продукты,38,554,35.41
2026-03-21,ПРО-016,Продукты,108,446,35.41
2026-03-22,ПРО-016,Продукты,40,406,35.41
2026-03-23,ПРО-016,Продукты,37,716,35.41
2026-03-24,ПРО-016,Продукты,54,662,35.41
2026-03-25,ПРО-016,Продукты,29,633,35.41
2026-03-26,ПРО-016,Продукты,27,606,35.41
2026-03-27,ПРО-016,Продукты,19,587,35.41
2026-03-28,ПРО-016,Продукты,85,502,35.41
2026-03-29,ПРО-016,Продукты,65,437,35.41
2026-03-30,ПРО-016,Продукты,26,727,35.41
2026-03-31,ПРО-016,Продукты,50,677,35.41
2026-04-01,ПРО-016,Продукты,25,652,35.41
2026-04-02,ПРО-016,Продукты,38,614,35.41
2026-04-03,ПРО-016,Продукты,68,546,35.41
2026-04-04,ПРО-016,Продукты,89,457,35.41
2026-04-05,ПРО-016,Продукты,54,403,35.41
2026-04-06,ПРО-016,Продукты,37,716,35.41
2026-04-07,ПРО-016,Продукты,16,700,35.41
2026-04-08,ПРО-016,Продукты,58,642,35.41
2026-04-09,ПРО-016,Продукты,18,624,35.41
2026-04-10,ПРО-016,Продукты,62,562,35.41
2026-04-11,ПРО-016,Продукты,67,495,35.41
2026-04-12,ПРО-016,Продукты,129,366,35.41
2026-04-13,ПРО-016,Продукты,34,719,35.41
2026-04-14,ПРО-016,Продукты,42,677,35.41
2026-04-15,ПРО-016,Продукты,51,626,35.41
2026-04-16,ПРО-016,Продукты,36,590,35.41
2026-04-17,ПРО-016,Продукты,46,544,35.41
2026-04-18,ПРО-016,Продукты,32,512,35.41
2026-04-19,ПРО-016,Продукты,30,482,35.41
2026-04-20,ПРО-016,Продукты,78,675,35.41
2026-04-21,ПРО-016,Продукты,41,634,35.41
2026-04-22,ПРО-016,Продукты,63,571,35.41
2026-04-23,ПРО-016,Продукты,40,531,35.41
2026-04-24,ПРО-016,Продукты,82,449,35.41
2026-04-25,ПРО-016,Продукты,74,375,35.41
2026-04-26,ПРО-016,Продукты,34,341,35.41
2026-04-27,ПРО-016,Продукты,80,673,35.41
2026-04-28,ПРО-016,Продукты,32,641,35.41
2026-04-29,ПРО-016,Продукты,65,576,35.41
2026-04-30,ПРО-016,Продукты,70,506,35.41
2026-05-01,ПРО-016,Продукты,47,459,35.41
2026-05-02,ПРО-016,Продукты,94,365,35.41
2026-05-03,ПРО-016,Продукты,24,341,35.41
2026-05-04,ПРО-016,Продукты,73,680,35.41
2026-05-05,ПРО-016,Продукты,86,594,35.41
2026-05-06,ПРО-016,Продукты,50,544,35.41
2026-05-07,ПРО-016,Продукты,82,462,35.41
2026-05-08,ПРО-016,Продукты,34,428,35.41
2026-05-09,ПРО-016,Продукты,76,352,35.41
2026-05-10,ПРО-016,Продукты,41,311,35.41
2026-05-11,ПРО-016,Продукты,58,695,35.41
2026-05-12,ПРО-016,Продукты,75,620,35.41
2026-05-13,ПРО-016,Продукты,35,585,35.41
2026-05-14,ПРО-016,Продукты,31,554,35.41
2026-05-15,ПРО-016,Продукты,40,514,35.41
2026-05-16,ПРО-016,Продукты,78,436,35.41
2026-05-17,ПРО-016,Продукты,55,381,35.41
2026-05-18,ПРО-016,Продукты,27,726,35.41
2026-05-19,ПРО-016,Продукты,12,714,35.41
2026-05-20,ПРО-016,Продукты,99,615,35.41
2026-05-21,ПРО-016,Продукты,58,557,35.41
2026-05-22,ПРО-016,Продукты,39,518,35.41
2026-05-23,ПРО-016,Продукты,27,491,35.41
2026-05-24,ПРО-016,Продукты,47,444,35.41
2026-05-25,ПРО-016,Продукты,96,657,35.41
2026-05-26,ПРО-016,Продукты,54,603,35.41
2026-05-27,ПРО-016,Продукты,43,560,35.41
2026-05-28,ПРО-016,Продукты,32,528,35.41
2026-05-29,ПРО-016,Продукты,56,472,35.41
2026-05-30,ПРО-016,Продукты,27,445,35.41
2026-05-31,ПРО-016,Продукты,39,406,35.41
2026-06-01,ПРО-016,Продукты,101,652,35.41
2026-06-02,ПРО-016,Продукты,35,617,35.41
2026-06-03,ПРО-016,Продукты,26,591,35.41
2026-06-04,ПРО-016,Продукты,32,559,35.41
2026-06-05,ПРО-016,Продукты,52,507,35.41
2026-06-06,ПРО-016,Продукты,62,445,35.41
2026-06-07,ПРО-016,Продукты,53,392,35.41
2026-06-08,ПРО-016,Продукты,37,716,35.41
2026-06-09,ПРО-016,Продукты,76,640,35.41
2026-06-10,ПРО-016,Продукты,68,572,35.41
2026-06-11,ПРО-016,Продукты,32,540,35.41
2026-06-12,ПРО-016,Продукты,49,491,35.41
2026-06-13,ПРО-016,Продукты,88,403,35.41
2026-06-14,ПРО-016,Продукты,136,267,35.41
2026-06-15,ПРО-016,Продукты,74,679,35.41
2026-06-16,ПРО-016,Продукты,24,655,35.41
2026-06-17,ПРО-016,Продукты,18,637,35.41
2026-06-18,ПРО-016,Продукты,32,605,35.41
2026-06-19,ПРО-016,Продукты,65,540,35.41
2026-06-20,ПРО-016,Продукты,32,508,35.41
2026-06-21,ПРО-016,Продукты,56,452,35.41
2026-06-22,ПРО-016,Продукты,34,719,35.41
2026-06-23,ПРО-016,Продукты,43,676,35.41
2026-06-24,ПРО-016,Продукты,56,620,35.41
2026-06-25,ПРО-016,Продукты,71,549,35.41
2026-06-26,ПРО-016,Продукты,156,393,35.41
2026-06-27,ПРО-016,Продукты,49,344,35.41
2026-06-28,ПРО-016,Продукты,41,303,35.41
2026-06-29,ПРО-016,Продукты,77,676,35.41
2026-06-30,ПРО-016,Продукты,25,651,35.41
2026-07-01,ПРО-016,Продукты,34,617,35.41
2026-07-02,ПРО-016,Продукты,65,552,35.41
2026-07-03,ПРО-016,Продукты,53,499,35.41
2026-07-04,ПРО-016,Продукты,149,350,35.41
2026-07-05,ПРО-016,Продукты,50,300,35.41
2026-07-06,ПРО-016,Продукты,49,704,35.41
2026-07-07,ПРО-016,Продукты,36,668,35.41
2026-07-08,ПРО-016,Продукты,42,626,35.41
2026-07-09,ПРО-016,Продукты,35,591,35.41
2026-07-10,ПРО-016,Продукты,58,533,35.41
2026-07-11,ПРО-016,Продукты,27,506,35.41
2026-07-12,ПРО-016,Продукты,32,474,35.41
2026-07-13,ПРО-016,Продукты,66,687,35.41
2026-07-14,ПРО-016,Продукты,78,609,35.41
2026-07-15,ПРО-016,Продукты,67,542,35.41
2026-07-16,ПРО-016,Продукты,61,481,35.41
2026-07-17,ПРО-016,Продукты,29,452,35.41
2026-07-18,ПРО-016,Продукты,42,410,35.41
2026-07-19,ПРО-016,Продукты,51,359,35.41
2026-07-20,ПРО-016,Продукты,49,704,35.41
2026-07-21,ПРО-016,Продукты,93,611,35.41
2026-07-22,ПРО-016,Продукты,54,557,35.41
2026-07-23,ПРО-016,Продукты,30,527,35.41
2026-07-24,ПРО-016,Продукты,45,482,35.41
2026-07-25,ПРО-016,Продукты,43,439,35.41
2026-07-26,ПРО-016,Продукты,70,369,35.41
2026-07-27,ПРО-016,Продукты,46,707,35.41
2026-07-28,ПРО-016,Продукты,79,628,35.41
2026-07-29,ПРО-016,Продукты,74,554,35.41
2026-07-30,ПРО-016,Продукты,45,509,35.41
2026-07-31,ПРО-016,Продукты,75,434,35.41
2026-08-01,ПРО-016,Продукты,92,342,35.41
2026-08-02,ПРО-016,Продукты,23,319,35.41
2026-08-03,ПРО-016,Продукты,25,728,35.41
2026-08-04,ПРО-016,Продукты,11,717,35.41
2026-08-05,ПРО-016,Продукты,32,685,35.41
2026-08-06,ПРО-016,Продукты,96,589,35.41
2026-08-07,ПРО-016,Продукты,60,529,35.41
2026-08-08,ПРО-016,Продукты,24,505,35.41
2026-08-09,ПРО-016,Продукты,114,391,35.41
2026-08-10,ПРО-016,Продукты,65,688,35.41
2026-08-11,ПРО-016,Продукты,55,633,35.41
2026-08-12,ПРО-016,Продукты,37,596,35.41
2026-08-13,ПРО-016,Продукты,67,529,35.41
2026-08-14,ПРО-016,Продукты,46,483,35.41
2026-08-15,ПРО-016,Продукты,79,404,35.41
2026-08-16,ПРО-016,Продукты,59,345,35.41
2026-08-17,ПРО-016,Продукты,43,710,35.41
2026-08-18,ПРО-016,Продукты,38,672,35.41
2026-08-19,ПРО-016,Продукты,59,613,35.41
2026-08-20,ПРО-016,Продукты,80,533,35.41
2026-08-21,ПРО-016,Продукты,65,468,35.41
2026-08-22,ПРО-016,Продукты,49,419,35.41
2026-08-23,ПРО-016,Продукты,60,359,35.41
2026-08-24,ПРО-016,Продукты,52,701,35.41
2026-08-25,ПРО-016,Продукты,47,654,35.41
2026-08-26,ПРО-016,Продукты,53,601,35.41
2026-08-27,ПРО-016,Продукты,35,566,35.41
2026-08-28,ПРО-016,Продукты,62,504,35.41
2026-08-29,ПРО-016,Продукты,79,425,35.41
2026-08-30,ПРО-016,Продукты,42,383,35.41
2026-08-31,ПРО-016,Продукты,24,729,35.41
2026-09-01,ПРО-016,Продукты,73,656,35.41
2026-09-02,ПРО-016,Продукты,24,632,35.41
2026-09-03,ПРО-016,Продукты,55,577,35.41
2026-09-04,ПРО-016,Продукты,42,535,35.41
2026-09-05,ПРО-016,Продукты,60,475,35.41
2026-09-06,ПРО-016,Продукты,38,437,35.41
2026-09-07,ПРО-016,Продукты,35,718,35.41
2026-09-08,ПРО-016,Продукты,48,670,35.41
2026-09-09,ПРО-016,Продукты,42,628,35.41
2026-09-10,ПРО-016,Продукты,43,585,35.41
2026-09-11,ПРО-016,Продукты,9,576,35.41
2026-09-12,ПРО-016,Продукты,59,517,35.41
2026-09-13,ПРО-016,Продукты,34,483,35.41
2026-09-14,ПРО-016,Продукты,46,707,35.41
2026-09-15,ПРО-016,Продукты,54,653,35.41
2026-09-16,ПРО-016,Продукты,59,594,35.41
2026-09-17,ПРО-016,Продукты,28,566,35.41
2026-09-18,ПРО-016,Продукты,103,463,35.41
2026-09-19,ПРО-016,Продукты,51,412,35.41
2026-09-20,ПРО-016,Продукты,66,346,35.41
2026-09-21,ПРО-016,Продукты,34,719,35.41
2026-09-22,ПРО-016,Продукты,29,690,35.41
2026-09-23,ПРО-016,Продукты,51,639,35.41
2026-09-24,ПРО-016,Продукты,32,607,35.41
2026-09-25,ПРО-016,Продукты,47,560,35.41
2026-09-26,ПРО-016,Продукты,43,517,35.41
2026-09-27,ПРО-016,Продукты,26,491,35.41
2026-09-28,ПРО-016,Продукты,37,716,35.41
2026-09-29,ПРО-016,Продукты,56,660,35.41
2026-09-30,ПРО-016,Продукты,12,648,35.41
2025-06-01,ПРО-017,Продукты,2,55,31.34
2025-06-02,ПРО-017,Продукты,3,68,31.34
2025-06-03,ПРО-017,Продукты,1,67,31.34
2025-06-04,ПРО-017,Продукты,7,60,31.34
2025-06-05,ПРО-017,Продукты,6,54,31.34
2025-06-06,ПРО-017,Продукты,4,50,31.34
2025-06-07,ПРО-017,Продукты,6,44,31.34
2025-06-08,ПРО-017,Продукты,5,39,31.34
2025-06-09,ПРО-017,Продукты,6,65,31.34
2025-06-10,ПРО-017,Продукты,1,64,31.34
2025-06-11,ПРО-017,Продукты,3,61,31.34
2025-06-12,ПРО-017,Продукты,2,59,31.34
2025-06-13,ПРО-017,Продукты,0,59,31.34
2025-06-14,ПРО-017,Продукты,3,56,31.34
2025-06-15,ПРО-017,Продукты,3,53,31.34
2025-06-16,ПРО-017,Продукты,1,70,31.34
2025-06-17,ПРО-017,Продукты,4,66,31.34
2025-06-18,ПРО-017,Продукты,1,65,31.34
2025-06-19,ПРО-017,Продукты,3,62,31.34
2025-06-20,ПРО-017,Продукты,12,50,31.34
2025-06-21,ПРО-017,Продукты,10,40,31.34
2025-06-22,ПРО-017,Продукты,8,32,31.34
2025-06-23,ПРО-017,Продукты,3,68,31.34
2025-06-24,ПРО-017,Продукты,3,65,31.34
2025-06-25,ПРО-017,Продукты,0,65,31.34
2025-06-26,ПРО-017,Продукты,2,63,31.34
2025-06-27,ПРО-017,Продукты,8,55,31.34
2025-06-28,ПРО-017,Продукты,5,50,31.34
2025-06-29,ПРО-017,Продукты,2,48,31.34
2025-06-30,ПРО-017,Продукты,6,65,31.34
2025-07-01,ПРО-017,Продукты,4,61,31.34
2025-07-02,ПРО-017,Продукты,5,56,31.34
2025-07-03,ПРО-017,Продукты,2,54,31.34
2025-07-04,ПРО-017,Продукты,4,50,31.34
2025-07-05,ПРО-017,Продукты,4,46,31.34
2025-07-06,ПРО-017,Продукты,12,34,31.34
2025-07-07,ПРО-017,Продукты,3,68,31.34
2025-07-08,ПРО-017,Продукты,2,66,31.34
2025-07-09,ПРО-017,Продукты,7,59,31.34
2025-07-10,ПРО-017,Продукты,2,57,31.34
2025-07-11,ПРО-017,Продукты,2,55,31.34
2025-07-12,ПРО-017,Продукты,3,52,31.34
2025-07-13,ПРО-017,Продукты,8,44,31.34
2025-07-14,ПРО-017,Продукты,5,66,31.34
2025-07-15,ПРО-017,Продукты,3,63,31.34
2025-07-16,ПРО-017,Продукты,1,62,31.34
2025-07-17,ПРО-017,Продукты,0,62,31.34
2025-07-18,ПРО-017,Продукты,6,56,31.34
2025-07-19,ПРО-017,Продукты,4,52,31.34
2025-07-20,ПРО-017,Продукты,9,43,31.34
2025-07-21,ПРО-017,Продукты,6,65,31.34
2025-07-22,ПРО-017,Продукты,4,61,31.34
2025-07-23,ПРО-017,Продукты,3,58,31.34
2025-07-24,ПРО-017,Продукты,3,55,31.34
2025-07-25,ПРО-017,Продукты,1,54,31.34
2025-07-26,ПРО-017,Продукты,3,51,31.34
2025-07-27,ПРО-017,Продукты,4,47,31.34
2025-07-28,ПРО-017,Продукты,2,69,31.34
2025-07-29,ПРО-017,Продукты,7,62,31.34
2025-07-30,ПРО-017,Продукты,5,57,31.34
2025-07-31,ПРО-017,Продукты,6,51,31.34
2025-08-01,ПРО-017,Продукты,8,43,31.34
2025-08-02,ПРО-017,Продукты,4,39,31.34
2025-08-03,ПРО-017,Продукты,8,31,31.34
2025-08-04,ПРО-017,Продукты,7,64,31.34
2025-08-05,ПРО-017,Продукты,3,61,31.34
2025-08-06,ПРО-017,Продукты,2,59,31.34
2025-08-07,ПРО-017,Продукты,5,54,31.34
2025-08-08,ПРО-017,Продукты,6,48,31.34
2025-08-09,ПРО-017,Продукты,4,44,31.34
2025-08-10,ПРО-017,Продукты,5,39,31.34
2025-08-11,ПРО-017,Продукты,6,65,31.34
2025-08-12,ПРО-017,Продукты,4,61,31.34
2025-08-13,ПРО-017,Продукты,5,56,31.34
2025-08-14,ПРО-017,Продукты,4,52,31.34
2025-08-15,ПРО-017,Продукты,5,47,31.34
2025-08-16,ПРО-017,Продукты,7,40,31.34
2025-08-17,ПРО-017,Продукты,3,37,31.34
2025-08-18,ПРО-017,Продукты,4,67,31.34
2025-08-19,ПРО-017,Продукты,6,61,31.34
2025-08-20,ПРО-017,Продукты,2,59,31.34
2025-08-21,ПРО-017,Продукты,1,58,31.34
2025-08-22,ПРО-017,Продукты,4,54,31.34
2025-08-23,ПРО-017,Продукты,2,52,31.34
2025-08-24,ПРО-017,Продукты,12,40,31.34
2025-08-25,ПРО-017,Продукты,4,67,31.34
2025-08-26,ПРО-017,Продукты,3,64,31.34
2025-08-27,ПРО-017,Продукты,7,57,31.34
2025-08-28,ПРО-017,Продукты,1,56,31.34
2025-08-29,ПРО-017,Продукты,3,53,31.34
2025-08-30,ПРО-017,Продукты,10,43,31.34
2025-08-31,ПРО-017,Продукты,1,42,31.34
2025-09-01,ПРО-017,Продукты,2,69,31.34
2025-09-02,ПРО-017,Продукты,3,66,31.34
2025-09-03,ПРО-017,Продукты,2,64,31.34
2025-09-04,ПРО-017,Продукты,5,59,31.34
2025-09-05,ПРО-017,Продукты,5,54,31.34
2025-09-06,ПРО-017,Продукты,5,49,31.34
2025-09-07,ПРО-017,Продукты,7,42,31.34
2025-09-08,ПРО-017,Продукты,8,63,31.34
2025-09-09,ПРО-017,Продукты,2,61,31.34
2025-09-10,ПРО-017,Продукты,4,57,31.34
2025-09-11,ПРО-017,Продукты,5,52,31.34
2025-09-12,ПРО-017,Продукты,4,48,31.34
2025-09-13,ПРО-017,Продукты,4,44,31.34
2025-09-14,ПРО-017,Продукты,4,40,31.34
2025-09-15,ПРО-017,Продукты,2,69,31.34
2025-09-16,ПРО-017,Продукты,0,69,31.34
2025-09-17,ПРО-017,Продукты,6,63,31.34
2025-09-18,ПРО-017,Продукты,8,55,31.34
2025-09-19,ПРО-017,Продукты,4,51,31.34
2025-09-20,ПРО-017,Продукты,4,47,31.34
2025-09-21,ПРО-017,Продукты,6,41,31.34
2025-09-22,ПРО-017,Продукты,5,66,31.34
2025-09-23,ПРО-017,Продукты,2,64,31.34
2025-09-24,ПРО-017,Продукты,1,63,31.34
2025-09-25,ПРО-017,Продукты,0,63,31.34
2025-09-26,ПРО-017,Продукты,3,60,31.34
2025-09-27,ПРО-017,Продукты,6,54,31.34
2025-09-28,ПРО-017,Продукты,6,48,31.34
2025-09-29,ПРО-017,Продукты,1,70,31.34
2025-09-30,ПРО-017,Продукты,2,68,31.34
2025-10-01,ПРО-017,Продукты,7,61,31.34
2025-10-02,ПРО-017,Продукты,2,59,31.34
2025-10-03,ПРО-017,Продукты,6,53,31.34
2025-10-04,ПРО-017,Продукты,2,51,31.34
2025-10-05,ПРО-017,Продукты,10,41,31.34
2025-10-06,ПРО-017,Продукты,7,64,31.34
2025-10-07,ПРО-017,Продукты,3,61,31.34
2025-10-08,ПРО-017,Продукты,6,55,31.34
2025-10-09,ПРО-017,Продукты,2,53,31.34
2025-10-10,ПРО-017,Продукты,8,45,31.34
2025-10-11,ПРО-017,Продукты,2,43,31.34
2025-10-12,ПРО-017,Продукты,7,36,31.34
2025-10-13,ПРО-017,Продукты,3,68,31.34
2025-10-14,ПРО-017,Продукты,1,67,31.34
2025-10-15,ПРО-017,Продукты,1,66,31.34
2025-10-16,ПРО-017,Продукты,1,65,31.34
2025-10-17,ПРО-017,Продукты,6,59,31.34
2025-10-18,ПРО-017,Продукты,8,51,31.34
2025-10-19,ПРО-017,Продукты,0,51,31.34
2025-10-20,ПРО-017,Продукты,1,70,31.34
2025-10-21,ПРО-017,Продукты,7,63,31.34
2025-10-22,ПРО-017,Продукты,4,59,31.34
2025-10-23,ПРО-017,Продукты,6,53,31.34
2025-10-24,ПРО-017,Продукты,2,51,31.34
2025-10-25,ПРО-017,Продукты,6,45,31.34
2025-10-26,ПРО-017,Продукты,0,45,31.34
2025-10-27,ПРО-017,Продукты,9,62,31.34
2025-10-28,ПРО-017,Продукты,3,59,31.34
2025-10-29,ПРО-017,Продукты,1,58,31.34
2025-10-30,ПРО-017,Продукты,2,56,31.34
2025-10-31,ПРО-017,Продукты,0,56,31.34
2025-11-01,ПРО-017,Продукты,4,52,31.34
2025-11-02,ПРО-017,Продукты,4,48,31.34
2025-11-03,ПРО-017,Продукты,4,67,31.34
2025-11-04,ПРО-017,Продукты,2,65,31.34
2025-11-05,ПРО-017,Продукты,3,62,31.34
2025-11-06,ПРО-017,Продукты,1,61,31.34
2025-11-07,ПРО-017,Продукты,6,55,31.34
2025-11-08,ПРО-017,Продукты,2,53,31.34
2025-11-09,ПРО-017,Продукты,1,52,31.34
2025-11-10,ПРО-017,Продукты,3,68,31.34
2025-11-11,ПРО-017,Продукты,6,62,31.34
2025-11-12,ПРО-017,Продукты,4,58,31.34
2025-11-13,ПРО-017,Продукты,1,57,31.34
2025-11-14,ПРО-017,Продукты,4,53,31.34
2025-11-15,ПРО-017,Продукты,2,51,31.34
2025-11-16,ПРО-017,Продукты,2,49,31.34
2025-11-17,ПРО-017,Продукты,0,71,31.34
2025-11-18,ПРО-017,Продукты,1,70,31.34
2025-11-19,ПРО-017,Продукты,1,69,31.34
2025-11-20,ПРО-017,Продукты,3,66,31.34
2025-11-21,ПРО-017,Продукты,0,66,31.34
2025-11-22,ПРО-017,Продукты,8,58,31.34
2025-11-23,ПРО-017,Продукты,7,51,31.34
2025-11-24,ПРО-017,Продукты,1,70,31.34
2025-11-25,ПРО-017,Продукты,0,70,31.34
2025-11-26,ПРО-017,Продукты,3,67,31.34
2025-11-27,ПРО-017,Продукты,3,64,31.34
2025-11-28,ПРО-017,Продукты,7,57,31.34
2025-11-29,ПРО-017,Продукты,1,56,31.34
2025-11-30,ПРО-017,Продукты,5,51,31.34
2025-12-01,ПРО-017,Продукты,1,70,31.34
2025-12-02,ПРО-017,Продукты,6,64,31.34
2025-12-03,ПРО-017,Продукты,8,56,31.34
2025-12-04,ПРО-017,Продукты,5,51,31.34
2025-12-05,ПРО-017,Продукты,3,48,31.34
2025-12-06,ПРО-017,Продукты,3,45,31.34
2025-12-07,ПРО-017,Продукты,3,42,31.34
2025-12-08,ПРО-017,Продукты,5,66,31.34
2025-12-09,ПРО-017,Продукты,1,65,31.34
2025-12-10,ПРО-017,Продукты,2,63,31.34
2025-12-11,ПРО-017,Продукты,7,56,31.34
2025-12-12,ПРО-017,Продукты,2,54,31.34
2025-12-13,ПРО-017,Продукты,4,50,31.34
2025-12-14,ПРО-017,Продукты,6,44,31.34
2025-12-15,ПРО-017,Продукты,7,64,31.34
2025-12-16,ПРО-017,Продукты,1,63,31.34
2025-12-17,ПРО-017,Продукты,6,57,31.34
2025-12-18,ПРО-017,Продукты,0,57,31.34
2025-12-19,ПРО-017,Продукты,6,51,31.34
2025-12-20,ПРО-017,Продукты,5,46,31.34
2025-12-21,ПРО-017,Продукты,2,44,31.34
2025-12-22,ПРО-017,Продукты,15,56,31.34
2025-12-23,ПРО-017,Продукты,2,54,31.34
2025-12-24,ПРО-017,Продукты,5,49,31.34
2025-12-25,ПРО-017,Продукты,4,45,31.34
2025-12-26,ПРО-017,Продукты,6,39,31.34
2025-12-27,ПРО-017,Продукты,1,38,31.34
2025-12-28,ПРО-017,Продукты,2,36,31.34
2025-12-29,ПРО-017,Продукты,9,62,31.34
2025-12-30,ПРО-017,Продукты,5,57,31.34
2025-12-31,ПРО-017,Продукты,1,56,31.34
2026-01-01,ПРО-017,Продукты,3,53,31.34
2026-01-02,ПРО-017,Продукты,4,49,31.34
2026-01-03,ПРО-017,Продукты,5,44,31.34
2026-01-04,ПРО-017,Продукты,4,40,31.34
2026-01-05,ПРО-017,Продукты,8,63,31.34
2026-01-06,ПРО-017,Продукты,4,59,31.34
2026-01-07,ПРО-017,Продукты,3,56,31.34
2026-01-08,ПРО-017,Продукты,3,53,31.34
2026-01-09,ПРО-017,Продукты,6,47,31.34
2026-01-10,ПРО-017,Продукты,0,47,31.34
2026-01-11,ПРО-017,Продукты,7,40,31.34
2026-01-12,ПРО-017,Продукты,3,68,31.34
2026-01-13,ПРО-017,Продукты,8,60,31.34
2026-01-14,ПРО-017,Продукты,0,60,31.34
2026-01-15,ПРО-017,Продукты,1,59,31.34
2026-01-16,ПРО-017,Продукты,6,53,31.34
2026-01-17,ПРО-017,Продукты,8,45,31.34
2026-01-18,ПРО-017,Продукты,3,42,31.34
2026-01-19,ПРО-017,Продукты,1,70,31.34
2026-01-20,ПРО-017,Продукты,3,67,31.34
2026-01-21,ПРО-017,Продукты,7,60,31.34
2026-01-22,ПРО-017,Продукты,2,58,31.34
2026-01-23,ПРО-017,Продукты,1,57,31.34
2026-01-24,ПРО-017,Продукты,3,54,31.34
2026-01-25,ПРО-017,Продукты,3,51,31.34
2026-01-26,ПРО-017,Продукты,1,70,31.34
2026-01-27,ПРО-017,Продукты,5,65,31.34
2026-01-28,ПРО-017,Продукты,7,58,31.34
2026-01-29,ПРО-017,Продукты,2,56,31.34
2026-01-30,ПРО-017,Продукты,7,49,31.34
2026-01-31,ПРО-017,Продукты,1,48,31.34
2026-02-01,ПРО-017,Продукты,3,45,31.34
2026-02-02,ПРО-017,Продукты,3,68,31.34
2026-02-03,ПРО-017,Продукты,2,66,31.34
2026-02-04,ПРО-017,Продукты,6,60,31.34
2026-02-05,ПРО-017,Продукты,0,60,31.34
2026-02-06,ПРО-017,Продукты,4,56,31.34
2026-02-07,ПРО-017,Продукты,3,53,31.34
2026-02-08,ПРО-017,Продукты,4,49,31.34
2026-02-09,ПРО-017,Продукты,1,70,31.34
2026-02-10,ПРО-017,Продукты,5,65,31.34
2026-02-11,ПРО-017,Продукты,5,60,31.34
2026-02-12,ПРО-017,Продукты,2,58,31.34
2026-02-13,ПРО-017,Продукты,4,54,31.34
2026-02-14,ПРО-017,Продукты,4,50,31.34
2026-02-15,ПРО-017,Продукты,8,42,31.34
2026-02-16,ПРО-017,Продукты,5,66,31.34
2026-02-17,ПРО-017,Продукты,3,63,31.34
2026-02-18,ПРО-017,Продукты,3,60,31.34
2026-02-19,ПРО-017,Продукты,3,57,31.34
2026-02-20,ПРО-017,Продукты,10,47,31.34
2026-02-21,ПРО-017,Продукты,2,45,31.34
2026-02-22,ПРО-017,Продукты,2,43,31.34
2026-02-23,ПРО-017,Продукты,2,69,31.34
2026-02-24,ПРО-017,Продукты,5,64,31.34
2026-02-25,ПРО-017,Продукты,10,54,31.34
2026-02-26,ПРО-017,Продукты,6,48,31.34
2026-02-27,ПРО-017,Продукты,3,45,31.34
2026-02-28,ПРО-017,Продукты,4,41,31.34
2026-03-01,ПРО-017,Продукты,5,36,31.34
2026-03-02,ПРО-017,Продукты,2,69,31.34
2026-03-03,ПРО-017,Продукты,2,67,31.34
2026-03-04,ПРО-017,Продукты,4,63,31.34
2026-03-05,ПРО-017,Продукты,1,62,31.34
2026-03-06,ПРО-017,Продукты,4,58,31.34
2026-03-07,ПРО-017,Продукты,10,48,31.34
2026-03-08,ПРО-017,Продукты,2,46,31.34
2026-03-09,ПРО-017,Продукты,2,69,31.34
2026-03-10,ПРО-017,Продукты,6,63,31.34
2026-03-11,ПРО-017,Продукты,4,59,31.34
2026-03-12,ПРО-017,Продукты,1,58,31.34
2026-03-13,ПРО-017,Продукты,2,56,31.34
2026-03-14,ПРО-017,Продукты,4,52,31.34
2026-03-15,ПРО-017,Продукты,3,49,31.34
2026-03-16,ПРО-017,Продукты,11,60,31.34
2026-03-17,ПРО-017,Продукты,4,56,31.34
2026-03-18,ПРО-017,Продукты,3,53,31.34
2026-03-19,ПРО-017,Продукты,3,50,31.34
2026-03-20,ПРО-017,Продукты,1,49,31.34
2026-03-21,ПРО-017,Продукты,0,49,31.34
2026-03-22,ПРО-017,Продукты,7,42,31.34
2026-03-23,ПРО-017,Продукты,4,67,31.34
2026-03-24,ПРО-017,Продукты,5,62,31.34
2026-03-25,ПРО-017,Продукты,2,60,31.34
2026-03-26,ПРО-017,Продукты,6,54,31.34
2026-03-27,ПРО-017,Продукты,3,51,31.34
2026-03-28,ПРО-017,Продукты,7,44,31.34
2026-03-29,ПРО-017,Продукты,6,38,31.34
2026-03-30,ПРО-017,Продукты,5,66,31.34
2026-03-31,ПРО-017,Продукты,5,61,31.34
2026-04-01,ПРО-017,Продукты,1,60,31.34
2026-04-02,ПРО-017,Продукты,5,55,31.34
2026-04-03,ПРО-017,Продукты,9,46,31.34
2026-04-04,ПРО-017,Продукты,4,42,31.34
2026-04-05,ПРО-017,Продукты,1,41,31.34
2026-04-06,ПРО-017,Продукты,8,63,31.34
2026-04-07,ПРО-017,Продукты,4,59,31.34
2026-04-08,ПРО-017,Продукты,0,59,31.34
2026-04-09,ПРО-017,Продукты,3,56,31.34
2026-04-10,ПРО-017,Продукты,1,55,31.34
2026-04-11,ПРО-017,Продукты,1,54,31.34
2026-04-12,ПРО-017,Продукты,6,48,31.34
2026-04-13,ПРО-017,Продукты,8,63,31.34
2026-04-14,ПРО-017,Продукты,3,60,31.34
2026-04-15,ПРО-017,Продукты,4,56,31.34
2026-04-16,ПРО-017,Продукты,4,52,31.34
2026-04-17,ПРО-017,Продукты,2,50,31.34
2026-04-18,ПРО-017,Продукты,1,49,31.34
2026-04-19,ПРО-017,Продукты,2,47,31.34
2026-04-20,ПРО-017,Продукты,12,59,31.34
2026-04-21,ПРО-017,Продукты,10,49,31.34
2026-04-22,ПРО-017,Продукты,1,48,31.34
2026-04-23,ПРО-017,Продукты,4,44,31.34
2026-04-24,ПРО-017,Продукты,5,39,31.34
2026-04-25,ПРО-017,Продукты,13,26,31.34
2026-04-26,ПРО-017,Продукты,8,18,31.34
2026-04-27,ПРО-017,Продукты,2,69,31.34
2026-04-28,ПРО-017,Продукты,4,65,31.34
2026-04-29,ПРО-017,Продукты,6,59,31.34
2026-04-30,ПРО-017,Продукты,8,51,31.34
2026-05-01,ПРО-017,Продукты,11,40,31.34
2026-05-02,ПРО-017,Продукты,4,36,31.34
2026-05-03,ПРО-017,Продукты,3,33,31.34
2026-05-04,ПРО-017,Продукты,5,66,31.34
2026-05-05,ПРО-017,Продукты,4,62,31.34
2026-05-06,ПРО-017,Продукты,5,57,31.34
2026-05-07,ПРО-017,Продукты,5,52,31.34
2026-05-08,ПРО-017,Продукты,2,50,31.34
2026-05-09,ПРО-017,Продукты,2,48,31.34
2026-05-10,ПРО-017,Продукты,2,46,31.34
2026-05-11,ПРО-017,Продукты,3,68,31.34
2026-05-12,ПРО-017,Продукты,4,64,31.34
2026-05-13,ПРО-017,Продукты,3,61,31.34
2026-05-14,ПРО-017,Продукты,1,60,31.34
2026-05-15,ПРО-017,Продукты,2,58,31.34
2026-05-16,ПРО-017,Продукты,13,45,31.34
2026-05-17,ПРО-017,Продукты,1,44,31.34
2026-05-18,ПРО-017,Продукты,7,64,31.34
2026-05-19,ПРО-017,Продукты,3,61,31.34
2026-05-20,ПРО-017,Продукты,7,54,31.34
2026-05-21,ПРО-017,Продукты,7,47,31.34
2026-05-22,ПРО-017,Продукты,6,41,31.34
2026-05-23,ПРО-017,Продукты,6,35,31.34
2026-05-24,ПРО-017,Продукты,3,32,31.34
2026-05-25,ПРО-017,Продукты,1,70,31.34
2026-05-26,ПРО-017,Продукты,0,70,31.34
2026-05-27,ПРО-017,Продукты,3,67,31.34
2026-05-28,ПРО-017,Продукты,5,62,31.34
2026-05-29,ПРО-017,Продукты,6,56,31.34
2026-05-30,ПРО-017,Продукты,2,54,31.34
2026-05-31,ПРО-017,Продукты,6,48,31.34
2026-06-01,ПРО-017,Продукты,13,58,31.34
2026-06-02,ПРО-017,Продукты,3,55,31.34
2026-06-03,ПРО-017,Продукты,7,48,31.34
2026-06-04,ПРО-017,Продукты,5,43,31.34
2026-06-05,ПРО-017,Продукты,1,42,31.34
2026-06-06,ПРО-017,Продукты,5,37,31.34
2026-06-07,ПРО-017,Продукты,4,33,31.34
2026-06-08,ПРО-017,Продукты,6,65,31.34
2026-06-09,ПРО-017,Продукты,6,59,31.34
2026-06-10,ПРО-017,Продукты,2,57,31.34
2026-06-11,ПРО-017,Продукты,3,54,31.34
2026-06-12,ПРО-017,Продукты,8,46,31.34
2026-06-13,ПРО-017,Продукты,7,39,31.34
2026-06-14,ПРО-017,Продукты,5,34,31.34
2026-06-15,ПРО-017,Продукты,3,68,31.34
2026-06-16,ПРО-017,Продукты,7,61,31.34
2026-06-17,ПРО-017,Продукты,2,59,31.34
2026-06-18,ПРО-017,Продукты,5,54,31.34
2026-06-19,ПРО-017,Продукты,5,49,31.34
2026-06-20,ПРО-017,Продукты,2,47,31.34
2026-06-21,ПРО-017,Продукты,13,34,31.34
2026-06-22,ПРО-017,Продукты,5,66,31.34
2026-06-23,ПРО-017,Продукты,7,59,31.34
2026-06-24,ПРО-017,Продукты,4,55,31.34
2026-06-25,ПРО-017,Продукты,8,47,31.34
2026-06-26,ПРО-017,Продукты,1,46,31.34
2026-06-27,ПРО-017,Продукты,5,41,31.34
2026-06-28,ПРО-017,Продукты,5,36,31.34
2026-06-29,ПРО-017,Продукты,7,64,31.34
2026-06-30,ПРО-017,Продукты,1,63,31.34
2026-07-01,ПРО-017,Продукты,1,62,31.34
2026-07-02,ПРО-017,Продукты,2,60,31.34
2026-07-03,ПРО-017,Продукты,7,53,31.34
2026-07-04,ПРО-017,Продукты,8,45,31.34
2026-07-05,ПРО-017,Продукты,1,44,31.34
2026-07-06,ПРО-017,Продукты,5,66,31.34
2026-07-07,ПРО-017,Продукты,3,63,31.34
2026-07-08,ПРО-017,Продукты,0,63,31.34
2026-07-09,ПРО-017,Продукты,8,55,31.34
2026-07-10,ПРО-017,Продукты,5,50,31.34
2026-07-11,ПРО-017,Продукты,1,49,31.34
2026-07-12,ПРО-017,Продукты,1,48,31.34
2026-07-13,ПРО-017,Продукты,5,66,31.34
2026-07-14,ПРО-017,Продукты,4,62,31.34
2026-07-15,ПРО-017,Продукты,1,61,31.34
2026-07-16,ПРО-017,Продукты,1,60,31.34
2026-07-17,ПРО-017,Продукты,2,58,31.34
2026-07-18,ПРО-017,Продукты,4,54,31.34
2026-07-19,ПРО-017,Продукты,5,49,31.34
2026-07-20,ПРО-017,Продукты,1,70,31.34
2026-07-21,ПРО-017,Продукты,6,64,31.34
2026-07-22,ПРО-017,Продукты,2,62,31.34
2026-07-23,ПРО-017,Продукты,1,61,31.34
2026-07-24,ПРО-017,Продукты,2,59,31.34
2026-07-25,ПРО-017,Продукты,13,46,31.34
2026-07-26,ПРО-017,Продукты,4,42,31.34
2026-07-27,ПРО-017,Продукты,4,67,31.34
2026-07-28,ПРО-017,Продукты,4,63,31.34
2026-07-29,ПРО-017,Продукты,1,62,31.34
2026-07-30,ПРО-017,Продукты,5,57,31.34
2026-07-31,ПРО-017,Продукты,7,50,31.34
2026-08-01,ПРО-017,Продукты,7,43,31.34
2026-08-02,ПРО-017,Продукты,4,39,31.34
2026-08-03,ПРО-017,Продукты,1,70,31.34
2026-08-04,ПРО-017,Продукты,5,65,31.34
2026-08-05,ПРО-017,Продукты,3,62,31.34
2026-08-06,ПРО-017,Продукты,10,52,31.34
2026-08-07,ПРО-017,Продукты,6,46,31.34
2026-08-08,ПРО-017,Продукты,0,46,31.34
2026-08-09,ПРО-017,Продукты,11,35,31.34
2026-08-10,ПРО-017,Продукты,6,65,31.34
2026-08-11,ПРО-017,Продукты,1,64,31.34
2026-08-12,ПРО-017,Продукты,3,61,31.34
2026-08-13,ПРО-017,Продукты,4,57,31.34
2026-08-14,ПРО-017,Продукты,4,53,31.34
2026-08-15,ПРО-017,Продукты,13,40,31.34
2026-08-16,ПРО-017,Продукты,5,35,31.34
2026-08-17,ПРО-017,Продукты,8,63,31.34
2026-08-18,ПРО-017,Продукты,2,61,31.34
2026-08-19,ПРО-017,Продукты,3,58,31.34
2026-08-20,ПРО-017,Продукты,11,47,31.34
2026-08-21,ПРО-017,Продукты,5,42,31.34
2026-08-22,ПРО-017,Продукты,6,36,31.34
2026-08-23,ПРО-017,Продукты,7,29,31.34
2026-08-24,ПРО-017,Продукты,6,65,31.34
2026-08-25,ПРО-017,Продукты,2,63,31.34
2026-08-26,ПРО-017,Продукты,4,59,31.34
2026-08-27,ПРО-017,Продукты,7,52,31.34
2026-08-28,ПРО-017,Продукты,4,48,31.34
2026-08-29,ПРО-017,Продукты,4,44,31.34
2026-08-30,ПРО-017,Продукты,11,33,31.34
2026-08-31,ПРО-017,Продукты,4,67,31.34
2026-09-01,ПРО-017,Продукты,9,58,31.34
2026-09-02,ПРО-017,Продукты,7,51,31.34
2026-09-03,ПРО-017,Продукты,1,50,31.34
2026-09-04,ПРО-017,Продукты,2,48,31.34
2026-09-05,ПРО-017,Продукты,11,37,31.34
2026-09-06,ПРО-017,Продукты,10,27,31.34
2026-09-07,ПРО-017,Продукты,3,68,31.34
2026-09-08,ПРО-017,Продукты,7,61,31.34
2026-09-09,ПРО-017,Продукты,6,55,31.34
2026-09-10,ПРО-017,Продукты,9,46,31.34
2026-09-11,ПРО-017,Продукты,5,41,31.34
2026-09-12,ПРО-017,Продукты,12,29,31.34
2026-09-13,ПРО-017,Продукты,4,25,31.34
2026-09-14,ПРО-017,Продукты,5,66,31.34
2026-09-15,ПРО-017,Продукты,4,62,31.34
2026-09-16,ПРО-017,Продукты,5,57,31.34
2026-09-17,ПРО-017,Продукты,11,46,31.34
2026-09-18,ПРО-017,Продукты,3,43,31.34
2026-09-19,ПРО-017,Продукты,2,41,31.34
2026-09-20,ПРО-017,Продукты,18,23,31.34
2026-09-21,ПРО-017,Продукты,8,63,31.34
2026-09-22,ПРО-017,Продукты,3,60,31.34
2026-09-23,ПРО-017,Продукты,0,60,31.34
2026-09-24,ПРО-017,Продукты,10,50,31.34
2026-09-25,ПРО-017,Продукты,1,49,31.34
2026-09-26,ПРО-017,Продукты,2,47,31.34
2026-09-27,ПРО-017,Продукты,4,43,31.34
2026-09-28,ПРО-017,Продукты,3,68,31.34
2026-09-29,ПРО-017,Продукты,4,64,31.34
2026-09-30,ПРО-017,Продукты,6,58,31.34
2025-06-01,ПРО-018,Продукты,7,144,56.12
2025-06-02,ПРО-018,Продукты,19,174,56.12
2025-06-03,ПРО-018,Продукты,10,164,56.12
2025-06-04,ПРО-018,Продукты,9,155,56.12
2025-06-05,ПРО-018,Продукты,9,146,56.12
2025-06-06,ПРО-018,Продукты,10,136,56.12
2025-06-07,ПРО-018,Продукты,9,127,56.12
2025-06-08,ПРО-018,Продукты,15,112,56.12
2025-06-09,ПРО-018,Продукты,5,188,56.12
2025-06-10,ПРО-018,Продукты,24,164,56.12
2025-06-11,ПРО-018,Продукты,14,150,56.12
2025-06-12,ПРО-018,Продукты,3,147,56.12
2025-06-13,ПРО-018,Продукты,6,141,56.12
2025-06-14,ПРО-018,Продукты,4,137,56.12
2025-06-15,ПРО-018,Продукты,4,133,56.12
2025-06-16,ПРО-018,Продукты,16,177,56.12
2025-06-17,ПРО-018,Продукты,9,168,56.12
2025-06-18,ПРО-018,Продукты,5,163,56.12
2025-06-19,ПРО-018,Продукты,7,156,56.12
2025-06-20,ПРО-018,Продукты,5,151,56.12
2025-06-21,ПРО-018,Продукты,17,134,56.12
2025-06-22,ПРО-018,Продукты,10,124,56.12
2025-06-23,ПРО-018,Продукты,4,189,56.12
2025-06-24,ПРО-018,Продукты,11,178,56.12
2025-06-25,ПРО-018,Продукты,17,161,56.12
2025-06-26,ПРО-018,Продукты,9,152,56.12
2025-06-27,ПРО-018,Продукты,18,134,56.12
2025-06-28,ПРО-018,Продукты,5,129,56.12
2025-06-29,ПРО-018,Продукты,7,122,56.12
2025-06-30,ПРО-018,Продукты,3,190,56.12
2025-07-01,ПРО-018,Продукты,10,180,56.12
2025-07-02,ПРО-018,Продукты,5,175,56.12
2025-07-03,ПРО-018,Продукты,8,167,56.12
2025-07-04,ПРО-018,Продукты,19,148,56.12
2025-07-05,ПРО-018,Продукты,11,137,56.12
2025-07-06,ПРО-018,Продукты,9,128,56.12
2025-07-07,ПРО-018,Продукты,4,189,56.12
2025-07-08,ПРО-018,Продукты,9,180,56.12
2025-07-09,ПРО-018,Продукты,20,160,56.12
2025-07-10,ПРО-018,Продукты,5,155,56.12
2025-07-11,ПРО-018,Продукты,5,150,56.12
2025-07-12,ПРО-018,Продукты,2,148,56.12
2025-07-13,ПРО-018,Продукты,14,134,56.12
2025-07-14,ПРО-018,Продукты,13,180,56.12
2025-07-15,ПРО-018,Продукты,22,158,56.12
2025-07-16,ПРО-018,Продукты,12,146,56.12
2025-07-17,ПРО-018,Продукты,2,144,56.12
2025-07-18,ПРО-018,Продукты,5,139,56.12
2025-07-19,ПРО-018,Продукты,1,138,56.12
2025-07-20,ПРО-018,Продукты,32,106,56.12
2025-07-21,ПРО-018,Продукты,13,180,56.12
2025-07-22,ПРО-018,Продукты,12,168,56.12
2025-07-23,ПРО-018,Продукты,10,158,56.12
2025-07-24,ПРО-018,Продукты,10,148,56.12
2025-07-25,ПРО-018,Продукты,15,133,56.12
2025-07-26,ПРО-018,Продукты,26,107,56.12
2025-07-27,ПРО-018,Продукты,8,99,56.12
2025-07-28,ПРО-018,Продукты,7,186,56.12
2025-07-29,ПРО-018,Продукты,13,173,56.12
2025-07-30,ПРО-018,Продукты,9,164,56.12
2025-07-31,ПРО-018,Продукты,10,154,56.12
2025-08-01,ПРО-018,Продукты,3,151,56.12
2025-08-02,ПРО-018,Продукты,16,135,56.12
2025-08-03,ПРО-018,Продукты,7,128,56.12
2025-08-04,ПРО-018,Продукты,3,190,56.12
2025-08-05,ПРО-018,Продукты,9,181,56.12
2025-08-06,ПРО-018,Продукты,13,168,56.12
2025-08-07,ПРО-018,Продукты,6,162,56.12
2025-08-08,ПРО-018,Продукты,5,157,56.12
2025-08-09,ПРО-018,Продукты,21,136,56.12
2025-08-10,ПРО-018,Продукты,14,122,56.12
2025-08-11,ПРО-018,Продукты,8,185,56.12
2025-08-12,ПРО-018,Продукты,6,179,56.12
2025-08-13,ПРО-018,Продукты,11,168,56.12
2025-08-14,ПРО-018,Продукты,8,160,56.12
2025-08-15,ПРО-018,Продукты,9,151,56.12
2025-08-16,ПРО-018,Продукты,20,131,56.12
2025-08-17,ПРО-018,Продукты,13,118,56.12
2025-08-18,ПРО-018,Продукты,8,185,56.12
2025-08-19,ПРО-018,Продукты,6,179,56.12
2025-08-20,ПРО-018,Продукты,21,158,56.12
2025-08-21,ПРО-018,Продукты,8,150,56.12
2025-08-22,ПРО-018,Продукты,7,143,56.12
2025-08-23,ПРО-018,Продукты,11,132,56.12
2025-08-24,ПРО-018,Продукты,12,120,56.12
2025-08-25,ПРО-018,Продукты,14,179,56.12
2025-08-26,ПРО-018,Продукты,1,178,56.12
2025-08-27,ПРО-018,Продукты,16,162,56.12
2025-08-28,ПРО-018,Продукты,11,151,56.12
2025-08-29,ПРО-018,Продукты,15,136,56.12
2025-08-30,ПРО-018,Продукты,21,115,56.12
2025-08-31,ПРО-018,Продукты,6,109,56.12
2025-09-01,ПРО-018,Продукты,2,191,56.12
2025-09-02,ПРО-018,Продукты,5,186,56.12
2025-09-03,ПРО-018,Продукты,13,173,56.12
2025-09-04,ПРО-018,Продукты,8,165,56.12
2025-09-05,ПРО-018,Продукты,14,151,56.12
2025-09-06,ПРО-018,Продукты,4,147,56.12
2025-09-07,ПРО-018,Продукты,4,143,56.12
2025-09-08,ПРО-018,Продукты,9,184,56.12
2025-09-09,ПРО-018,Продукты,5,179,56.12
2025-09-10,ПРО-018,Продукты,9,170,56.12
2025-09-11,ПРО-018,Продукты,15,155,56.12
2025-09-12,ПРО-018,Продукты,19,136,56.12
2025-09-13,ПРО-018,Продукты,11,125,56.12
2025-09-14,ПРО-018,Продукты,10,115,56.12
2025-09-15,ПРО-018,Продукты,4,189,56.12
2025-09-16,ПРО-018,Продукты,5,184,56.12
2025-09-17,ПРО-018,Продукты,2,182,56.12
2025-09-18,ПРО-018,Продукты,11,171,56.12
2025-09-19,ПРО-018,Продукты,12,159,56.12
2025-09-20,ПРО-018,Продукты,36,123,56.12
2025-09-21,ПРО-018,Продукты,4,119,56.12
2025-09-22,ПРО-018,Продукты,7,186,56.12
2025-09-23,ПРО-018,Продукты,8,178,56.12
2025-09-24,ПРО-018,Продукты,7,171,56.12
2025-09-25,ПРО-018,Продукты,2,169,56.12
2025-09-26,ПРО-018,Продукты,9,160,56.12
2025-09-27,ПРО-018,Продукты,3,157,56.12
2025-09-28,ПРО-018,Продукты,18,139,56.12
2025-09-29,ПРО-018,Продукты,5,188,56.12
2025-09-30,ПРО-018,Продукты,13,175,56.12
2025-10-01,ПРО-018,Продукты,32,143,56.12
2025-10-02,ПРО-018,Продукты,10,133,56.12
2025-10-03,ПРО-018,Продукты,4,129,56.12
2025-10-04,ПРО-018,Продукты,25,104,56.12
2025-10-05,ПРО-018,Продукты,8,96,56.12
2025-10-06,ПРО-018,Продукты,3,190,56.12
2025-10-07,ПРО-018,Продукты,4,186,56.12
2025-10-08,ПРО-018,Продукты,16,170,56.12
2025-10-09,ПРО-018,Продукты,5,165,56.12
2025-10-10,ПРО-018,Продукты,8,157,56.12
2025-10-11,ПРО-018,Продукты,5,152,56.12
2025-10-12,ПРО-018,Продукты,19,133,56.12
2025-10-13,ПРО-018,Продукты,17,176,56.12
2025-10-14,ПРО-018,Продукты,8,168,56.12
2025-10-15,ПРО-018,Продукты,13,155,56.12
2025-10-16,ПРО-018,Продукты,11,144,56.12
2025-10-17,ПРО-018,Продукты,25,119,56.12
2025-10-18,ПРО-018,Продукты,25,94,56.12
2025-10-19,ПРО-018,Продукты,25,69,56.12
2025-10-20,ПРО-018,Продукты,21,172,56.12
2025-10-21,ПРО-018,Продукты,22,150,56.12
2025-10-22,ПРО-018,Продукты,7,143,56.12
2025-10-23,ПРО-018,Продукты,9,134,56.12
2025-10-24,ПРО-018,Продукты,12,122,56.12
2025-10-25,ПРО-018,Продукты,6,116,56.12
2025-10-26,ПРО-018,Продукты,20,96,56.12
2025-10-27,ПРО-018,Продукты,12,181,56.12
2025-10-28,ПРО-018,Продукты,23,158,56.12
2025-10-29,ПРО-018,Продукты,12,146,56.12
2025-10-30,ПРО-018,Продукты,5,141,56.12
2025-10-31,ПРО-018,Продукты,28,113,56.12
2025-11-01,ПРО-018,Продукты,23,90,56.12
2025-11-02,ПРО-018,Продукты,6,84,56.12
2025-11-03,ПРО-018,Продукты,19,174,56.12
2025-11-04,ПРО-018,Продукты,12,162,56.12
2025-11-05,ПРО-018,Продукты,6,156,56.12
2025-11-06,ПРО-018,Продукты,7,149,56.12
2025-11-07,ПРО-018,Продукты,12,137,56.12
2025-11-08,ПРО-018,Продукты,16,121,56.12
2025-11-09,ПРО-018,Продукты,9,112,56.12
2025-11-10,ПРО-018,Продукты,6,187,56.12
2025-11-11,ПРО-018,Продукты,7,180,56.12
2025-11-12,ПРО-018,Продукты,3,177,56.12
2025-11-13,ПРО-018,Продукты,1,176,56.12
2025-11-14,ПРО-018,Продукты,8,168,56.12
2025-11-15,ПРО-018,Продукты,16,152,56.12
2025-11-16,ПРО-018,Продукты,17,135,56.12
2025-11-17,ПРО-018,Продукты,8,185,56.12
2025-11-18,ПРО-018,Продукты,2,183,56.12
2025-11-19,ПРО-018,Продукты,15,168,56.12
2025-11-20,ПРО-018,Продукты,9,159,56.12
2025-11-21,ПРО-018,Продукты,20,139,56.12
2025-11-22,ПРО-018,Продукты,11,128,56.12
2025-11-23,ПРО-018,Продукты,22,106,56.12
2025-11-24,ПРО-018,Продукты,15,178,56.12
2025-11-25,ПРО-018,Продукты,5,173,56.12
2025-11-26,ПРО-018,Продукты,12,161,56.12
2025-11-27,ПРО-018,Продукты,9,152,56.12
2025-11-28,ПРО-018,Продукты,11,141,56.12
2025-11-29,ПРО-018,Продукты,17,124,56.12
2025-11-30,ПРО-018,Продукты,9,115,56.12
2025-12-01,ПРО-018,Продукты,15,178,56.12
2025-12-02,ПРО-018,Продукты,10,168,56.12
2025-12-03,ПРО-018,Продукты,10,158,56.12
2025-12-04,ПРО-018,Продукты,3,155,56.12
2025-12-05,ПРО-018,Продукты,3,152,56.12
2025-12-06,ПРО-018,Продукты,30,122,56.12
2025-12-07,ПРО-018,Продукты,11,111,56.12
2025-12-08,ПРО-018,Продукты,13,180,56.12
2025-12-09,ПРО-018,Продукты,17,163,56.12
2025-12-10,ПРО-018,Продукты,4,159,56.12
2025-12-11,ПРО-018,Продукты,12,147,56.12
2025-12-12,ПРО-018,Продукты,6,141,56.12
2025-12-13,ПРО-018,Продукты,17,124,56.12
2025-12-14,ПРО-018,Продукты,6,118,56.12
2025-12-15,ПРО-018,Продукты,3,190,56.12
2025-12-16,ПРО-018,Продукты,11,179,56.12
2025-12-17,ПРО-018,Продукты,11,168,56.12
2025-12-18,ПРО-018,Продукты,11,157,56.12
2025-12-19,ПРО-018,Продукты,5,152,56.12
2025-12-20,ПРО-018,Продукты,13,139,56.12
2025-12-21,ПРО-018,Продукты,9,130,56.12
2025-12-22,ПРО-018,Продукты,13,180,56.12
2025-12-23,ПРО-018,Продукты,6,174,56.12
2025-12-24,ПРО-018,Продукты,4,170,56.12
2025-12-25,ПРО-018,Продукты,4,166,56.12
2025-12-26,ПРО-018,Продукты,7,159,56.12
2025-12-27,ПРО-018,Продукты,26,133,56.12
2025-12-28,ПРО-018,Продукты,20,113,56.12
2025-12-29,ПРО-018,Продукты,3,190,56.12
2025-12-30,ПРО-018,Продукты,13,177,56.12
2025-12-31,ПРО-018,Продукты,9,168,56.12
2026-01-01,ПРО-018,Продукты,8,160,56.12
2026-01-02,ПРО-018,Продукты,9,151,56.12
2026-01-03,ПРО-018,Продукты,27,124,56.12
2026-01-04,ПРО-018,Продукты,6,118,56.12
2026-01-05,ПРО-018,Продукты,3,190,56.12
2026-01-06,ПРО-018,Продукты,9,181,56.12
2026-01-07,ПРО-018,Продукты,8,173,56.12
2026-01-08,ПРО-018,Продукты,12,161,56.12
2026-01-09,ПРО-018,Продукты,12,149,56.12
2026-01-10,ПРО-018,Продукты,16,133,56.12
2026-01-11,ПРО-018,Продукты,16,117,56.12
2026-01-12,ПРО-018,Продукты,3,190,56.12
2026-01-13,ПРО-018,Продукты,11,179,56.12
2026-01-14,ПРО-018,Продукты,9,170,56.12
2026-01-15,ПРО-018,Продукты,6,164,56.12
2026-01-16,ПРО-018,Продукты,11,153,56.12
2026-01-17,ПРО-018,Продукты,7,146,56.12
2026-01-18,ПРО-018,Продукты,18,128,56.12
2026-01-19,ПРО-018,Продукты,11,182,56.12
2026-01-20,ПРО-018,Продукты,2,180,56.12
2026-01-21,ПРО-018,Продукты,6,174,56.12
2026-01-22,ПРО-018,Продукты,10,164,56.12
2026-01-23,ПРО-018,Продукты,9,155,56.12
2026-01-24,ПРО-018,Продукты,6,149,56.12
2026-01-25,ПРО-018,Продукты,7,142,56.12
2026-01-26,ПРО-018,Продукты,8,185,56.12
2026-01-27,ПРО-018,Продукты,9,176,56.12
2026-01-28,ПРО-018,Продукты,9,167,56.12
2026-01-29,ПРО-018,Продукты,6,161,56.12
2026-01-30,ПРО-018,Продукты,7,154,56.12
2026-01-31,ПРО-018,Продукты,9,145,56.12
2026-02-01,ПРО-018,Продукты,22,123,56.12
2026-02-02,ПРО-018,Продукты,7,186,56.12
2026-02-03,ПРО-018,Продукты,13,173,56.12
2026-02-04,ПРО-018,Продукты,16,157,56.12
2026-02-05,ПРО-018,Продукты,12,145,56.12
2026-02-06,ПРО-018,Продукты,7,138,56.12
2026-02-07,ПРО-018,Продукты,9,129,56.12
2026-02-08,ПРО-018,Продукты,18,111,56.12
2026-02-09,ПРО-018,Продукты,10,183,56.12
2026-02-10,ПРО-018,Продукты,3,180,56.12
2026-02-11,ПРО-018,Продукты,14,166,56.12
2026-02-12,ПРО-018,Продукты,7,159,56.12
2026-02-13,ПРО-018,Продукты,20,139,56.12
2026-02-14,ПРО-018,Продукты,4,135,56.12
2026-02-15,ПРО-018,Продукты,14,121,56.12
2026-02-16,ПРО-018,Продукты,12,181,56.12
2026-02-17,ПРО-018,Продукты,4,177,56.12
2026-02-18,ПРО-018,Продукты,6,171,56.12
2026-02-19,ПРО-018,Продукты,8,163,56.12
2026-02-20,ПРО-018,Продукты,10,153,56.12
2026-02-21,ПРО-018,Продукты,27,126,56.12
2026-02-22,ПРО-018,Продукты,11,115,56.12
2026-02-23,ПРО-018,Продукты,13,180,56.12
2026-02-24,ПРО-018,Продукты,8,172,56.12
2026-02-25,ПРО-018,Продукты,2,170,56.12
2026-02-26,ПРО-018,Продукты,5,165,56.12
2026-02-27,ПРО-018,Продукты,30,135,56.12
2026-02-28,ПРО-018,Продукты,29,106,56.12
2026-03-01,ПРО-018,Продукты,6,100,56.12
2026-03-02,ПРО-018,Продукты,12,181,56.12
2026-03-03,ПРО-018,Продукты,30,151,56.12
2026-03-04,ПРО-018,Продукты,7,144,56.12
2026-03-05,ПРО-018,Продукты,14,130,56.12
2026-03-06,ПРО-018,Продукты,11,119,56.12
2026-03-07,ПРО-018,Продукты,8,111,56.12
2026-03-08,ПРО-018,Продукты,10,101,56.12
2026-03-09,ПРО-018,Продукты,11,182,56.12
2026-03-10,ПРО-018,Продукты,6,176,56.12
2026-03-11,ПРО-018,Продукты,12,164,56.12
2026-03-12,ПРО-018,Продукты,14,150,56.12
2026-03-13,ПРО-018,Продукты,5,145,56.12
2026-03-14,ПРО-018,Продукты,4,141,56.12
2026-03-15,ПРО-018,Продукты,20,121,56.12
2026-03-16,ПРО-018,Продукты,13,180,56.12
2026-03-17,ПРО-018,Продукты,8,172,56.12
2026-03-18,ПРО-018,Продукты,12,160,56.12
2026-03-19,ПРО-018,Продукты,5,155,56.12
2026-03-20,ПРО-018,Продукты,29,126,56.12
2026-03-21,ПРО-018,Продукты,11,115,56.12
2026-03-22,ПРО-018,Продукты,9,106,56.12
2026-03-23,ПРО-018,Продукты,17,176,56.12
2026-03-24,ПРО-018,Продукты,8,168,56.12
2026-03-25,ПРО-018,Продукты,12,156,56.12
2026-03-26,ПРО-018,Продукты,16,140,56.12
2026-03-27,ПРО-018,Продукты,18,122,56.12
2026-03-28,ПРО-018,Продукты,30,92,56.12
2026-03-29,ПРО-018,Продукты,17,75,56.12
2026-03-30,ПРО-018,Продукты,2,191,56.12
2026-03-31,ПРО-018,Продукты,7,184,56.12
2026-04-01,ПРО-018,Продукты,10,174,56.12
2026-04-02,ПРО-018,Продукты,8,166,56.12
2026-04-03,ПРО-018,Продукты,6,160,56.12
2026-04-04,ПРО-018,Продукты,12,148,56.12
2026-04-05,ПРО-018,Продукты,5,143,56.12
2026-04-06,ПРО-018,Продукты,10,183,56.12
2026-04-07,ПРО-018,Продукты,18,165,56.12
2026-04-08,ПРО-018,Продукты,8,157,56.12
2026-04-09,ПРО-018,Продукты,9,148,56.12
2026-04-10,ПРО-018,Продукты,17,131,56.12
2026-04-11,ПРО-018,Продукты,5,126,56.12
2026-04-12,ПРО-018,Продукты,13,113,56.12
2026-04-13,ПРО-018,Продукты,2,191,56.12
2026-04-14,ПРО-018,Продукты,7,184,56.12
2026-04-15,ПРО-018,Продукты,11,173,56.12
2026-04-16,ПРО-018,Продукты,3,170,56.12
2026-04-17,ПРО-018,Продукты,14,156,56.12
2026-04-18,ПРО-018,Продукты,19,137,56.12
2026-04-19,ПРО-018,Продукты,20,117,56.12
2026-04-20,ПРО-018,Продукты,7,186,56.12
2026-04-21,ПРО-018,Продукты,6,180,56.12
2026-04-22,ПРО-018,Продукты,7,173,56.12
2026-04-23,ПРО-018,Продукты,17,156,56.12
2026-04-24,ПРО-018,Продукты,12,144,56.12
2026-04-25,ПРО-018,Продукты,11,133,56.12
2026-04-26,ПРО-018,Продукты,13,120,56.12
2026-04-27,ПРО-018,Продукты,14,179,56.12
2026-04-28,ПРО-018,Продукты,9,170,56.12
2026-04-29,ПРО-018,Продукты,8,162,56.12
2026-04-30,ПРО-018,Продукты,8,154,56.12
2026-05-01,ПРО-018,Продукты,7,147,56.12
2026-05-02,ПРО-018,Продукты,32,115,56.12
2026-05-03,ПРО-018,Продукты,2,113,56.12
2026-05-04,ПРО-018,Продукты,11,182,56.12
2026-05-05,ПРО-018,Продукты,5,177,56.12
2026-05-06,ПРО-018,Продукты,11,166,56.12
2026-05-07,ПРО-018,Продукты,9,157,56.12
2026-05-08,ПРО-018,Продукты,7,150,56.12
2026-05-09,ПРО-018,Продукты,6,144,56.12
2026-05-10,ПРО-018,Продукты,15,129,56.12
2026-05-11,ПРО-018,Продукты,10,183,56.12
2026-05-12,ПРО-018,Продукты,15,168,56.12
2026-05-13,ПРО-018,Продукты,9,159,56.12
2026-05-14,ПРО-018,Продукты,12,147,56.12
2026-05-15,ПРО-018,Продукты,17,130,56.12
2026-05-16,ПРО-018,Продукты,17,113,56.12
2026-05-17,ПРО-018,Продукты,7,106,56.12
2026-05-18,ПРО-018,Продукты,8,185,56.12
2026-05-19,ПРО-018,Продукты,14,171,56.12
2026-05-20,ПРО-018,Продукты,11,160,56.12
2026-05-21,ПРО-018,Продукты,33,127,56.12
2026-05-22,ПРО-018,Продукты,20,107,56.12
2026-05-23,ПРО-018,Продукты,14,93,56.12
2026-05-24,ПРО-018,Продукты,10,83,56.12
2026-05-25,ПРО-018,Продукты,16,177,56.12
2026-05-26,ПРО-018,Продукты,15,162,56.12
2026-05-27,ПРО-018,Продукты,22,140,56.12
2026-05-28,ПРО-018,Продукты,20,120,56.12
2026-05-29,ПРО-018,Продукты,12,108,56.12
2026-05-30,ПРО-018,Продукты,15,93,56.12
2026-05-31,ПРО-018,Продукты,19,74,56.12
2026-06-01,ПРО-018,Продукты,3,190,56.12
2026-06-02,ПРО-018,Продукты,21,169,56.12
2026-06-03,ПРО-018,Продукты,6,163,56.12
2026-06-04,ПРО-018,Продукты,13,150,56.12
2026-06-05,ПРО-018,Продукты,10,140,56.12
2026-06-06,ПРО-018,Продукты,22,118,56.12
2026-06-07,ПРО-018,Продукты,17,101,56.12
2026-06-08,ПРО-018,Продукты,10,183,56.12
2026-06-09,ПРО-018,Продукты,14,169,56.12
2026-06-10,ПРО-018,Продукты,3,166,56.12
2026-06-11,ПРО-018,Продукты,11,155,56.12
2026-06-12,ПРО-018,Продукты,9,146,56.12
2026-06-13,ПРО-018,Продукты,26,120,56.12
2026-06-14,ПРО-018,Продукты,10,110,56.12
2026-06-15,ПРО-018,Продукты,12,181,56.12
2026-06-16,ПРО-018,Продукты,12,169,56.12
2026-06-17,ПРО-018,Продукты,10,159,56.12
2026-06-18,ПРО-018,Продукты,11,148,56.12
2026-06-19,ПРО-018,Продукты,16,132,56.12
2026-06-20,ПРО-018,Продукты,12,120,56.12
2026-06-21,ПРО-018,Продукты,18,102,56.12
2026-06-22,ПРО-018,Продукты,8,185,56.12
2026-06-23,ПРО-018,Продукты,22,163,56.12
2026-06-24,ПРО-018,Продукты,10,153,56.12
2026-06-25,ПРО-018,Продукты,5,148,56.12
2026-06-26,ПРО-018,Продукты,21,127,56.12
2026-06-27,ПРО-018,Продукты,28,99,56.12
2026-06-28,ПРО-018,Продукты,7,92,56.12
2026-06-29,ПРО-018,Продукты,21,172,56.12
2026-06-30,ПРО-018,Продукты,25,147,56.12
2026-07-01,ПРО-018,Продукты,18,129,56.12
2026-07-02,ПРО-018,Продукты,10,119,56.12
2026-07-03,ПРО-018,Продукты,11,108,56.12
2026-07-04,ПРО-018,Продукты,10,98,56.12
2026-07-05,ПРО-018,Продукты,15,83,56.12
2026-07-06,ПРО-018,Продукты,14,179,56.12
2026-07-07,ПРО-018,Продукты,8,171,56.12
2026-07-08,ПРО-018,Продукты,13,158,56.12
2026-07-09,ПРО-018,Продукты,23,135,56.12
2026-07-10,ПРО-018,Продукты,16,119,56.12
2026-07-11,ПРО-018,Продукты,12,107,56.12
2026-07-12,ПРО-018,Продукты,3,104,56.12
2026-07-13,ПРО-018,Продукты,27,166,56.12
2026-07-14,ПРО-018,Продукты,17,149,56.12
2026-07-15,ПРО-018,Продукты,18,131,56.12
2026-07-16,ПРО-018,Продукты,31,100,56.12
2026-07-17,ПРО-018,Продукты,11,89,56.12
2026-07-18,ПРО-018,Продукты,14,75,56.12
2026-07-19,ПРО-018,Продукты,42,33,56.12
2026-07-20,ПРО-018,Продукты,11,182,56.12
2026-07-21,ПРО-018,Продукты,20,162,56.12
2026-07-22,ПРО-018,Продукты,21,141,56.12
2026-07-23,ПРО-018,Продукты,21,120,56.12
2026-07-24,ПРО-018,Продукты,5,115,56.12
2026-07-25,ПРО-018,Продукты,18,97,56.12
2026-07-26,ПРО-018,Продукты,1,96,56.12
2026-07-27,ПРО-018,Продукты,8,185,56.12
2026-07-28,ПРО-018,Продукты,6,179,56.12
2026-07-29,ПРО-018,Продукты,10,169,56.12
2026-07-30,ПРО-018,Продукты,15,154,56.12
2026-07-31,ПРО-018,Продукты,26,128,56.12
2026-08-01,ПРО-018,Продукты,13,115,56.12
2026-08-02,ПРО-018,Продукты,18,97,56.12
2026-08-03,ПРО-018,Продукты,14,179,56.12
2026-08-04,ПРО-018,Продукты,11,168,56.12
2026-08-05,ПРО-018,Продукты,23,145,56.12
2026-08-06,ПРО-018,Продукты,15,130,56.12
2026-08-07,ПРО-018,Продукты,8,122,56.12
2026-08-08,ПРО-018,Продукты,19,103,56.12
2026-08-09,ПРО-018,Продукты,24,79,56.12
2026-08-10,ПРО-018,Продукты,6,187,56.12
2026-08-11,ПРО-018,Продукты,13,174,56.12
2026-08-12,ПРО-018,Продукты,16,158,56.12
2026-08-13,ПРО-018,Продукты,11,147,56.12
2026-08-14,ПРО-018,Продукты,14,133,56.12
2026-08-15,ПРО-018,Продукты,15,118,56.12
2026-08-16,ПРО-018,Продукты,13,105,56.12
2026-08-17,ПРО-018,Продукты,1,192,56.12
2026-08-18,ПРО-018,Продукты,11,181,56.12
2026-08-19,ПРО-018,Продукты,5,176,56.12
2026-08-20,ПРО-018,Продукты,11,165,56.12
2026-08-21,ПРО-018,Продукты,2,163,56.12
2026-08-22,ПРО-018,Продукты,5,158,56.12
2026-08-23,ПРО-018,Продукты,25,133,56.12
2026-08-24,ПРО-018,Продукты,18,175,56.12
2026-08-25,ПРО-018,Продукты,13,162,56.12
2026-08-26,ПРО-018,Продукты,12,150,56.12
2026-08-27,ПРО-018,Продукты,19,131,56.12
2026-08-28,ПРО-018,Продукты,21,110,56.12
2026-08-29,ПРО-018,Продукты,16,94,56.12
2026-08-30,ПРО-018,Продукты,17,77,56.12
2026-08-31,ПРО-018,Продукты,12,181,56.12
2026-09-01,ПРО-018,Продукты,11,170,56.12
2026-09-02,ПРО-018,Продукты,16,154,56.12
2026-09-03,ПРО-018,Продукты,6,148,56.12
2026-09-04,ПРО-018,Продукты,14,134,56.12
2026-09-05,ПРО-018,Продукты,29,105,56.12
2026-09-06,ПРО-018,Продукты,44,61,56.12
2026-09-07,ПРО-018,Продукты,6,187,56.12
2026-09-08,ПРО-018,Продукты,8,179,56.12
2026-09-09,ПРО-018,Продукты,15,164,56.12
2026-09-10,ПРО-018,Продукты,23,141,56.12
2026-09-11,ПРО-018,Продукты,6,135,56.12
2026-09-12,ПРО-018,Продукты,12,123,56.12
2026-09-13,ПРО-018,Продукты,16,107,56.12
2026-09-14,ПРО-018,Продукты,14,179,56.12
2026-09-15,ПРО-018,Продукты,9,170,56.12
2026-09-16,ПРО-018,Продукты,14,156,56.12
2026-09-17,ПРО-018,Продукты,11,145,56.12
2026-09-18,ПРО-018,Продукты,17,128,56.12
2026-09-19,ПРО-018,Продукты,6,122,56.12
2026-09-20,ПРО-018,Продукты,7,115,56.12
2026-09-21,ПРО-018,Продукты,9,184,56.12
2026-09-22,ПРО-018,Продукты,18,166,56.12
2026-09-23,ПРО-018,Продукты,10,156,56.12
2026-09-24,ПРО-018,Продукты,17,139,56.12
2026-09-25,ПРО-018,Продукты,10,129,56.12
2026-09-26,ПРО-018,Продукты,16,113,56.12
2026-09-27,ПРО-018,Продукты,19,94,56.12
2026-09-28,ПРО-018,Продукты,14,179,56.12
2026-09-29,ПРО-018,Продукты,4,175,56.12
2026-09-30,ПРО-018,Продукты,12,163,56.12
2025-06-01,ПРО-019,Продукты,14,66,31.09
2025-06-02,ПРО-019,Продукты,7,94,31.09
2025-06-03,ПРО-019,Продукты,3,91,31.09
2025-06-04,ПРО-019,Продукты,9,82,31.09
2025-06-05,ПРО-019,Продукты,3,79,31.09
2025-06-06,ПРО-019,Продукты,4,75,31.09
2025-06-07,ПРО-019,Продукты,7,68,31.09
2025-06-08,ПРО-019,Продукты,3,65,31.09
2025-06-09,ПРО-019,Продукты,7,94,31.09
2025-06-10,ПРО-019,Продукты,7,87,31.09
2025-06-11,ПРО-019,Продукты,7,80,31.09
2025-06-12,ПРО-019,Продукты,4,76,31.09
2025-06-13,ПРО-019,Продукты,20,56,31.09
2025-06-14,ПРО-019,Продукты,8,48,31.09
2025-06-15,ПРО-019,Продукты,9,39,31.09
2025-06-16,ПРО-019,Продукты,4,97,31.09
2025-06-17,ПРО-019,Продукты,4,93,31.09
2025-06-18,ПРО-019,Продукты,5,88,31.09
2025-06-19,ПРО-019,Продукты,6,82,31.09
2025-06-20,ПРО-019,Продукты,4,78,31.09
2025-06-21,ПРО-019,Продукты,14,64,31.09
2025-06-22,ПРО-019,Продукты,3,61,31.09
2025-06-23,ПРО-019,Продукты,7,94,31.09
2025-06-24,ПРО-019,Продукты,8,86,31.09
2025-06-25,ПРО-019,Продукты,5,81,31.09
2025-06-26,ПРО-019,Продукты,4,77,31.09
2025-06-27,ПРО-019,Продукты,13,64,31.09
2025-06-28,ПРО-019,Продукты,8,56,31.09
2025-06-29,ПРО-019,Продукты,6,50,31.09
2025-06-30,ПРО-019,Продукты,3,98,31.09
2025-07-01,ПРО-019,Продукты,5,93,31.09
2025-07-02,ПРО-019,Продукты,9,84,31.09
2025-07-03,ПРО-019,Продукты,1,83,31.09
2025-07-04,ПРО-019,Продукты,2,81,31.09
2025-07-05,ПРО-019,Продукты,8,73,31.09
2025-07-06,ПРО-019,Продукты,29,44,31.09
2025-07-07,ПРО-019,Продукты,1,100,31.09
2025-07-08,ПРО-019,Продукты,0,100,31.09
2025-07-09,ПРО-019,Продукты,1,99,31.09
2025-07-10,ПРО-019,Продукты,5,94,31.09
2025-07-11,ПРО-019,Продукты,9,85,31.09
2025-07-12,ПРО-019,Продукты,3,82,31.09
2025-07-13,ПРО-019,Продукты,8,74,31.09
2025-07-14,ПРО-019,Продукты,10,91,31.09
2025-07-15,ПРО-019,Продукты,2,89,31.09
2025-07-16,ПРО-019,Продукты,3,86,31.09
2025-07-17,ПРО-019,Продукты,8,78,31.09
2025-07-18,ПРО-019,Продукты,1,77,31.09
2025-07-19,ПРО-019,Продукты,2,75,31.09
2025-07-20,ПРО-019,Продукты,5,70,31.09
2025-07-21,ПРО-019,Продукты,13,88,31.09
2025-07-22,ПРО-019,Продукты,6,82,31.09
2025-07-23,ПРО-019,Продукты,7,75,31.09
2025-07-24,ПРО-019,Продукты,6,69,31.09
2025-07-25,ПРО-019,Продукты,2,67,31.09
2025-07-26,ПРО-019,Продукты,10,57,31.09
2025-07-27,ПРО-019,Продукты,10,47,31.09
2025-07-28,ПРО-019,Продукты,4,97,31.09
2025-07-29,ПРО-019,Продукты,9,88,31.09
2025-07-30,ПРО-019,Продукты,11,77,31.09
2025-07-31,ПРО-019,Продукты,3,74,31.09
2025-08-01,ПРО-019,Продукты,2,72,31.09
2025-08-02,ПРО-019,Продукты,6,66,31.09
2025-08-03,ПРО-019,Продукты,11,55,31.09
2025-08-04,ПРО-019,Продукты,2,99,31.09
2025-08-05,ПРО-019,Продукты,1,98,31.09
2025-08-06,ПРО-019,Продукты,4,94,31.09
2025-08-07,ПРО-019,Продукты,5,89,31.09
2025-08-08,ПРО-019,Продукты,9,80,31.09
2025-08-09,ПРО-019,Продукты,9,71,31.09
2025-08-10,ПРО-019,Продукты,4,67,31.09
2025-08-11,ПРО-019,Продукты,4,97,31.09
2025-08-12,ПРО-019,Продукты,4,93,31.09
2025-08-13,ПРО-019,Продукты,7,86,31.09
2025-08-14,ПРО-019,Продукты,10,76,31.09
2025-08-15,ПРО-019,Продукты,1,75,31.09
2025-08-16,ПРО-019,Продукты,2,73,31.09
2025-08-17,ПРО-019,Продукты,10,63,31.09
2025-08-18,ПРО-019,Продукты,8,93,31.09
2025-08-19,ПРО-019,Продукты,5,88,31.09
2025-08-20,ПРО-019,Продукты,6,82,31.09
2025-08-21,ПРО-019,Продукты,2,80,31.09
2025-08-22,ПРО-019,Продукты,13,67,31.09
2025-08-23,ПРО-019,Продукты,4,63,31.09
2025-08-24,ПРО-019,Продукты,3,60,31.09
2025-08-25,ПРО-019,Продукты,6,95,31.09
2025-08-26,ПРО-019,Продукты,18,77,31.09
2025-08-27,ПРО-019,Продукты,14,63,31.09
2025-08-28,ПРО-019,Продукты,6,57,31.09
2025-08-29,ПРО-019,Продукты,11,46,31.09
2025-08-30,ПРО-019,Продукты,22,24,31.09
2025-08-31,ПРО-019,Продукты,8,16,31.09
2025-09-01,ПРО-019,Продукты,3,98,31.09
2025-09-02,ПРО-019,Продукты,7,91,31.09
2025-09-03,ПРО-019,Продукты,6,85,31.09
2025-09-04,ПРО-019,Продукты,4,81,31.09
2025-09-05,ПРО-019,Продукты,2,79,31.09
2025-09-06,ПРО-019,Продукты,8,71,31.09
2025-09-07,ПРО-019,Продукты,6,65,31.09
2025-09-08,ПРО-019,Продукты,10,91,31.09
2025-09-09,ПРО-019,Продукты,5,86,31.09
2025-09-10,ПРО-019,Продукты,3,83,31.09
2025-09-11,ПРО-019,Продукты,2,81,31.09
2025-09-12,ПРО-019,Продукты,10,71,31.09
2025-09-13,ПРО-019,Продукты,4,67,31.09
2025-09-14,ПРО-019,Продукты,3,64,31.09
2025-09-15,ПРО-019,Продукты,4,97,31.09
2025-09-16,ПРО-019,Продукты,3,94,31.09
2025-09-17,ПРО-019,Продукты,3,91,31.09
2025-09-18,ПРО-019,Продукты,4,87,31.09
2025-09-19,ПРО-019,Продукты,6,81,31.09
2025-09-20,ПРО-019,Продукты,1,80,31.09
2025-09-21,ПРО-019,Продукты,2,78,31.09
2025-09-22,ПРО-019,Продукты,3,98,31.09
2025-09-23,ПРО-019,Продукты,7,91,31.09
2025-09-24,ПРО-019,Продукты,5,86,31.09
2025-09-25,ПРО-019,Продукты,13,73,31.09
2025-09-26,ПРО-019,Продукты,5,68,31.09
2025-09-27,ПРО-019,Продукты,6,62,31.09
2025-09-28,ПРО-019,Продукты,8,54,31.09
2025-09-29,ПРО-019,Продукты,4,97,31.09
2025-09-30,ПРО-019,Продукты,2,95,31.09
2025-10-01,ПРО-019,Продукты,4,91,31.09
2025-10-02,ПРО-019,Продукты,3,88,31.09
2025-10-03,ПРО-019,Продукты,4,84,31.09
2025-10-04,ПРО-019,Продукты,7,77,31.09
2025-10-05,ПРО-019,Продукты,8,69,31.09
2025-10-06,ПРО-019,Продукты,4,97,31.09
2025-10-07,ПРО-019,Продукты,2,95,31.09
2025-10-08,ПРО-019,Продукты,0,95,31.09
2025-10-09,ПРО-019,Продукты,1,94,31.09
2025-10-10,ПРО-019,Продукты,6,88,31.09
2025-10-11,ПРО-019,Продукты,5,83,31.09
2025-10-12,ПРО-019,Продукты,3,80,31.09
2025-10-13,ПРО-019,Продукты,7,94,31.09
2025-10-14,ПРО-019,Продукты,3,91,31.09
2025-10-15,ПРО-019,Продукты,7,84,31.09
2025-10-16,ПРО-019,Продукты,6,78,31.09
2025-10-17,ПРО-019,Продукты,3,75,31.09
2025-10-18,ПРО-019,Продукты,2,73,31.09
2025-10-19,ПРО-019,Продукты,5,68,31.09
2025-10-20,ПРО-019,Продукты,11,90,31.09
2025-10-21,ПРО-019,Продукты,3,87,31.09
2025-10-22,ПРО-019,Продукты,0,87,31.09
2025-10-23,ПРО-019,Продукты,8,79,31.09
2025-10-24,ПРО-019,Продукты,1,78,31.09
2025-10-25,ПРО-019,Продукты,9,69,31.09
2025-10-26,ПРО-019,Продукты,5,64,31.09
2025-10-27,ПРО-019,Продукты,0,101,31.09
2025-10-28,ПРО-019,Продукты,2,99,31.09
2025-10-29,ПРО-019,Продукты,3,96,31.09
2025-10-30,ПРО-019,Продукты,4,92,31.09
2025-10-31,ПРО-019,Продукты,3,89,31.09
2025-11-01,ПРО-019,Продукты,8,81,31.09
2025-11-02,ПРО-019,Продукты,4,77,31.09
2025-11-03,ПРО-019,Продукты,4,97,31.09
2025-11-04,ПРО-019,Продукты,4,93,31.09
2025-11-05,ПРО-019,Продукты,2,91,31.09
2025-11-06,ПРО-019,Продукты,0,91,31.09
2025-11-07,ПРО-019,Продукты,6,85,31.09
2025-11-08,ПРО-019,Продукты,5,80,31.09
2025-11-09,ПРО-019,Продукты,6,74,31.09
2025-11-10,ПРО-019,Продукты,7,94,31.09
2025-11-11,ПРО-019,Продукты,13,81,31.09
2025-11-12,ПРО-019,Продукты,7,74,31.09
2025-11-13,ПРО-019,Продукты,4,70,31.09
2025-11-14,ПРО-019,Продукты,8,62,31.09
2025-11-15,ПРО-019,Продукты,7,55,31.09
2025-11-16,ПРО-019,Продукты,7,48,31.09
2025-11-17,ПРО-019,Продукты,7,94,31.09
2025-11-18,ПРО-019,Продукты,6,88,31.09
2025-11-19,ПРО-019,Продукты,10,78,31.09
2025-11-20,ПРО-019,Продукты,3,75,31.09
2025-11-21,ПРО-019,Продукты,6,69,31.09
2025-11-22,ПРО-019,Продукты,4,65,31.09
2025-11-23,ПРО-019,Продукты,13,52,31.09
2025-11-24,ПРО-019,Продукты,7,94,31.09
2025-11-25,ПРО-019,Продукты,5,89,31.09
2025-11-26,ПРО-019,Продукты,5,84,31.09
2025-11-27,ПРО-019,Продукты,6,78,31.09
2025-11-28,ПРО-019,Продукты,4,74,31.09
2025-11-29,ПРО-019,Продукты,5,69,31.09
2025-11-30,ПРО-019,Продукты,6,63,31.09
2025-12-01,ПРО-019,Продукты,6,95,31.09
2025-12-02,ПРО-019,Продукты,1,94,31.09
2025-12-03,ПРО-019,Продукты,6,88,31.09
2025-12-04,ПРО-019,Продукты,7,81,31.09
2025-12-05,ПРО-019,Продукты,3,78,31.09
2025-12-06,ПРО-019,Продукты,10,68,31.09
2025-12-07,ПРО-019,Продукты,11,57,31.09
2025-12-08,ПРО-019,Продукты,4,97,31.09
2025-12-09,ПРО-019,Продукты,10,87,31.09
2025-12-10,ПРО-019,Продукты,6,81,31.09
2025-12-11,ПРО-019,Продукты,7,74,31.09
2025-12-12,ПРО-019,Продукты,4,70,31.09
2025-12-13,ПРО-019,Продукты,12,58,31.09
2025-12-14,ПРО-019,Продукты,0,58,31.09
2025-12-15,ПРО-019,Продукты,7,94,31.09
2025-12-16,ПРО-019,Продукты,4,90,31.09
2025-12-17,ПРО-019,Продукты,4,86,31.09
2025-12-18,ПРО-019,Продукты,0,86,31.09
2025-12-19,ПРО-019,Продукты,12,74,31.09
2025-12-20,ПРО-019,Продукты,13,61,31.09
2025-12-21,ПРО-019,Продукты,12,49,31.09
2025-12-22,ПРО-019,Продукты,2,99,31.09
2025-12-23,ПРО-019,Продукты,3,96,31.09
2025-12-24,ПРО-019,Продукты,6,90,31.09
2025-12-25,ПРО-019,Продукты,1,89,31.09
2025-12-26,ПРО-019,Продукты,1,88,31.09
2025-12-27,ПРО-019,Продукты,14,74,31.09
2025-12-28,ПРО-019,Продукты,13,61,31.09
2025-12-29,ПРО-019,Продукты,4,97,31.09
2025-12-30,ПРО-019,Продукты,2,95,31.09
2025-12-31,ПРО-019,Продукты,3,92,31.09
2026-01-01,ПРО-019,Продукты,2,90,31.09
2026-01-02,ПРО-019,Продукты,6,84,31.09
2026-01-03,ПРО-019,Продукты,7,77,31.09
2026-01-04,ПРО-019,Продукты,2,75,31.09
2026-01-05,ПРО-019,Продукты,7,94,31.09
2026-01-06,ПРО-019,Продукты,3,91,31.09
2026-01-07,ПРО-019,Продукты,5,86,31.09
2026-01-08,ПРО-019,Продукты,3,83,31.09
2026-01-09,ПРО-019,Продукты,4,79,31.09
2026-01-10,ПРО-019,Продукты,11,68,31.09
2026-01-11,ПРО-019,Продукты,6,62,31.09
2026-01-12,ПРО-019,Продукты,4,97,31.09
2026-01-13,ПРО-019,Продукты,3,94,31.09
2026-01-14,ПРО-019,Продукты,4,90,31.09
2026-01-15,ПРО-019,Продукты,3,87,31.09
2026-01-16,ПРО-019,Продукты,2,85,31.09
2026-01-17,ПРО-019,Продукты,10,75,31.09
2026-01-18,ПРО-019,Продукты,10,65,31.09
2026-01-19,ПРО-019,Продукты,4,97,31.09
2026-01-20,ПРО-019,Продукты,4,93,31.09
2026-01-21,ПРО-019,Продукты,2,91,31.09
2026-01-22,ПРО-019,Продукты,7,84,31.09
2026-01-23,ПРО-019,Продукты,2,82,31.09
2026-01-24,ПРО-019,Продукты,5,77,31.09
2026-01-25,ПРО-019,Продукты,3,74,31.09
2026-01-26,ПРО-019,Продукты,3,98,31.09
2026-01-27,ПРО-019,Продукты,1,97,31.09
2026-01-28,ПРО-019,Продукты,5,92,31.09
2026-01-29,ПРО-019,Продукты,2,90,31.09
2026-01-30,ПРО-019,Продукты,8,82,31.09
2026-01-31,ПРО-019,Продукты,1,81,31.09
2026-02-01,ПРО-019,Продукты,5,76,31.09
2026-02-02,ПРО-019,Продукты,10,91,31.09
2026-02-03,ПРО-019,Продукты,7,84,31.09
2026-02-04,ПРО-019,Продукты,3,81,31.09
2026-02-05,ПРО-019,Продукты,5,76,31.09
2026-02-06,ПРО-019,Продукты,11,65,31.09
2026-02-07,ПРО-019,Продукты,2,63,31.09
2026-02-08,ПРО-019,Продукты,12,51,31.09
2026-02-09,ПРО-019,Продукты,3,98,31.09
2026-02-10,ПРО-019,Продукты,9,89,31.09
2026-02-11,ПРО-019,Продукты,3,86,31.09
2026-02-12,ПРО-019,Продукты,10,76,31.09
2026-02-13,ПРО-019,Продукты,1,75,31.09
2026-02-14,ПРО-019,Продукты,13,62,31.09
2026-02-15,ПРО-019,Продукты,6,56,31.09
2026-02-16,ПРО-019,Продукты,3,98,31.09
2026-02-17,ПРО-019,Продукты,5,93,31.09
2026-02-18,ПРО-019,Продукты,11,82,31.09
2026-02-19,ПРО-019,Продукты,9,73,31.09
2026-02-20,ПРО-019,Продукты,8,65,31.09
2026-02-21,ПРО-019,Продукты,30,35,31.09
2026-02-22,ПРО-019,Продукты,12,23,31.09
2026-02-23,ПРО-019,Продукты,8,93,31.09
2026-02-24,ПРО-019,Продукты,4,89,31.09
2026-02-25,ПРО-019,Продукты,6,83,31.09
2026-02-26,ПРО-019,Продукты,4,79,31.09
2026-02-27,ПРО-019,Продукты,7,72,31.09
2026-02-28,ПРО-019,Продукты,2,70,31.09
2026-03-01,ПРО-019,Продукты,4,66,31.09
2026-03-02,ПРО-019,Продукты,4,97,31.09
2026-03-03,ПРО-019,Продукты,0,97,31.09
2026-03-04,ПРО-019,Продукты,11,86,31.09
2026-03-05,ПРО-019,Продукты,7,79,31.09
2026-03-06,ПРО-019,Продукты,16,63,31.09
2026-03-07,ПРО-019,Продукты,15,48,31.09
2026-03-08,ПРО-019,Продукты,14,34,31.09
2026-03-09,ПРО-019,Продукты,4,97,31.09
2026-03-10,ПРО-019,Продукты,7,90,31.09
2026-03-11,ПРО-019,Продукты,2,88,31.09
2026-03-12,ПРО-019,Продукты,7,81,31.09
2026-03-13,ПРО-019,Продукты,9,72,31.09
2026-03-14,ПРО-019,Продукты,12,60,31.09
2026-03-15,ПРО-019,Продукты,3,57,31.09
2026-03-16,ПРО-019,Продукты,4,97,31.09
2026-03-17,ПРО-019,Продукты,14,83,31.09
2026-03-18,ПРО-019,Продукты,1,82,31.09
2026-03-19,ПРО-019,Продукты,2,80,31.09
2026-03-20,ПРО-019,Продукты,12,68,31.09
2026-03-21,ПРО-019,Продукты,16,52,31.09
2026-03-22,ПРО-019,Продукты,5,47,31.09
2026-03-23,ПРО-019,Продукты,1,100,31.09
2026-03-24,ПРО-019,Продукты,11,89,31.09
2026-03-25,ПРО-019,Продукты,5,84,31.09
2026-03-26,ПРО-019,Продукты,6,78,31.09
2026-03-27,ПРО-019,Продукты,7,71,31.09
2026-03-28,ПРО-019,Продукты,5,66,31.09
2026-03-29,ПРО-019,Продукты,4,62,31.09
2026-03-30,ПРО-019,Продукты,8,93,31.09
2026-03-31,ПРО-019,Продукты,8,85,31.09
2026-04-01,ПРО-019,Продукты,6,79,31.09
2026-04-02,ПРО-019,Продукты,1,78,31.09
2026-04-03,ПРО-019,Продукты,2,76,31.09
2026-04-04,ПРО-019,Продукты,9,67,31.09
2026-04-05,ПРО-019,Продукты,11,56,31.09
2026-04-06,ПРО-019,Продукты,7,94,31.09
2026-04-07,ПРО-019,Продукты,6,88,31.09
2026-04-08,ПРО-019,Продукты,11,77,31.09
2026-04-09,ПРО-019,Продукты,5,72,31.09
2026-04-10,ПРО-019,Продукты,5,67,31.09
2026-04-11,ПРО-019,Продукты,9,58,31.09
2026-04-12,ПРО-019,Продукты,11,47,31.09
2026-04-13,ПРО-019,Продукты,7,94,31.09
2026-04-14,ПРО-019,Продукты,5,89,31.09
2026-04-15,ПРО-019,Продукты,4,85,31.09
2026-04-16,ПРО-019,Продукты,11,74,31.09
2026-04-17,ПРО-019,Продукты,8,66,31.09
2026-04-18,ПРО-019,Продукты,6,60,31.09
2026-04-19,ПРО-019,Продукты,10,50,31.09
2026-04-20,ПРО-019,Продукты,3,98,31.09
2026-04-21,ПРО-019,Продукты,5,93,31.09
2026-04-22,ПРО-019,Продукты,6,87,31.09
2026-04-23,ПРО-019,Продукты,4,83,31.09
2026-04-24,ПРО-019,Продукты,7,76,31.09
2026-04-25,ПРО-019,Продукты,14,62,31.09
2026-04-26,ПРО-019,Продукты,4,58,31.09
2026-04-27,ПРО-019,Продукты,2,99,31.09
2026-04-28,ПРО-019,Продукты,2,97,31.09
2026-04-29,ПРО-019,Продукты,1,96,31.09
2026-04-30,ПРО-019,Продукты,4,92,31.09
2026-05-01,ПРО-019,Продукты,3,89,31.09
2026-05-02,ПРО-019,Продукты,4,85,31.09
2026-05-03,ПРО-019,Продукты,15,70,31.09
2026-05-04,ПРО-019,Продукты,5,96,31.09
2026-05-05,ПРО-019,Продукты,3,93,31.09
2026-05-06,ПРО-019,Продукты,14,79,31.09
2026-05-07,ПРО-019,Продукты,11,68,31.09
2026-05-08,ПРО-019,Продукты,12,56,31.09
2026-05-09,ПРО-019,Продукты,7,49,31.09
2026-05-10,ПРО-019,Продукты,4,45,31.09
2026-05-11,ПРО-019,Продукты,0,101,31.09
2026-05-12,ПРО-019,Продукты,2,99,31.09
2026-05-13,ПРО-019,Продукты,7,92,31.09
2026-05-14,ПРО-019,Продукты,5,87,31.09
2026-05-15,ПРО-019,Продукты,5,82,31.09
2026-05-16,ПРО-019,Продукты,6,76,31.09
2026-05-17,ПРО-019,Продукты,9,67,31.09
2026-05-18,ПРО-019,Продукты,4,97,31.09
2026-05-19,ПРО-019,Продукты,3,94,31.09
2026-05-20,ПРО-019,Продукты,8,86,31.09
2026-05-21,ПРО-019,Продукты,4,82,31.09
2026-05-22,ПРО-019,Продукты,2,80,31.09
2026-05-23,ПРО-019,Продукты,4,76,31.09
2026-05-24,ПРО-019,Продукты,5,71,31.09
2026-05-25,ПРО-019,Продукты,3,98,31.09
2026-05-26,ПРО-019,Продукты,5,93,31.09
2026-05-27,ПРО-019,Продукты,8,85,31.09
2026-05-28,ПРО-019,Продукты,2,83,31.09
2026-05-29,ПРО-019,Продукты,7,76,31.09
2026-05-30,ПРО-019,Продукты,3,73,31.09
2026-05-31,ПРО-019,Продукты,15,58,31.09
2026-06-01,ПРО-019,Продукты,5,96,31.09
2026-06-02,ПРО-019,Продукты,3,93,31.09
2026-06-03,ПРО-019,Продукты,15,78,31.09
2026-06-04,ПРО-019,Продукты,4,74,31.09
2026-06-05,ПРО-019,Продукты,7,67,31.09
2026-06-06,ПРО-019,Продукты,8,59,31.09
2026-06-07,ПРО-019,Продукты,10,49,31.09
2026-06-08,ПРО-019,Продукты,8,93,31.09
2026-06-09,ПРО-019,Продукты,6,87,31.09
2026-06-10,ПРО-019,Продукты,10,77,31.09
2026-06-11,ПРО-019,Продукты,10,67,31.09
2026-06-12,ПРО-019,Продукты,12,55,31.09
2026-06-13,ПРО-019,Продукты,4,51,31.09
2026-06-14,ПРО-019,Продукты,12,39,31.09
2026-06-15,ПРО-019,Продукты,16,85,31.09
2026-06-16,ПРО-019,Продукты,13,72,31.09
2026-06-17,ПРО-019,Продукты,1,71,31.09
2026-06-18,ПРО-019,Продукты,5,66,31.09
2026-06-19,ПРО-019,Продукты,2,64,31.09
2026-06-20,ПРО-019,Продукты,1,63,31.09
2026-06-21,ПРО-019,Продукты,9,54,31.09
2026-06-22,ПРО-019,Продукты,8,93,31.09
2026-06-23,ПРО-019,Продукты,3,90,31.09
2026-06-24,ПРО-019,Продукты,9,81,31.09
2026-06-25,ПРО-019,Продукты,2,79,31.09
2026-06-26,ПРО-019,Продукты,2,77,31.09
2026-06-27,ПРО-019,Продукты,14,63,31.09
2026-06-28,ПРО-019,Продукты,6,57,31.09
2026-06-29,ПРО-019,Продукты,10,91,31.09
2026-06-30,ПРО-019,Продукты,3,88,31.09
2026-07-01,ПРО-019,Продукты,7,81,31.09
2026-07-02,ПРО-019,Продукты,2,79,31.09
2026-07-03,ПРО-019,Продукты,3,76,31.09
2026-07-04,ПРО-019,Продукты,5,71,31.09
2026-07-05,ПРО-019,Продукты,5,66,31.09
2026-07-06,ПРО-019,Продукты,6,95,31.09
2026-07-07,ПРО-019,Продукты,7,88,31.09
2026-07-08,ПРО-019,Продукты,5,83,31.09
2026-07-09,ПРО-019,Продукты,3,80,31.09
2026-07-10,ПРО-019,Продукты,8,72,31.09
2026-07-11,ПРО-019,Продукты,13,59,31.09
2026-07-12,ПРО-019,Продукты,14,45,31.09
2026-07-13,ПРО-019,Продукты,10,91,31.09
2026-07-14,ПРО-019,Продукты,11,80,31.09
2026-07-15,ПРО-019,Продукты,4,76,31.09
2026-07-16,ПРО-019,Продукты,7,69,31.09
2026-07-17,ПРО-019,Продукты,1,68,31.09
2026-07-18,ПРО-019,Продукты,7,61,31.09
2026-07-19,ПРО-019,Продукты,10,51,31.09
2026-07-20,ПРО-019,Продукты,5,96,31.09
2026-07-21,ПРО-019,Продукты,3,93,31.09
2026-07-22,ПРО-019,Продукты,3,90,31.09
2026-07-23,ПРО-019,Продукты,5,85,31.09
2026-07-24,ПРО-019,Продукты,7,78,31.09
2026-07-25,ПРО-019,Продукты,11,67,31.09
2026-07-26,ПРО-019,Продукты,8,59,31.09
2026-07-27,ПРО-019,Продукты,6,95,31.09
2026-07-28,ПРО-019,Продукты,1,94,31.09
2026-07-29,ПРО-019,Продукты,2,92,31.09
2026-07-30,ПРО-019,Продукты,12,80,31.09
2026-07-31,ПРО-019,Продукты,12,68,31.09
2026-08-01,ПРО-019,Продукты,4,64,31.09
2026-08-02,ПРО-019,Продукты,7,57,31.09
2026-08-03,ПРО-019,Продукты,6,95,31.09
2026-08-04,ПРО-019,Продукты,11,84,31.09
2026-08-05,ПРО-019,Продукты,8,76,31.09
2026-08-06,ПРО-019,Продукты,2,74,31.09
2026-08-07,ПРО-019,Продукты,4,70,31.09
2026-08-08,ПРО-019,Продукты,5,65,31.09
2026-08-09,ПРО-019,Продукты,5,60,31.09
2026-08-10,ПРО-019,Продукты,3,98,31.09
2026-08-11,ПРО-019,Продукты,9,89,31.09
2026-08-12,ПРО-019,Продукты,4,85,31.09
2026-08-13,ПРО-019,Продукты,17,68,31.09
2026-08-14,ПРО-019,Продукты,1,67,31.09
2026-08-15,ПРО-019,Продукты,2,65,31.09
2026-08-16,ПРО-019,Продукты,8,57,31.09
2026-08-17,ПРО-019,Продукты,17,84,31.09
2026-08-18,ПРО-019,Продукты,4,80,31.09
2026-08-19,ПРО-019,Продукты,9,71,31.09
2026-08-20,ПРО-019,Продукты,3,68,31.09
2026-08-21,ПРО-019,Продукты,4,64,31.09
2026-08-22,ПРО-019,Продукты,5,59,31.09
2026-08-23,ПРО-019,Продукты,5,54,31.09
2026-08-24,ПРО-019,Продукты,1,100,31.09
2026-08-25,ПРО-019,Продукты,4,96,31.09
2026-08-26,ПРО-019,Продукты,4,92,31.09
2026-08-27,ПРО-019,Продукты,17,75,31.09
2026-08-28,ПРО-019,Продукты,3,72,31.09
2026-08-29,ПРО-019,Продукты,11,61,31.09
2026-08-30,ПРО-019,Продукты,10,51,31.09
2026-08-31,ПРО-019,Продукты,8,93,31.09
2026-09-01,ПРО-019,Продукты,6,87,31.09
2026-09-02,ПРО-019,Продукты,19,68,31.09
2026-09-03,ПРО-019,Продукты,7,61,31.09
2026-09-04,ПРО-019,Продукты,3,58,31.09
2026-09-05,ПРО-019,Продукты,9,49,31.09
2026-09-06,ПРО-019,Продукты,3,46,31.09
2026-09-07,ПРО-019,Продукты,3,98,31.09
2026-09-08,ПРО-019,Продукты,4,94,31.09
2026-09-09,ПРО-019,Продукты,11,83,31.09
2026-09-10,ПРО-019,Продукты,3,80,31.09
2026-09-11,ПРО-019,Продукты,1,79,31.09
2026-09-12,ПРО-019,Продукты,4,75,31.09
2026-09-13,ПРО-019,Продукты,7,68,31.09
2026-09-14,ПРО-019,Продукты,11,90,31.09
2026-09-15,ПРО-019,Продукты,1,89,31.09
2026-09-16,ПРО-019,Продукты,5,84,31.09
2026-09-17,ПРО-019,Продукты,18,66,31.09
2026-09-18,ПРО-019,Продукты,5,61,31.09
2026-09-19,ПРО-019,Продукты,14,47,31.09
2026-09-20,ПРО-019,Продукты,8,39,31.09
2026-09-21,ПРО-019,Продукты,5,96,31.09
2026-09-22,ПРО-019,Продукты,4,92,31.09
2026-09-23,ПРО-019,Продукты,9,83,31.09
2026-09-24,ПРО-019,Продукты,2,81,31.09
2026-09-25,ПРО-019,Продукты,4,77,31.09
2026-09-26,ПРО-019,Продукты,5,72,31.09
2026-09-27,ПРО-019,Продукты,5,67,31.09
2026-09-28,ПРО-019,Продукты,6,95,31.09
2026-09-29,ПРО-019,Продукты,8,87,31.09
2026-09-30,ПРО-019,Продукты,6,81,31.09
2025-06-01,ПРО-020,Продукты,1,43,48.62
2025-06-02,ПРО-020,Продукты,3,51,48.62
2025-06-03,ПРО-020,Продукты,0,51,48.62
2025-06-04,ПРО-020,Продукты,0,51,48.62
2025-06-05,ПРО-020,Продукты,4,47,48.62
2025-06-06,ПРО-020,Продукты,5,42,48.62
2025-06-07,ПРО-020,Продукты,8,34,48.62
2025-06-08,ПРО-020,Продукты,1,33,48.62
2025-06-09,ПРО-020,Продукты,3,51,48.62
2025-06-10,ПРО-020,Продукты,0,51,48.62
2025-06-11,ПРО-020,Продукты,7,44,48.62
2025-06-12,ПРО-020,Продукты,3,41,48.62
2025-06-13,ПРО-020,Продукты,2,39,48.62
2025-06-14,ПРО-020,Продукты,8,31,48.62
2025-06-15,ПРО-020,Продукты,4,27,48.62
2025-06-16,ПРО-020,Продукты,2,52,48.62
2025-06-17,ПРО-020,Продукты,3,49,48.62
2025-06-18,ПРО-020,Продукты,2,47,48.62
2025-06-19,ПРО-020,Продукты,3,44,48.62
2025-06-20,ПРО-020,Продукты,6,38,48.62
2025-06-21,ПРО-020,Продукты,0,38,48.62
2025-06-22,ПРО-020,Продукты,0,38,48.62
2025-06-23,ПРО-020,Продукты,0,54,48.62
2025-06-24,ПРО-020,Продукты,6,48,48.62
2025-06-25,ПРО-020,Продукты,3,45,48.62
2025-06-26,ПРО-020,Продукты,7,38,48.62
2025-06-27,ПРО-020,Продукты,1,37,48.62
2025-06-28,ПРО-020,Продукты,5,32,48.62
2025-06-29,ПРО-020,Продукты,11,21,48.62
2025-06-30,ПРО-020,Продукты,1,53,48.62
2025-07-01,ПРО-020,Продукты,2,51,48.62
2025-07-02,ПРО-020,Продукты,4,47,48.62
2025-07-03,ПРО-020,Продукты,1,46,48.62
2025-07-04,ПРО-020,Продукты,4,42,48.62
2025-07-05,ПРО-020,Продукты,6,36,48.62
2025-07-06,ПРО-020,Продукты,1,35,48.62
2025-07-07,ПРО-020,Продукты,7,47,48.62
2025-07-08,ПРО-020,Продукты,1,46,48.62
2025-07-09,ПРО-020,Продукты,2,44,48.62
2025-07-10,ПРО-020,Продукты,0,44,48.62
2025-07-11,ПРО-020,Продукты,5,39,48.62
2025-07-12,ПРО-020,Продукты,1,38,48.62
2025-07-13,ПРО-020,Продукты,10,28,48.62
2025-07-14,ПРО-020,Продукты,7,47,48.62
2025-07-15,ПРО-020,Продукты,2,45,48.62
2025-07-16,ПРО-020,Продукты,2,43,48.62
2025-07-17,ПРО-020,Продукты,6,37,48.62
2025-07-18,ПРО-020,Продукты,3,34,48.62
2025-07-19,ПРО-020,Продукты,4,30,48.62
2025-07-20,ПРО-020,Продукты,3,27,48.62
2025-07-21,ПРО-020,Продукты,6,48,48.62
2025-07-22,ПРО-020,Продукты,0,48,48.62
2025-07-23,ПРО-020,Продукты,2,46,48.62
2025-07-24,ПРО-020,Продукты,5,41,48.62
2025-07-25,ПРО-020,Продукты,0,41,48.62
2025-07-26,ПРО-020,Продукты,4,37,48.62
2025-07-27,ПРО-020,Продукты,4,33,48.62
2025-07-28,ПРО-020,Продукты,4,50,48.62
2025-07-29,ПРО-020,Продукты,1,49,48.62
2025-07-30,ПРО-020,Продукты,3,46,48.62
2025-07-31,ПРО-020,Продукты,1,45,48.62
2025-08-01,ПРО-020,Продукты,6,39,48.62
2025-08-02,ПРО-020,Продукты,9,30,48.62
2025-08-03,ПРО-020,Продукты,4,26,48.62
2025-08-04,ПРО-020,Продукты,2,52,48.62
2025-08-05,ПРО-020,Продукты,2,50,48.62
2025-08-06,ПРО-020,Продукты,4,46,48.62
2025-08-07,ПРО-020,Продукты,7,39,48.62
2025-08-08,ПРО-020,Продукты,1,38,48.62
2025-08-09,ПРО-020,Продукты,2,36,48.62
2025-08-10,ПРО-020,Продукты,2,34,48.62
2025-08-11,ПРО-020,Продукты,6,48,48.62
2025-08-12,ПРО-020,Продукты,1,47,48.62
2025-08-13,ПРО-020,Продукты,3,44,48.62
2025-08-14,ПРО-020,Продукты,3,41,48.62
2025-08-15,ПРО-020,Продукты,2,39,48.62
2025-08-16,ПРО-020,Продукты,2,37,48.62
2025-08-17,ПРО-020,Продукты,5,32,48.62
2025-08-18,ПРО-020,Продукты,6,48,48.62
2025-08-19,ПРО-020,Продукты,6,42,48.62
2025-08-20,ПРО-020,Продукты,2,40,48.62
2025-08-21,ПРО-020,Продукты,6,34,48.62
2025-08-22,ПРО-020,Продукты,3,31,48.62
2025-08-23,ПРО-020,Продукты,7,24,48.62
2025-08-24,ПРО-020,Продукты,1,23,48.62
2025-08-25,ПРО-020,Продукты,1,53,48.62
2025-08-26,ПРО-020,Продукты,1,52,48.62
2025-08-27,ПРО-020,Продукты,2,50,48.62
2025-08-28,ПРО-020,Продукты,4,46,48.62
2025-08-29,ПРО-020,Продукты,1,45,48.62
2025-08-30,ПРО-020,Продукты,4,41,48.62
2025-08-31,ПРО-020,Продукты,2,39,48.62
2025-09-01,ПРО-020,Продукты,2,52,48.62
2025-09-02,ПРО-020,Продукты,0,52,48.62
2025-09-03,ПРО-020,Продукты,1,51,48.62
2025-09-04,ПРО-020,Продукты,2,49,48.62
2025-09-05,ПРО-020,Продукты,3,46,48.62
2025-09-06,ПРО-020,Продукты,1,45,48.62
2025-09-07,ПРО-020,Продукты,1,44,48.62
2025-09-08,ПРО-020,Продукты,5,49,48.62
2025-09-09,ПРО-020,Продукты,2,47,48.62
2025-09-10,ПРО-020,Продукты,5,42,48.62
2025-09-11,ПРО-020,Продукты,6,36,48.62
2025-09-12,ПРО-020,Продукты,1,35,48.62
2025-09-13,ПРО-020,Продукты,2,33,48.62
2025-09-14,ПРО-020,Продукты,1,32,48.62
2025-09-15,ПРО-020,Продукты,2,52,48.62
2025-09-16,ПРО-020,Продукты,7,45,48.62
2025-09-17,ПРО-020,Продукты,1,44,48.62
2025-09-18,ПРО-020,Продукты,1,43,48.62
2025-09-19,ПРО-020,Продукты,8,35,48.62
2025-09-20,ПРО-020,Продукты,3,32,48.62
2025-09-21,ПРО-020,Продукты,3,29,48.62
2025-09-22,ПРО-020,Продукты,4,50,48.62
2025-09-23,ПРО-020,Продукты,1,49,48.62
2025-09-24,ПРО-020,Продукты,0,49,48.62
2025-09-25,ПРО-020,Продукты,6,43,48.62
2025-09-26,ПРО-020,Продукты,4,39,48.62
2025-09-27,ПРО-020,Продукты,1,38,48.62
2025-09-28,ПРО-020,Продукты,2,36,48.62
2025-09-29,ПРО-020,Продукты,3,51,48.62
2025-09-30,ПРО-020,Продукты,4,47,48.62
2025-10-01,ПРО-020,Продукты,1,46,48.62
2025-10-02,ПРО-020,Продукты,1,45,48.62
2025-10-03,ПРО-020,Продукты,0,45,48.62
2025-10-04,ПРО-020,Продукты,5,40,48.62
2025-10-05,ПРО-020,Продукты,4,36,48.62
2025-10-06,ПРО-020,Продукты,2,52,48.62
2025-10-07,ПРО-020,Продукты,2,50,48.62
2025-10-08,ПРО-020,Продукты,0,50,48.62
2025-10-09,ПРО-020,Продукты,1,49,48.62
2025-10-10,ПРО-020,Продукты,2,47,48.62
2025-10-11,ПРО-020,Продукты,4,43,48.62
2025-10-12,ПРО-020,Продукты,4,39,48.62
2025-10-13,ПРО-020,Продукты,7,47,48.62
2025-10-14,ПРО-020,Продукты,4,43,48.62
2025-10-15,ПРО-020,Продукты,5,38,48.62
2025-10-16,ПРО-020,Продукты,2,36,48.62
2025-10-17,ПРО-020,Продукты,7,29,48.62
2025-10-18,ПРО-020,Продукты,2,27,48.62
2025-10-19,ПРО-020,Продукты,6,21,48.62
2025-10-20,ПРО-020,Продукты,3,51,48.62
2025-10-21,ПРО-020,Продукты,8,43,48.62
2025-10-22,ПРО-020,Продукты,8,35,48.62
2025-10-23,ПРО-020,Продукты,2,33,48.62
2025-10-24,ПРО-020,Продукты,0,33,48.62
2025-10-25,ПРО-020,Продукты,1,32,48.62
2025-10-26,ПРО-020,Продукты,8,24,48.62
2025-10-27,ПРО-020,Продукты,5,49,48.62
2025-10-28,ПРО-020,Продукты,4,45,48.62
2025-10-29,ПРО-020,Продукты,6,39,48.62
2025-10-30,ПРО-020,Продукты,3,36,48.62
2025-10-31,ПРО-020,Продукты,3,33,48.62
2025-11-01,ПРО-020,Продукты,4,29,48.62
2025-11-02,ПРО-020,Продукты,2,27,48.62
2025-11-03,ПРО-020,Продукты,2,52,48.62
2025-11-04,ПРО-020,Продукты,0,52,48.62
2025-11-05,ПРО-020,Продукты,2,50,48.62
2025-11-06,ПРО-020,Продукты,1,49,48.62
2025-11-07,ПРО-020,Продукты,0,49,48.62
2025-11-08,ПРО-020,Продукты,0,49,48.62
2025-11-09,ПРО-020,Продукты,5,44,48.62
2025-11-10,ПРО-020,Продукты,0,54,48.62
2025-11-11,ПРО-020,Продукты,5,49,48.62
2025-11-12,ПРО-020,Продукты,1,48,48.62
2025-11-13,ПРО-020,Продукты,3,45,48.62
2025-11-14,ПРО-020,Продукты,0,45,48.62
2025-11-15,ПРО-020,Продукты,1,44,48.62
2025-11-16,ПРО-020,Продукты,11,33,48.62
2025-11-17,ПРО-020,Продукты,3,51,48.62
2025-11-18,ПРО-020,Продукты,1,50,48.62
2025-11-19,ПРО-020,Продукты,0,50,48.62
2025-11-20,ПРО-020,Продукты,0,50,48.62
2025-11-21,ПРО-020,Продукты,2,48,48.62
2025-11-22,ПРО-020,Продукты,4,44,48.62
2025-11-23,ПРО-020,Продукты,0,44,48.62
2025-11-24,ПРО-020,Продукты,4,50,48.62
2025-11-25,ПРО-020,Продукты,2,48,48.62
2025-11-26,ПРО-020,Продукты,0,48,48.62
2025-11-27,ПРО-020,Продукты,3,45,48.62
2025-11-28,ПРО-020,Продукты,3,42,48.62
2025-11-29,ПРО-020,Продукты,6,36,48.62
2025-11-30,ПРО-020,Продукты,2,34,48.62
2025-12-01,ПРО-020,Продукты,3,51,48.62
2025-12-02,ПРО-020,Продукты,5,46,48.62
2025-12-03,ПРО-020,Продукты,3,43,48.62
2025-12-04,ПРО-020,Продукты,3,40,48.62
2025-12-05,ПРО-020,Продукты,3,37,48.62
2025-12-06,ПРО-020,Продукты,6,31,48.62
2025-12-07,ПРО-020,Продукты,5,26,48.62
2025-12-08,ПРО-020,Продукты,0,54,48.62
2025-12-09,ПРО-020,Продукты,2,52,48.62
2025-12-10,ПРО-020,Продукты,1,51,48.62
2025-12-11,ПРО-020,Продукты,5,46,48.62
2025-12-12,ПРО-020,Продукты,2,44,48.62
2025-12-13,ПРО-020,Продукты,1,43,48.62
2025-12-14,ПРО-020,Продукты,1,42,48.62
2025-12-15,ПРО-020,Продукты,7,47,48.62
2025-12-16,ПРО-020,Продукты,1,46,48.62
2025-12-17,ПРО-020,Продукты,3,43,48.62
2025-12-18,ПРО-020,Продукты,4,39,48.62
2025-12-19,ПРО-020,Продукты,2,37,48.62
2025-12-20,ПРО-020,Продукты,0,37,48.62
2025-12-21,ПРО-020,Продукты,4,33,48.62
2025-12-22,ПРО-020,Продукты,1,53,48.62
2025-12-23,ПРО-020,Продукты,3,50,48.62
2025-12-24,ПРО-020,Продукты,2,48,48.62
2025-12-25,ПРО-020,Продукты,3,45,48.62
2025-12-26,ПРО-020,Продукты,4,41,48.62
2025-12-27,ПРО-020,Продукты,3,38,48.62
2025-12-28,ПРО-020,Продукты,5,33,48.62
2025-12-29,ПРО-020,Продукты,2,52,48.62
2025-12-30,ПРО-020,Продукты,3,49,48.62
2025-12-31,ПРО-020,Продукты,1,48,48.62
2026-01-01,ПРО-020,Продукты,3,45,48.62
2026-01-02,ПРО-020,Продукты,2,43,48.62
2026-01-03,ПРО-020,Продукты,6,37,48.62
2026-01-04,ПРО-020,Продукты,4,33,48.62
2026-01-05,ПРО-020,Продукты,2,52,48.62
2026-01-06,ПРО-020,Продукты,4,48,48.62
2026-01-07,ПРО-020,Продукты,3,45,48.62
2026-01-08,ПРО-020,Продукты,2,43,48.62
2026-01-09,ПРО-020,Продукты,1,42,48.62
2026-01-10,ПРО-020,Продукты,2,40,48.62
2026-01-11,ПРО-020,Продукты,2,38,48.62
2026-01-12,ПРО-020,Продукты,2,52,48.62
2026-01-13,ПРО-020,Продукты,2,50,48.62
2026-01-14,ПРО-020,Продукты,6,44,48.62
2026-01-15,ПРО-020,Продукты,4,40,48.62
2026-01-16,ПРО-020,Продукты,0,40,48.62
2026-01-17,ПРО-020,Продукты,1,39,48.62
2026-01-18,ПРО-020,Продукты,5,34,48.62
2026-01-19,ПРО-020,Продукты,1,53,48.62
2026-01-20,ПРО-020,Продукты,1,52,48.62
2026-01-21,ПРО-020,Продукты,2,50,48.62
2026-01-22,ПРО-020,Продукты,1,49,48.62
2026-01-23,ПРО-020,Продукты,6,43,48.62
2026-01-24,ПРО-020,Продукты,2,41,48.62
2026-01-25,ПРО-020,Продукты,4,37,48.62
2026-01-26,ПРО-020,Продукты,5,49,48.62
2026-01-27,ПРО-020,Продукты,6,43,48.62
2026-01-28,ПРО-020,Продукты,2,41,48.62
2026-01-29,ПРО-020,Продукты,1,40,48.62
2026-01-30,ПРО-020,Продукты,4,36,48.62
2026-01-31,ПРО-020,Продукты,6,30,48.62
2026-02-01,ПРО-020,Продукты,2,28,48.62
2026-02-02,ПРО-020,Продукты,2,52,48.62
2026-02-03,ПРО-020,Продукты,5,47,48.62
2026-02-04,ПРО-020,Продукты,4,43,48.62
2026-02-05,ПРО-020,Продукты,1,42,48.62
2026-02-06,ПРО-020,Продукты,2,40,48.62
2026-02-07,ПРО-020,Продукты,2,38,48.62
2026-02-08,ПРО-020,Продукты,4,34,48.62
2026-02-09,ПРО-020,Продукты,3,51,48.62
2026-02-10,ПРО-020,Продукты,4,47,48.62
2026-02-11,ПРО-020,Продукты,3,44,48.62
2026-02-12,ПРО-020,Продукты,0,44,48.62
2026-02-13,ПРО-020,Продукты,9,35,48.62
2026-02-14,ПРО-020,Продукты,1,34,48.62
2026-02-15,ПРО-020,Продукты,2,32,48.62
2026-02-16,ПРО-020,Продукты,4,50,48.62
2026-02-17,ПРО-020,Продукты,1,49,48.62
2026-02-18,ПРО-020,Продукты,3,46,48.62
2026-02-19,ПРО-020,Продукты,3,43,48.62
2026-02-20,ПРО-020,Продукты,3,40,48.62
2026-02-21,ПРО-020,Продукты,7,33,48.62
2026-02-22,ПРО-020,Продукты,4,29,48.62
2026-02-23,ПРО-020,Продукты,2,52,48.62
2026-02-24,ПРО-020,Продукты,1,51,48.62
2026-02-25,ПРО-020,Продукты,4,47,48.62
2026-02-26,ПРО-020,Продукты,1,46,48.62
2026-02-27,ПРО-020,Продукты,4,42,48.62
2026-02-28,ПРО-020,Продукты,1,41,48.62
2026-03-01,ПРО-020,Продукты,2,39,48.62
2026-03-02,ПРО-020,Продукты,7,47,48.62
2026-03-03,ПРО-020,Продукты,0,47,48.62
2026-03-04,ПРО-020,Продукты,2,45,48.62
2026-03-05,ПРО-020,Продукты,5,40,48.62
2026-03-06,ПРО-020,Продукты,4,36,48.62
2026-03-07,ПРО-020,Продукты,1,35,48.62
2026-03-08,ПРО-020,Продукты,2,33,48.62
2026-03-09,ПРО-020,Продукты,2,52,48.62
2026-03-10,ПРО-020,Продукты,3,49,48.62
2026-03-11,ПРО-020,Продукты,6,43,48.62
2026-03-12,ПРО-020,Продукты,4,39,48.62
2026-03-13,ПРО-020,Продукты,9,30,48.62
2026-03-14,ПРО-020,Продукты,1,29,48.62
2026-03-15,ПРО-020,Продукты,1,28,48.62
2026-03-16,ПРО-020,Продукты,3,51,48.62
2026-03-17,ПРО-020,Продукты,5,46,48.62
2026-03-18,ПРО-020,Продукты,5,41,48.62
2026-03-19,ПРО-020,Продукты,2,39,48.62
2026-03-20,ПРО-020,Продукты,4,35,48.62
2026-03-21,ПРО-020,Продукты,4,31,48.62
2026-03-22,ПРО-020,Продукты,5,26,48.62
2026-03-23,ПРО-020,Продукты,0,54,48.62
2026-03-24,ПРО-020,Продукты,3,51,48.62
2026-03-25,ПРО-020,Продукты,3,48,48.62
2026-03-26,ПРО-020,Продукты,1,47,48.62
2026-03-27,ПРО-020,Продукты,1,46,48.62
2026-03-28,ПРО-020,Продукты,7,39,48.62
2026-03-29,ПРО-020,Продукты,2,37,48.62
2026-03-30,ПРО-020,Продукты,2,52,48.62
2026-03-31,ПРО-020,Продукты,0,52,48.62
2026-04-01,ПРО-020,Продукты,2,50,48.62
2026-04-02,ПРО-020,Продукты,4,46,48.62
2026-04-03,ПРО-020,Продукты,3,43,48.62
2026-04-04,ПРО-020,Продукты,11,32,48.62
2026-04-05,ПРО-020,Продукты,4,28,48.62
2026-04-06,ПРО-020,Продукты,4,50,48.62
2026-04-07,ПРО-020,Продукты,2,48,48.62
2026-04-08,ПРО-020,Продукты,2,46,48.62
2026-04-09,ПРО-020,Продукты,6,40,48.62
2026-04-10,ПРО-020,Продукты,6,34,48.62
2026-04-11,ПРО-020,Продукты,3,31,48.62
2026-04-12,ПРО-020,Продукты,6,25,48.62
2026-04-13,ПРО-020,Продукты,1,53,48.62
2026-04-14,ПРО-020,Продукты,2,51,48.62
2026-04-15,ПРО-020,Продукты,4,47,48.62
2026-04-16,ПРО-020,Продукты,2,45,48.62
2026-04-17,ПРО-020,Продукты,4,41,48.62
2026-04-18,ПРО-020,Продукты,11,30,48.62
2026-04-19,ПРО-020,Продукты,2,28,48.62
2026-04-20,ПРО-020,Продукты,4,50,48.62
2026-04-21,ПРО-020,Продукты,3,47,48.62
2026-04-22,ПРО-020,Продукты,0,47,48.62
2026-04-23,ПРО-020,Продукты,4,43,48.62
2026-04-24,ПРО-020,Продукты,12,31,48.62
2026-04-25,ПРО-020,Продукты,5,26,48.62
2026-04-26,ПРО-020,Продукты,1,25,48.62
2026-04-27,ПРО-020,Продукты,0,54,48.62
2026-04-28,ПРО-020,Продукты,3,51,48.62
2026-04-29,ПРО-020,Продукты,4,47,48.62
2026-04-30,ПРО-020,Продукты,1,46,48.62
2026-05-01,ПРО-020,Продукты,6,40,48.62
2026-05-02,ПРО-020,Продукты,6,34,48.62
2026-05-03,ПРО-020,Продукты,1,33,48.62
2026-05-04,ПРО-020,Продукты,3,51,48.62
2026-05-05,ПРО-020,Продукты,2,49,48.62
2026-05-06,ПРО-020,Продукты,2,47,48.62
2026-05-07,ПРО-020,Продукты,2,45,48.62
2026-05-08,ПРО-020,Продукты,5,40,48.62
2026-05-09,ПРО-020,Продукты,1,39,48.62
2026-05-10,ПРО-020,Продукты,1,38,48.62
2026-05-11,ПРО-020,Продукты,3,51,48.62
2026-05-12,ПРО-020,Продукты,4,47,48.62
2026-05-13,ПРО-020,Продукты,8,39,48.62
2026-05-14,ПРО-020,Продукты,1,38,48.62
2026-05-15,ПРО-020,Продукты,3,35,48.62
2026-05-16,ПРО-020,Продукты,3,32,48.62
2026-05-17,ПРО-020,Продукты,12,20,48.62
2026-05-18,ПРО-020,Продукты,4,50,48.62
2026-05-19,ПРО-020,Продукты,14,36,48.62
2026-05-20,ПРО-020,Продукты,8,28,48.62
2026-05-21,ПРО-020,Продукты,3,25,48.62
2026-05-22,ПРО-020,Продукты,1,24,48.62
2026-05-23,ПРО-020,Продукты,7,17,48.62
2026-05-24,ПРО-020,Продукты,3,14,48.62
2026-05-25,ПРО-020,Продукты,1,53,48.62
2026-05-26,ПРО-020,Продукты,7,46,48.62
2026-05-27,ПРО-020,Продукты,5,41,48.62
2026-05-28,ПРО-020,Продукты,0,41,48.62
2026-05-29,ПРО-020,Продукты,8,33,48.62
2026-05-30,ПРО-020,Продукты,4,29,48.62
2026-05-31,ПРО-020,Продукты,2,27,48.62
2026-06-01,ПРО-020,Продукты,3,51,48.62
2026-06-02,ПРО-020,Продукты,5,46,48.62
2026-06-03,ПРО-020,Продукты,0,46,48.62
2026-06-04,ПРО-020,Продукты,3,43,48.62
2026-06-05,ПРО-020,Продукты,0,43,48.62
2026-06-06,ПРО-020,Продукты,8,35,48.62
2026-06-07,ПРО-020,Продукты,9,26,48.62
2026-06-08,ПРО-020,Продукты,4,50,48.62
2026-06-09,ПРО-020,Продукты,7,43,48.62
2026-06-10,ПРО-020,Продукты,1,42,48.62
2026-06-11,ПРО-020,Продукты,8,34,48.62
2026-06-12,ПРО-020,Продукты,1,33,48.62
2026-06-13,ПРО-020,Продукты,6,27,48.62
2026-06-14,ПРО-020,Продукты,6,21,48.62
2026-06-15,ПРО-020,Продукты,1,53,48.62
2026-06-16,ПРО-020,Продукты,3,50,48.62
2026-06-17,ПРО-020,Продукты,2,48,48.62
2026-06-18,ПРО-020,Продукты,2,46,48.62
2026-06-19,ПРО-020,Продукты,4,42,48.62
2026-06-20,ПРО-020,Продукты,5,37,48.62
2026-06-21,ПРО-020,Продукты,5,32,48.62
2026-06-22,ПРО-020,Продукты,3,51,48.62
2026-06-23,ПРО-020,Продукты,5,46,48.62
2026-06-24,ПРО-020,Продукты,4,42,48.62
2026-06-25,ПРО-020,Продукты,3,39,48.62
2026-06-26,ПРО-020,Продукты,2,37,48.62
2026-06-27,ПРО-020,Продукты,5,32,48.62
2026-06-28,ПРО-020,Продукты,4,28,48.62
2026-06-29,ПРО-020,Продукты,8,46,48.62
2026-06-30,ПРО-020,Продукты,1,45,48.62
2026-07-01,ПРО-020,Продукты,3,42,48.62
2026-07-02,ПРО-020,Продукты,3,39,48.62
2026-07-03,ПРО-020,Продукты,2,37,48.62
2026-07-04,ПРО-020,Продукты,5,32,48.62
2026-07-05,ПРО-020,Продукты,2,30,48.62
2026-07-06,ПРО-020,Продукты,2,52,48.62
2026-07-07,ПРО-020,Продукты,6,46,48.62
2026-07-08,ПРО-020,Продукты,10,36,48.62
2026-07-09,ПРО-020,Продукты,0,36,48.62
2026-07-10,ПРО-020,Продукты,4,32,48.62
2026-07-11,ПРО-020,Продукты,8,24,48.62
2026-07-12,ПРО-020,Продукты,6,18,48.62
2026-07-13,ПРО-020,Продукты,2,52,48.62
2026-07-14,ПРО-020,Продукты,6,46,48.62
2026-07-15,ПРО-020,Продукты,3,43,48.62
2026-07-16,ПРО-020,Продукты,4,39,48.62
2026-07-17,ПРО-020,Продукты,1,38,48.62
2026-07-18,ПРО-020,Продукты,5,33,48.62
2026-07-19,ПРО-020,Продукты,5,28,48.62
2026-07-20,ПРО-020,Продукты,7,47,48.62
2026-07-21,ПРО-020,Продукты,3,44,48.62
2026-07-22,ПРО-020,Продукты,4,40,48.62
2026-07-23,ПРО-020,Продукты,2,38,48.62
2026-07-24,ПРО-020,Продукты,5,33,48.62
2026-07-25,ПРО-020,Продукты,0,33,48.62
2026-07-26,ПРО-020,Продукты,4,29,48.62
2026-07-27,ПРО-020,Продукты,2,52,48.62
2026-07-28,ПРО-020,Продукты,2,50,48.62
2026-07-29,ПРО-020,Продукты,3,47,48.62
2026-07-30,ПРО-020,Продукты,11,36,48.62
2026-07-31,ПРО-020,Продукты,2,34,48.62
2026-08-01,ПРО-020,Продукты,5,29,48.62
2026-08-02,ПРО-020,Продукты,0,29,48.62
2026-08-03,ПРО-020,Продукты,3,51,48.62
2026-08-04,ПРО-020,Продукты,8,43,48.62
2026-08-05,ПРО-020,Продукты,4,39,48.62
2026-08-06,ПРО-020,Продукты,8,31,48.62
2026-08-07,ПРО-020,Продукты,5,26,48.62
2026-08-08,ПРО-020,Продукты,2,24,48.62
2026-08-09,ПРО-020,Продукты,5,19,48.62
2026-08-10,ПРО-020,Продукты,7,47,48.62
2026-08-11,ПРО-020,Продукты,1,46,48.62
2026-08-12,ПРО-020,Продукты,4,42,48.62
2026-08-13,ПРО-020,Продукты,2,40,48.62
2026-08-14,ПРО-020,Продукты,4,36,48.62
2026-08-15,ПРО-020,Продукты,1,35,48.62
2026-08-16,ПРО-020,Продукты,3,32,48.62
2026-08-17,ПРО-020,Продукты,1,53,48.62
2026-08-18,ПРО-020,Продукты,9,44,48.62
2026-08-19,ПРО-020,Продукты,4,40,48.62
2026-08-20,ПРО-020,Продукты,4,36,48.62
2026-08-21,ПРО-020,Продукты,4,32,48.62
2026-08-22,ПРО-020,Продукты,7,25,48.62
2026-08-23,ПРО-020,Продукты,2,23,48.62
2026-08-24,ПРО-020,Продукты,0,54,48.62
2026-08-25,ПРО-020,Продукты,7,47,48.62
2026-08-26,ПРО-020,Продукты,6,41,48.62
2026-08-27,ПРО-020,Продукты,5,36,48.62
2026-08-28,ПРО-020,Продукты,6,30,48.62
2026-08-29,ПРО-020,Продукты,15,15,48.62
2026-08-30,ПРО-020,Продукты,4,11,48.62
2026-08-31,ПРО-020,Продукты,3,51,48.62
2026-09-01,ПРО-020,Продукты,4,47,48.62
2026-09-02,ПРО-020,Продукты,4,43,48.62
2026-09-03,ПРО-020,Продукты,5,38,48.62
2026-09-04,ПРО-020,Продукты,1,37,48.62
2026-09-05,ПРО-020,Продукты,4,33,48.62
2026-09-06,ПРО-020,Продукты,5,28,48.62
2026-09-07,ПРО-020,Продукты,2,52,48.62
2026-09-08,ПРО-020,Продукты,3,49,48.62
2026-09-09,ПРО-020,Продукты,1,48,48.62
2026-09-10,ПРО-020,Продукты,2,46,48.62
2026-09-11,ПРО-020,Продукты,1,45,48.62
2026-09-12,ПРО-020,Продукты,2,43,48.62
2026-09-13,ПРО-020,Продукты,2,41,48.62
2026-09-14,ПРО-020,Продукты,1,53,48.62
2026-09-15,ПРО-020,Продукты,2,51,48.62
2026-09-16,ПРО-020,Продукты,3,48,48.62
2026-09-17,ПРО-020,Продукты,1,47,48.62
2026-09-18,ПРО-020,Продукты,3,44,48.62
2026-09-19,ПРО-020,Продукты,4,40,48.62
2026-09-20,ПРО-020,Продукты,11,29,48.62
2026-09-21,ПРО-020,Продукты,1,53,48.62
2026-09-22,ПРО-020,Продукты,1,52,48.62
2026-09-23,ПРО-020,Продукты,8,44,48.62
2026-09-24,ПРО-020,Продукты,6,38,48.62
2026-09-25,ПРО-020,Продукты,5,33,48.62
2026-09-26,ПРО-020,Продукты,6,27,48.62
2026-09-27,ПРО-020,Продукты,4,23,48.62
2026-09-28,ПРО-020,Продукты,5,49,48.62
2026-09-29,ПРО-020,Продукты,3,46,48.62
2026-09-30,ПРО-020,Продукты,3,43,48.62
2025-06-01,ПРО-021,Продукты,9,159,47.08
2025-06-02,ПРО-021,Продукты,28,188,47.08
2025-06-03,ПРО-021,Продукты,8,180,47.08
2025-06-04,ПРО-021,Продукты,12,168,47.08
2025-06-05,ПРО-021,Продукты,4,164,47.08
2025-06-06,ПРО-021,Продукты,14,150,47.08
2025-06-07,ПРО-021,Продукты,25,125,47.08
2025-06-08,ПРО-021,Продукты,7,118,47.08
2025-06-09,ПРО-021,Продукты,11,205,47.08
2025-06-10,ПРО-021,Продукты,8,197,47.08
2025-06-11,ПРО-021,Продукты,28,169,47.08
2025-06-12,ПРО-021,Продукты,28,141,47.08
2025-06-13,ПРО-021,Продукты,1,140,47.08
2025-06-14,ПРО-021,Продукты,13,127,47.08
2025-06-15,ПРО-021,Продукты,17,110,47.08
2025-06-16,ПРО-021,Продукты,12,204,47.08
2025-06-17,ПРО-021,Продукты,11,193,47.08
2025-06-18,ПРО-021,Продукты,7,186,47.08
2025-06-19,ПРО-021,Продукты,13,173,47.08
2025-06-20,ПРО-021,Продукты,14,159,47.08
2025-06-21,ПРО-021,Продукты,19,140,47.08
2025-06-22,ПРО-021,Продукты,30,110,47.08
2025-06-23,ПРО-021,Продукты,15,201,47.08
2025-06-24,ПРО-021,Продукты,14,187,47.08
2025-06-25,ПРО-021,Продукты,18,169,47.08
2025-06-26,ПРО-021,Продукты,10,159,47.08
2025-06-27,ПРО-021,Продукты,16,143,47.08
2025-06-28,ПРО-021,Продукты,6,137,47.08
2025-06-29,ПРО-021,Продукты,24,113,47.08
2025-06-30,ПРО-021,Продукты,10,206,47.08
2025-07-01,ПРО-021,Продукты,0,206,47.08
2025-07-02,ПРО-021,Продукты,16,190,47.08
2025-07-03,ПРО-021,Продукты,17,173,47.08
2025-07-04,ПРО-021,Продукты,7,166,47.08
2025-07-05,ПРО-021,Продукты,5,161,47.08
2025-07-06,ПРО-021,Продукты,11,150,47.08
2025-07-07,ПРО-021,Продукты,12,204,47.08
2025-07-08,ПРО-021,Продукты,6,198,47.08
2025-07-09,ПРО-021,Продукты,15,183,47.08
2025-07-10,ПРО-021,Продукты,7,176,47.08
2025-07-11,ПРО-021,Продукты,4,172,47.08
2025-07-12,ПРО-021,Продукты,21,151,47.08
2025-07-13,ПРО-021,Продукты,9,142,47.08
2025-07-14,ПРО-021,Продукты,9,207,47.08
2025-07-15,ПРО-021,Продукты,19,188,47.08
2025-07-16,ПРО-021,Продукты,6,182,47.08
2025-07-17,ПРО-021,Продукты,8,174,47.08
2025-07-18,ПРО-021,Продукты,22,152,47.08
2025-07-19,ПРО-021,Продукты,10,142,47.08
2025-07-20,ПРО-021,Продукты,26,116,47.08
2025-07-21,ПРО-021,Продукты,16,200,47.08
2025-07-22,ПРО-021,Продукты,5,195,47.08
2025-07-23,ПРО-021,Продукты,13,182,47.08
2025-07-24,ПРО-021,Продукты,19,163,47.08
2025-07-25,ПРО-021,Продукты,6,157,47.08
2025-07-26,ПРО-021,Продукты,13,144,47.08
2025-07-27,ПРО-021,Продукты,4,140,47.08
2025-07-28,ПРО-021,Продукты,12,204,47.08
2025-07-29,ПРО-021,Продукты,12,192,47.08
2025-07-30,ПРО-021,Продукты,29,163,47.08
2025-07-31,ПРО-021,Продукты,22,141,47.08
2025-08-01,ПРО-021,Продукты,9,132,47.08
2025-08-02,ПРО-021,Продукты,9,123,47.08
2025-08-03,ПРО-021,Продукты,14,109,47.08
2025-08-04,ПРО-021,Продукты,23,193,47.08
2025-08-05,ПРО-021,Продукты,14,179,47.08
2025-08-06,ПРО-021,Продукты,18,161,47.08
2025-08-07,ПРО-021,Продукты,15,146,47.08
2025-08-08,ПРО-021,Продукты,9,137,47.08
2025-08-09,ПРО-021,Продукты,13,124,47.08
2025-08-10,ПРО-021,Продукты,9,115,47.08
2025-08-11,ПРО-021,Продукты,16,200,47.08
2025-08-12,ПРО-021,Продукты,17,183,47.08
2025-08-13,ПРО-021,Продукты,18,165,47.08
2025-08-14,ПРО-021,Продукты,21,144,47.08
2025-08-15,ПРО-021,Продукты,34,110,47.08
2025-08-16,ПРО-021,Продукты,14,96,47.08
2025-08-17,ПРО-021,Продукты,14,82,47.08
2025-08-18,ПРО-021,Продукты,14,202,47.08
2025-08-19,ПРО-021,Продукты,3,199,47.08
2025-08-20,ПРО-021,Продукты,19,180,47.08
2025-08-21,ПРО-021,Продукты,9,171,47.08
2025-08-22,ПРО-021,Продукты,13,158,47.08
2025-08-23,ПРО-021,Продукты,10,148,47.08
2025-08-24,ПРО-021,Продукты,19,129,47.08
2025-08-25,ПРО-021,Продукты,2,214,47.08
2025-08-26,ПРО-021,Продукты,3,211,47.08
2025-08-27,ПРО-021,Продукты,3,208,47.08
2025-08-28,ПРО-021,Продукты,27,181,47.08
2025-08-29,ПРО-021,Продукты,6,175,47.08
2025-08-30,ПРО-021,Продукты,8,167,47.08
2025-08-31,ПРО-021,Продукты,26,141,47.08
2025-09-01,ПРО-021,Продукты,9,207,47.08
2025-09-02,ПРО-021,Продукты,10,197,47.08
2025-09-03,ПРО-021,Продукты,20,177,47.08
2025-09-04,ПРО-021,Продукты,16,161,47.08
2025-09-05,ПРО-021,Продукты,5,156,47.08
2025-09-06,ПРО-021,Продукты,21,135,47.08
2025-09-07,ПРО-021,Продукты,16,119,47.08
2025-09-08,ПРО-021,Продукты,9,207,47.08
2025-09-09,ПРО-021,Продукты,4,203,47.08
2025-09-10,ПРО-021,Продукты,3,200,47.08
2025-09-11,ПРО-021,Продукты,4,196,47.08
2025-09-12,ПРО-021,Продукты,17,179,47.08
2025-09-13,ПРО-021,Продукты,18,161,47.08
2025-09-14,ПРО-021,Продукты,30,131,47.08
2025-09-15,ПРО-021,Продукты,25,191,47.08
2025-09-16,ПРО-021,Продукты,5,186,47.08
2025-09-17,ПРО-021,Продукты,5,181,47.08
2025-09-18,ПРО-021,Продукты,10,171,47.08
2025-09-19,ПРО-021,Продукты,22,149,47.08
2025-09-20,ПРО-021,Продукты,13,136,47.08
2025-09-21,ПРО-021,Продукты,20,116,47.08
2025-09-22,ПРО-021,Продукты,8,208,47.08
2025-09-23,ПРО-021,Продукты,19,189,47.08
2025-09-24,ПРО-021,Продукты,4,185,47.08
2025-09-25,ПРО-021,Продукты,10,175,47.08
2025-09-26,ПРО-021,Продукты,12,163,47.08
2025-09-27,ПРО-021,Продукты,15,148,47.08
2025-09-28,ПРО-021,Продукты,21,127,47.08
2025-09-29,ПРО-021,Продукты,14,202,47.08
2025-09-30,ПРО-021,Продукты,6,196,47.08
2025-10-01,ПРО-021,Продукты,7,189,47.08
2025-10-02,ПРО-021,Продукты,17,172,47.08
2025-10-03,ПРО-021,Продукты,13,159,47.08
2025-10-04,ПРО-021,Продукты,11,148,47.08
2025-10-05,ПРО-021,Продукты,16,132,47.08
2025-10-06,ПРО-021,Продукты,10,206,47.08
2025-10-07,ПРО-021,Продукты,7,199,47.08
2025-10-08,ПРО-021,Продукты,16,183,47.08
2025-10-09,ПРО-021,Продукты,7,176,47.08
2025-10-10,ПРО-021,Продукты,8,168,47.08
2025-10-11,ПРО-021,Продукты,11,157,47.08
2025-10-12,ПРО-021,Продукты,9,148,47.08
2025-10-13,ПРО-021,Продукты,22,194,47.08
2025-10-14,ПРО-021,Продукты,15,179,47.08
2025-10-15,ПРО-021,Продукты,15,164,47.08
2025-10-16,ПРО-021,Продукты,5,159,47.08
2025-10-17,ПРО-021,Продукты,12,147,47.08
2025-10-18,ПРО-021,Продукты,15,132,47.08
2025-10-19,ПРО-021,Продукты,23,109,47.08
2025-10-20,ПРО-021,Продукты,12,204,47.08
2025-10-21,ПРО-021,Продукты,22,182,47.08
2025-10-22,ПРО-021,Продукты,5,177,47.08
2025-10-23,ПРО-021,Продукты,12,165,47.08
2025-10-24,ПРО-021,Продукты,9,156,47.08
2025-10-25,ПРО-021,Продукты,9,147,47.08
2025-10-26,ПРО-021,Продукты,15,132,47.08
2025-10-27,ПРО-021,Продукты,10,206,47.08
2025-10-28,ПРО-021,Продукты,26,180,47.08
2025-10-29,ПРО-021,Продукты,2,178,47.08
2025-10-30,ПРО-021,Продукты,13,165,47.08
2025-10-31,ПРО-021,Продукты,6,159,47.08
2025-11-01,ПРО-021,Продукты,19,140,47.08
2025-11-02,ПРО-021,Продукты,11,129,47.08
2025-11-03,ПРО-021,Продукты,13,203,47.08
2025-11-04,ПРО-021,Продукты,5,198,47.08
2025-11-05,ПРО-021,Продукты,4,194,47.08
2025-11-06,ПРО-021,Продукты,16,178,47.08
2025-11-07,ПРО-021,Продукты,14,164,47.08
2025-11-08,ПРО-021,Продукты,30,134,47.08
2025-11-09,ПРО-021,Продукты,6,128,47.08
2025-11-10,ПРО-021,Продукты,5,211,47.08
2025-11-11,ПРО-021,Продукты,4,207,47.08
2025-11-12,ПРО-021,Продукты,6,201,47.08
2025-11-13,ПРО-021,Продукты,15,186,47.08
2025-11-14,ПРО-021,Продукты,14,172,47.08
2025-11-15,ПРО-021,Продукты,13,159,47.08
2025-11-16,ПРО-021,Продукты,13,146,47.08
2025-11-17,ПРО-021,Продукты,3,213,47.08
2025-11-18,ПРО-021,Продукты,6,207,47.08
2025-11-19,ПРО-021,Продукты,3,204,47.08
2025-11-20,ПРО-021,Продукты,12,192,47.08
2025-11-21,ПРО-021,Продукты,12,180,47.08
2025-11-22,ПРО-021,Продукты,4,176,47.08
2025-11-23,ПРО-021,Продукты,6,170,47.08
2025-11-24,ПРО-021,Продукты,11,205,47.08
2025-11-25,ПРО-021,Продукты,27,178,47.08
2025-11-26,ПРО-021,Продукты,2,176,47.08
2025-11-27,ПРО-021,Продукты,5,171,47.08
2025-11-28,ПРО-021,Продукты,8,163,47.08
2025-11-29,ПРО-021,Продукты,10,153,47.08
2025-11-30,ПРО-021,Продукты,22,131,47.08
2025-12-01,ПРО-021,Продукты,14,202,47.08
2025-12-02,ПРО-021,Продукты,6,196,47.08
2025-12-03,ПРО-021,Продукты,7,189,47.08
2025-12-04,ПРО-021,Продукты,12,177,47.08
2025-12-05,ПРО-021,Продукты,11,166,47.08
2025-12-06,ПРО-021,Продукты,36,130,47.08
2025-12-07,ПРО-021,Продукты,4,126,47.08
2025-12-08,ПРО-021,Продукты,12,204,47.08
2025-12-09,ПРО-021,Продукты,7,197,47.08
2025-12-10,ПРО-021,Продукты,8,189,47.08
2025-12-11,ПРО-021,Продукты,12,177,47.08
2025-12-12,ПРО-021,Продукты,19,158,47.08
2025-12-13,ПРО-021,Продукты,7,151,47.08
2025-12-14,ПРО-021,Продукты,2,149,47.08
2025-12-15,ПРО-021,Продукты,19,197,47.08
2025-12-16,ПРО-021,Продукты,15,182,47.08
2025-12-17,ПРО-021,Продукты,16,166,47.08
2025-12-18,ПРО-021,Продукты,10,156,47.08
2025-12-19,ПРО-021,Продукты,7,149,47.08
2025-12-20,ПРО-021,Продукты,13,136,47.08
2025-12-21,ПРО-021,Продукты,25,111,47.08
2025-12-22,ПРО-021,Продукты,14,202,47.08
2025-12-23,ПРО-021,Продукты,6,196,47.08
2025-12-24,ПРО-021,Продукты,7,189,47.08
2025-12-25,ПРО-021,Продукты,6,183,47.08
2025-12-26,ПРО-021,Продукты,13,170,47.08
2025-12-27,ПРО-021,Продукты,12,158,47.08
2025-12-28,ПРО-021,Продукты,15,143,47.08
2025-12-29,ПРО-021,Продукты,6,210,47.08
2025-12-30,ПРО-021,Продукты,4,206,47.08
2025-12-31,ПРО-021,Продукты,12,194,47.08
2026-01-01,ПРО-021,Продукты,9,185,47.08
2026-01-02,ПРО-021,Продукты,5,180,47.08
2026-01-03,ПРО-021,Продукты,9,171,47.08
2026-01-04,ПРО-021,Продукты,12,159,47.08
2026-01-05,ПРО-021,Продукты,19,197,47.08
2026-01-06,ПРО-021,Продукты,8,189,47.08
2026-01-07,ПРО-021,Продукты,2,187,47.08
2026-01-08,ПРО-021,Продукты,20,167,47.08
2026-01-09,ПРО-021,Продукты,9,158,47.08
2026-01-10,ПРО-021,Продукты,29,129,47.08
2026-01-11,ПРО-021,Продукты,8,121,47.08
2026-01-12,ПРО-021,Продукты,15,201,47.08
2026-01-13,ПРО-021,Продукты,14,187,47.08
2026-01-14,ПРО-021,Продукты,14,173,47.08
2026-01-15,ПРО-021,Продукты,5,168,47.08
2026-01-16,ПРО-021,Продукты,7,161,47.08
2026-01-17,ПРО-021,Продукты,13,148,47.08
2026-01-18,ПРО-021,Продукты,5,143,47.08
2026-01-19,ПРО-021,Продукты,5,211,47.08
2026-01-20,ПРО-021,Продукты,4,207,47.08
2026-01-21,ПРО-021,Продукты,36,171,47.08
2026-01-22,ПРО-021,Продукты,15,156,47.08
2026-01-23,ПРО-021,Продукты,15,141,47.08
2026-01-24,ПРО-021,Продукты,10,131,47.08
2026-01-25,ПРО-021,Продукты,8,123,47.08
2026-01-26,ПРО-021,Продукты,11,205,47.08
2026-01-27,ПРО-021,Продукты,11,194,47.08
2026-01-28,ПРО-021,Продукты,7,187,47.08
2026-01-29,ПРО-021,Продукты,9,178,47.08
2026-01-30,ПРО-021,Продукты,5,173,47.08
2026-01-31,ПРО-021,Продукты,23,150,47.08
2026-02-01,ПРО-021,Продукты,18,132,47.08
2026-02-02,ПРО-021,Продукты,6,210,47.08
2026-02-03,ПРО-021,Продукты,5,205,47.08
2026-02-04,ПРО-021,Продукты,11,194,47.08
2026-02-05,ПРО-021,Продукты,13,181,47.08
2026-02-06,ПРО-021,Продукты,10,171,47.08
2026-02-07,ПРО-021,Продукты,7,164,47.08
2026-02-08,ПРО-021,Продукты,1,163,47.08
2026-02-09,ПРО-021,Продукты,18,198,47.08
2026-02-10,ПРО-021,Продукты,13,185,47.08
2026-02-11,ПРО-021,Продукты,7,178,47.08
2026-02-12,ПРО-021,Продукты,4,174,47.08
2026-02-13,ПРО-021,Продукты,10,164,47.08
2026-02-14,ПРО-021,Продукты,12,152,47.08
2026-02-15,ПРО-021,Продукты,4,148,47.08
2026-02-16,ПРО-021,Продукты,5,211,47.08
2026-02-17,ПРО-021,Продукты,4,207,47.08
2026-02-18,ПРО-021,Продукты,15,192,47.08
2026-02-19,ПРО-021,Продукты,2,190,47.08
2026-02-20,ПРО-021,Продукты,19,171,47.08
2026-02-21,ПРО-021,Продукты,29,142,47.08
2026-02-22,ПРО-021,Продукты,22,120,47.08
2026-02-23,ПРО-021,Продукты,4,212,47.08
2026-02-24,ПРО-021,Продукты,7,205,47.08
2026-02-25,ПРО-021,Продукты,14,191,47.08
2026-02-26,ПРО-021,Продукты,15,176,47.08
2026-02-27,ПРО-021,Продукты,22,154,47.08
2026-02-28,ПРО-021,Продукты,21,133,47.08
2026-03-01,ПРО-021,Продукты,16,117,47.08
2026-03-02,ПРО-021,Продукты,4,212,47.08
2026-03-03,ПРО-021,Продукты,19,193,47.08
2026-03-04,ПРО-021,Продукты,9,184,47.08
2026-03-05,ПРО-021,Продукты,23,161,47.08
2026-03-06,ПРО-021,Продукты,18,143,47.08
2026-03-07,ПРО-021,Продукты,17,126,47.08
2026-03-08,ПРО-021,Продукты,5,121,47.08
2026-03-09,ПРО-021,Продукты,8,208,47.08
2026-03-10,ПРО-021,Продукты,26,182,47.08
2026-03-11,ПРО-021,Продукты,10,172,47.08
2026-03-12,ПРО-021,Продукты,25,147,47.08
2026-03-13,ПРО-021,Продукты,6,141,47.08
2026-03-14,ПРО-021,Продукты,6,135,47.08
2026-03-15,ПРО-021,Продукты,16,119,47.08
2026-03-16,ПРО-021,Продукты,25,191,47.08
2026-03-17,ПРО-021,Продукты,25,166,47.08
2026-03-18,ПРО-021,Продукты,10,156,47.08
2026-03-19,ПРО-021,Продукты,32,124,47.08
2026-03-20,ПРО-021,Продукты,10,114,47.08
2026-03-21,ПРО-021,Продукты,21,93,47.08
2026-03-22,ПРО-021,Продукты,19,74,47.08
2026-03-23,ПРО-021,Продукты,13,203,47.08
2026-03-24,ПРО-021,Продукты,9,194,47.08
2026-03-25,ПРО-021,Продукты,10,184,47.08
2026-03-26,ПРО-021,Продукты,9,175,47.08
2026-03-27,ПРО-021,Продукты,6,169,47.08
2026-03-28,ПРО-021,Продукты,19,150,47.08
2026-03-29,ПРО-021,Продукты,18,132,47.08
2026-03-30,ПРО-021,Продукты,28,188,47.08
2026-03-31,ПРО-021,Продукты,15,173,47.08
2026-04-01,ПРО-021,Продукты,16,157,47.08
2026-04-02,ПРО-021,Продукты,5,152,47.08
2026-04-03,ПРО-021,Продукты,12,140,47.08
2026-04-04,ПРО-021,Продукты,13,127,47.08
2026-04-05,ПРО-021,Продукты,29,98,47.08
2026-04-06,ПРО-021,Продукты,16,200,47.08
2026-04-07,ПРО-021,Продукты,29,171,47.08
2026-04-08,ПРО-021,Продукты,11,160,47.08
2026-04-09,ПРО-021,Продукты,7,153,47.08
2026-04-10,ПРО-021,Продукты,6,147,47.08
2026-04-11,ПРО-021,Продукты,21,126,47.08
2026-04-12,ПРО-021,Продукты,14,112,47.08
2026-04-13,ПРО-021,Продукты,2,214,47.08
2026-04-14,ПРО-021,Продукты,5,209,47.08
2026-04-15,ПРО-021,Продукты,4,205,47.08
2026-04-16,ПРО-021,Продукты,12,193,47.08
2026-04-17,ПРО-021,Продукты,20,173,47.08
2026-04-18,ПРО-021,Продукты,24,149,47.08
2026-04-19,ПРО-021,Продукты,19,130,47.08
2026-04-20,ПРО-021,Продукты,11,205,47.08
2026-04-21,ПРО-021,Продукты,22,183,47.08
2026-04-22,ПРО-021,Продукты,12,171,47.08
2026-04-23,ПРО-021,Продукты,12,159,47.08
2026-04-24,ПРО-021,Продукты,24,135,47.08
2026-04-25,ПРО-021,Продукты,20,115,47.08
2026-04-26,ПРО-021,Продукты,32,83,47.08
2026-04-27,ПРО-021,Продукты,10,206,47.08
2026-04-28,ПРО-021,Продукты,5,201,47.08
2026-04-29,ПРО-021,Продукты,5,196,47.08
2026-04-30,ПРО-021,Продукты,8,188,47.08
2026-05-01,ПРО-021,Продукты,21,167,47.08
2026-05-02,ПРО-021,Продукты,23,144,47.08
2026-05-03,ПРО-021,Продукты,15,129,47.08
2026-05-04,ПРО-021,Продукты,8,208,47.08
2026-05-05,ПРО-021,Продукты,30,178,47.08
2026-05-06,ПРО-021,Продукты,11,167,47.08
2026-05-07,ПРО-021,Продукты,21,146,47.08
2026-05-08,ПРО-021,Продукты,23,123,47.08
2026-05-09,ПРО-021,Продукты,7,116,47.08
2026-05-10,ПРО-021,Продукты,14,102,47.08
2026-05-11,ПРО-021,Продукты,7,209,47.08
2026-05-12,ПРО-021,Продукты,27,182,47.08
2026-05-13,ПРО-021,Продукты,22,160,47.08
2026-05-14,ПРО-021,Продукты,14,146,47.08
2026-05-15,ПРО-021,Продукты,16,130,47.08
2026-05-16,ПРО-021,Продукты,11,119,47.08
2026-05-17,ПРО-021,Продукты,10,109,47.08
2026-05-18,ПРО-021,Продукты,13,203,47.08
2026-05-19,ПРО-021,Продукты,21,182,47.08
2026-05-20,ПРО-021,Продукты,30,152,47.08
2026-05-21,ПРО-021,Продукты,6,146,47.08
2026-05-22,ПРО-021,Продукты,16,130,47.08
2026-05-23,ПРО-021,Продукты,14,116,47.08
2026-05-24,ПРО-021,Продукты,11,105,47.08
2026-05-25,ПРО-021,Продукты,17,199,47.08
2026-05-26,ПРО-021,Продукты,16,183,47.08
2026-05-27,ПРО-021,Продукты,15,168,47.08
2026-05-28,ПРО-021,Продукты,5,163,47.08
2026-05-29,ПРО-021,Продукты,7,156,47.08
2026-05-30,ПРО-021,Продукты,5,151,47.08
2026-05-31,ПРО-021,Продукты,18,133,47.08
2026-06-01,ПРО-021,Продукты,12,204,47.08
2026-06-02,ПРО-021,Продукты,22,182,47.08
2026-06-03,ПРО-021,Продукты,19,163,47.08
2026-06-04,ПРО-021,Продукты,14,149,47.08
2026-06-05,ПРО-021,Продукты,11,138,47.08
2026-06-06,ПРО-021,Продукты,13,125,47.08
2026-06-07,ПРО-021,Продукты,38,87,47.08
2026-06-08,ПРО-021,Продукты,18,198,47.08
2026-06-09,ПРО-021,Продукты,12,186,47.08
2026-06-10,ПРО-021,Продукты,19,167,47.08
2026-06-11,ПРО-021,Продукты,6,161,47.08
2026-06-12,ПРО-021,Продукты,9,152,47.08
2026-06-13,ПРО-021,Продукты,16,136,47.08
2026-06-14,ПРО-021,Продукты,19,117,47.08
2026-06-15,ПРО-021,Продукты,35,181,47.08
2026-06-16,ПРО-021,Продукты,10,171,47.08
2026-06-17,ПРО-021,Продукты,7,164,47.08
2026-06-18,ПРО-021,Продукты,11,153,47.08
2026-06-19,ПРО-021,Продукты,7,146,47.08
2026-06-20,ПРО-021,Продукты,22,124,47.08
2026-06-21,ПРО-021,Продукты,62,62,47.08
2026-06-22,ПРО-021,Продукты,15,201,47.08
2026-06-23,ПРО-021,Продукты,24,177,47.08
2026-06-24,ПРО-021,Продукты,12,165,47.08
2026-06-25,ПРО-021,Продукты,11,154,47.08
2026-06-26,ПРО-021,Продукты,31,123,47.08
2026-06-27,ПРО-021,Продукты,16,107,47.08
2026-06-28,ПРО-021,Продукты,8,99,47.08
2026-06-29,ПРО-021,Продукты,11,205,47.08
2026-06-30,ПРО-021,Продукты,2,203,47.08
2026-07-01,ПРО-021,Продукты,8,195,47.08
2026-07-02,ПРО-021,Продукты,22,173,47.08
2026-07-03,ПРО-021,Продукты,14,159,47.08
2026-07-04,ПРО-021,Продукты,45,114,47.08
2026-07-05,ПРО-021,Продукты,14,100,47.08
2026-07-06,ПРО-021,Продукты,16,200,47.08
2026-07-07,ПРО-021,Продукты,16,184,47.08
2026-07-08,ПРО-021,Продукты,15,169,47.08
2026-07-09,ПРО-021,Продукты,5,164,47.08
2026-07-10,ПРО-021,Продукты,6,158,47.08
2026-07-11,ПРО-021,Продукты,15,143,47.08
2026-07-12,ПРО-021,Продукты,34,109,47.08
2026-07-13,ПРО-021,Продукты,12,204,47.08
2026-07-14,ПРО-021,Продукты,29,175,47.08
2026-07-15,ПРО-021,Продукты,20,155,47.08
2026-07-16,ПРО-021,Продукты,14,141,47.08
2026-07-17,ПРО-021,Продукты,5,136,47.08
2026-07-18,ПРО-021,Продукты,14,122,47.08
2026-07-19,ПРО-021,Продукты,37,85,47.08
2026-07-20,ПРО-021,Продукты,12,204,47.08
2026-07-21,ПРО-021,Продукты,4,200,47.08
2026-07-22,ПРО-021,Продукты,4,196,47.08
2026-07-23,ПРО-021,Продукты,16,180,47.08
2026-07-24,ПРО-021,Продукты,18,162,47.08
2026-07-25,ПРО-021,Продукты,24,138,47.08
2026-07-26,ПРО-021,Продукты,25,113,47.08
2026-07-27,ПРО-021,Продукты,8,208,47.08
2026-07-28,ПРО-021,Продукты,14,194,47.08
2026-07-29,ПРО-021,Продукты,4,190,47.08
2026-07-30,ПРО-021,Продукты,20,170,47.08
2026-07-31,ПРО-021,Продукты,12,158,47.08
2026-08-01,ПРО-021,Продукты,20,138,47.08
2026-08-02,ПРО-021,Продукты,20,118,47.08
2026-08-03,ПРО-021,Продукты,12,204,47.08
2026-08-04,ПРО-021,Продукты,12,192,47.08
2026-08-05,ПРО-021,Продукты,15,177,47.08
2026-08-06,ПРО-021,Продукты,14,163,47.08
2026-08-07,ПРО-021,Продукты,7,156,47.08
2026-08-08,ПРО-021,Продукты,16,140,47.08
2026-08-09,ПРО-021,Продукты,18,122,47.08
2026-08-10,ПРО-021,Продукты,23,193,47.08
2026-08-11,ПРО-021,Продукты,7,186,47.08
2026-08-12,ПРО-021,Продукты,8,178,47.08
2026-08-13,ПРО-021,Продукты,9,169,47.08
2026-08-14,ПРО-021,Продукты,13,156,47.08
2026-08-15,ПРО-021,Продукты,13,143,47.08
2026-08-16,ПРО-021,Продукты,10,133,47.08
2026-08-17,ПРО-021,Продукты,12,204,47.08
2026-08-18,ПРО-021,Продукты,5,199,47.08
2026-08-19,ПРО-021,Продукты,10,189,47.08
2026-08-20,ПРО-021,Продукты,9,180,47.08
2026-08-21,ПРО-021,Продукты,11,169,47.08
2026-08-22,ПРО-021,Продукты,9,160,47.08
2026-08-23,ПРО-021,Продукты,18,142,47.08
2026-08-24,ПРО-021,Продукты,9,207,47.08
2026-08-25,ПРО-021,Продукты,12,195,47.08
2026-08-26,ПРО-021,Продукты,9,186,47.08
2026-08-27,ПРО-021,Продукты,5,181,47.08
2026-08-28,ПРО-021,Продукты,5,176,47.08
2026-08-29,ПРО-021,Продукты,12,164,47.08
2026-08-30,ПРО-021,Продукты,32,132,47.08
2026-08-31,ПРО-021,Продукты,9,207,47.08
2026-09-01,ПРО-021,Продукты,12,195,47.08
2026-09-02,ПРО-021,Продукты,6,189,47.08
2026-09-03,ПРО-021,Продукты,12,177,47.08
2026-09-04,ПРО-021,Продукты,12,165,47.08
2026-09-05,ПРО-021,Продукты,15,150,47.08
2026-09-06,ПРО-021,Продукты,23,127,47.08
2026-09-07,ПРО-021,Продукты,6,210,47.08
2026-09-08,ПРО-021,Продукты,11,199,47.08
2026-09-09,ПРО-021,Продукты,13,186,47.08
2026-09-10,ПРО-021,Продукты,11,175,47.08
2026-09-11,ПРО-021,Продукты,7,168,47.08
2026-09-12,ПРО-021,Продукты,12,156,47.08
2026-09-13,ПРО-021,Продукты,41,115,47.08
2026-09-14,ПРО-021,Продукты,12,204,47.08
2026-09-15,ПРО-021,Продукты,12,192,47.08
2026-09-16,ПРО-021,Продукты,2,190,47.08
2026-09-17,ПРО-021,Продукты,22,168,47.08
2026-09-18,ПРО-021,Продукты,19,149,47.08
2026-09-19,ПРО-021,Продукты,42,107,47.08
2026-09-20,ПРО-021,Продукты,8,99,47.08
2026-09-21,ПРО-021,Продукты,14,202,47.08
2026-09-22,ПРО-021,Продукты,8,194,47.08
2026-09-23,ПРО-021,Продукты,10,184,47.08
2026-09-24,ПРО-021,Продукты,14,170,47.08
2026-09-25,ПРО-021,Продукты,2,168,47.08
2026-09-26,ПРО-021,Продукты,38,130,47.08
2026-09-27,ПРО-021,Продукты,20,110,47.08
2026-09-28,ПРО-021,Продукты,19,197,47.08
2026-09-29,ПРО-021,Продукты,13,184,47.08
2026-09-30,ПРО-021,Продукты,9,175,47.08
2025-06-01,ПРО-022,Продукты,7,44,42.89
2025-06-02,ПРО-022,Продукты,4,58,42.89
2025-06-03,ПРО-022,Продукты,3,55,42.89
2025-06-04,ПРО-022,Продукты,4,51,42.89
2025-06-05,ПРО-022,Продукты,7,44,42.89
2025-06-06,ПРО-022,Продукты,4,40,42.89
2025-06-07,ПРО-022,Продукты,2,38,42.89
2025-06-08,ПРО-022,Продукты,1,37,42.89
2025-06-09,ПРО-022,Продукты,3,59,42.89
2025-06-10,ПРО-022,Продукты,8,51,42.89
2025-06-11,ПРО-022,Продукты,6,45,42.89
2025-06-12,ПРО-022,Продукты,1,44,42.89
2025-06-13,ПРО-022,Продукты,3,41,42.89
2025-06-14,ПРО-022,Продукты,5,36,42.89
2025-06-15,ПРО-022,Продукты,5,31,42.89
2025-06-16,ПРО-022,Продукты,7,55,42.89
2025-06-17,ПРО-022,Продукты,7,48,42.89
2025-06-18,ПРО-022,Продукты,5,43,42.89
2025-06-19,ПРО-022,Продукты,4,39,42.89
2025-06-20,ПРО-022,Продукты,6,33,42.89
2025-06-21,ПРО-022,Продукты,6,27,42.89
2025-06-22,ПРО-022,Продукты,7,20,42.89
2025-06-23,ПРО-022,Продукты,3,59,42.89
2025-06-24,ПРО-022,Продукты,3,56,42.89
2025-06-25,ПРО-022,Продукты,2,54,42.89
2025-06-26,ПРО-022,Продукты,0,54,42.89
2025-06-27,ПРО-022,Продукты,4,50,42.89
2025-06-28,ПРО-022,Продукты,4,46,42.89
2025-06-29,ПРО-022,Продукты,2,44,42.89
2025-06-30,ПРО-022,Продукты,6,56,42.89
2025-07-01,ПРО-022,Продукты,7,49,42.89
2025-07-02,ПРО-022,Продукты,6,43,42.89
2025-07-03,ПРО-022,Продукты,4,39,42.89
2025-07-04,ПРО-022,Продукты,2,37,42.89
2025-07-05,ПРО-022,Продукты,0,37,42.89
2025-07-06,ПРО-022,Продукты,4,33,42.89
2025-07-07,ПРО-022,Продукты,2,60,42.89
2025-07-08,ПРО-022,Продукты,5,55,42.89
2025-07-09,ПРО-022,Продукты,8,47,42.89
2025-07-10,ПРО-022,Продукты,1,46,42.89
2025-07-11,ПРО-022,Продукты,3,43,42.89
2025-07-12,ПРО-022,Продукты,2,41,42.89
2025-07-13,ПРО-022,Продукты,1,40,42.89
2025-07-14,ПРО-022,Продукты,3,59,42.89
2025-07-15,ПРО-022,Продукты,4,55,42.89
2025-07-16,ПРО-022,Продукты,4,51,42.89
2025-07-17,ПРО-022,Продукты,4,47,42.89
2025-07-18,ПРО-022,Продукты,8,39,42.89
2025-07-19,ПРО-022,Продукты,1,38,42.89
2025-07-20,ПРО-022,Продукты,7,31,42.89
2025-07-21,ПРО-022,Продукты,2,60,42.89
2025-07-22,ПРО-022,Продукты,2,58,42.89
2025-07-23,ПРО-022,Продукты,7,51,42.89
2025-07-24,ПРО-022,Продукты,12,39,42.89
2025-07-25,ПРО-022,Продукты,4,35,42.89
2025-07-26,ПРО-022,Продукты,5,30,42.89
2025-07-27,ПРО-022,Продукты,2,28,42.89
2025-07-28,ПРО-022,Продукты,7,55,42.89
2025-07-29,ПРО-022,Продукты,1,54,42.89
2025-07-30,ПРО-022,Продукты,1,53,42.89
2025-07-31,ПРО-022,Продукты,6,47,42.89
2025-08-01,ПРО-022,Продукты,2,45,42.89
2025-08-02,ПРО-022,Продукты,4,41,42.89
2025-08-03,ПРО-022,Продукты,6,35,42.89
2025-08-04,ПРО-022,Продукты,0,62,42.89
2025-08-05,ПРО-022,Продукты,5,57,42.89
2025-08-06,ПРО-022,Продукты,5,52,42.89
2025-08-07,ПРО-022,Продукты,4,48,42.89
2025-08-08,ПРО-022,Продукты,0,48,42.89
2025-08-09,ПРО-022,Продукты,1,47,42.89
2025-08-10,ПРО-022,Продукты,1,46,42.89
2025-08-11,ПРО-022,Продукты,4,58,42.89
2025-08-12,ПРО-022,Продукты,4,54,42.89
2025-08-13,ПРО-022,Продукты,4,50,42.89
2025-08-14,ПРО-022,Продукты,2,48,42.89
2025-08-15,ПРО-022,Продукты,2,46,42.89
2025-08-16,ПРО-022,Продукты,5,41,42.89
2025-08-17,ПРО-022,Продукты,2,39,42.89
2025-08-18,ПРО-022,Продукты,2,60,42.89
2025-08-19,ПРО-022,Продукты,2,58,42.89
2025-08-20,ПРО-022,Продукты,2,56,42.89
2025-08-21,ПРО-022,Продукты,6,50,42.89
2025-08-22,ПРО-022,Продукты,5,45,42.89
2025-08-23,ПРО-022,Продукты,9,36,42.89
2025-08-24,ПРО-022,Продукты,6,30,42.89
2025-08-25,ПРО-022,Продукты,4,58,42.89
2025-08-26,ПРО-022,Продукты,3,55,42.89
2025-08-27,ПРО-022,Продукты,5,50,42.89
2025-08-28,ПРО-022,Продукты,4,46,42.89
2025-08-29,ПРО-022,Продукты,1,45,42.89
2025-08-30,ПРО-022,Продукты,1,44,42.89
2025-08-31,ПРО-022,Продукты,3,41,42.89
2025-09-01,ПРО-022,Продукты,2,60,42.89
2025-09-02,ПРО-022,Продукты,2,58,42.89
2025-09-03,ПРО-022,Продукты,1,57,42.89
2025-09-04,ПРО-022,Продукты,2,55,42.89
2025-09-05,ПРО-022,Продукты,3,52,42.89
2025-09-06,ПРО-022,Продукты,3,49,42.89
2025-09-07,ПРО-022,Продукты,1,48,42.89
2025-09-08,ПРО-022,Продукты,4,58,42.89
2025-09-09,ПРО-022,Продукты,1,57,42.89
2025-09-10,ПРО-022,Продукты,4,53,42.89
2025-09-11,ПРО-022,Продукты,3,50,42.89
2025-09-12,ПРО-022,Продукты,3,47,42.89
2025-09-13,ПРО-022,Продукты,5,42,42.89
2025-09-14,ПРО-022,Продукты,5,37,42.89
2025-09-15,ПРО-022,Продукты,1,61,42.89
2025-09-16,ПРО-022,Продукты,0,61,42.89
2025-09-17,ПРО-022,Продукты,2,59,42.89
2025-09-18,ПРО-022,Продукты,0,59,42.89
2025-09-19,ПРО-022,Продукты,3,56,42.89
2025-09-20,ПРО-022,Продукты,6,50,42.89
2025-09-21,ПРО-022,Продукты,5,45,42.89
2025-09-22,ПРО-022,Продукты,6,56,42.89
2025-09-23,ПРО-022,Продукты,6,50,42.89
2025-09-24,ПРО-022,Продукты,6,44,42.89
2025-09-25,ПРО-022,Продукты,1,43,42.89
2025-09-26,ПРО-022,Продукты,1,42,42.89
2025-09-27,ПРО-022,Продукты,5,37,42.89
2025-09-28,ПРО-022,Продукты,3,34,42.89
2025-09-29,ПРО-022,Продукты,2,60,42.89
2025-09-30,ПРО-022,Продукты,0,60,42.89
2025-10-01,ПРО-022,Продукты,6,54,42.89
2025-10-02,ПРО-022,Продукты,4,50,42.89
2025-10-03,ПРО-022,Продукты,1,49,42.89
2025-10-04,ПРО-022,Продукты,8,41,42.89
2025-10-05,ПРО-022,Продукты,10,31,42.89
2025-10-06,ПРО-022,Продукты,3,59,42.89
2025-10-07,ПРО-022,Продукты,1,58,42.89
2025-10-08,ПРО-022,Продукты,8,50,42.89
2025-10-09,ПРО-022,Продукты,3,47,42.89
2025-10-10,ПРО-022,Продукты,11,36,42.89
2025-10-11,ПРО-022,Продукты,3,33,42.89
2025-10-12,ПРО-022,Продукты,4,29,42.89
2025-10-13,ПРО-022,Продукты,2,60,42.89
2025-10-14,ПРО-022,Продукты,8,52,42.89
2025-10-15,ПРО-022,Продукты,1,51,42.89
2025-10-16,ПРО-022,Продукты,3,48,42.89
2025-10-17,ПРО-022,Продукты,6,42,42.89
2025-10-18,ПРО-022,Продукты,9,33,42.89
2025-10-19,ПРО-022,Продукты,4,29,42.89
2025-10-20,ПРО-022,Продукты,0,62,42.89
2025-10-21,ПРО-022,Продукты,4,58,42.89
2025-10-22,ПРО-022,Продукты,5,53,42.89
2025-10-23,ПРО-022,Продукты,3,50,42.89
2025-10-24,ПРО-022,Продукты,6,44,42.89
2025-10-25,ПРО-022,Продукты,2,42,42.89
2025-10-26,ПРО-022,Продукты,3,39,42.89
2025-10-27,ПРО-022,Продукты,3,59,42.89
2025-10-28,ПРО-022,Продукты,6,53,42.89
2025-10-29,ПРО-022,Продукты,2,51,42.89
2025-10-30,ПРО-022,Продукты,3,48,42.89
2025-10-31,ПРО-022,Продукты,2,46,42.89
2025-11-01,ПРО-022,Продукты,3,43,42.89
2025-11-02,ПРО-022,Продукты,6,37,42.89
2025-11-03,ПРО-022,Продукты,3,59,42.89
2025-11-04,ПРО-022,Продукты,0,59,42.89
2025-11-05,ПРО-022,Продукты,1,58,42.89
2025-11-06,ПРО-022,Продукты,5,53,42.89
2025-11-07,ПРО-022,Продукты,7,46,42.89
2025-11-08,ПРО-022,Продукты,2,44,42.89
2025-11-09,ПРО-022,Продукты,8,36,42.89
2025-11-10,ПРО-022,Продукты,1,61,42.89
2025-11-11,ПРО-022,Продукты,6,55,42.89
2025-11-12,ПРО-022,Продукты,4,51,42.89
2025-11-13,ПРО-022,Продукты,3,48,42.89
2025-11-14,ПРО-022,Продукты,1,47,42.89
2025-11-15,ПРО-022,Продукты,5,42,42.89
2025-11-16,ПРО-022,Продукты,3,39,42.89
2025-11-17,ПРО-022,Продукты,5,57,42.89
2025-11-18,ПРО-022,Продукты,6,51,42.89
2025-11-19,ПРО-022,Продукты,0,51,42.89
2025-11-20,ПРО-022,Продукты,4,47,42.89
2025-11-21,ПРО-022,Продукты,7,40,42.89
2025-11-22,ПРО-022,Продукты,1,39,42.89
2025-11-23,ПРО-022,Продукты,5,34,42.89
2025-11-24,ПРО-022,Продукты,5,57,42.89
2025-11-25,ПРО-022,Продукты,3,54,42.89
2025-11-26,ПРО-022,Продукты,1,53,42.89
2025-11-27,ПРО-022,Продукты,2,51,42.89
2025-11-28,ПРО-022,Продукты,3,48,42.89
2025-11-29,ПРО-022,Продукты,10,38,42.89
2025-11-30,ПРО-022,Продукты,0,38,42.89
2025-12-01,ПРО-022,Продукты,2,60,42.89
2025-12-02,ПРО-022,Продукты,0,60,42.89
2025-12-03,ПРО-022,Продукты,5,55,42.89
2025-12-04,ПРО-022,Продукты,0,55,42.89
2025-12-05,ПРО-022,Продукты,7,48,42.89
2025-12-06,ПРО-022,Продукты,4,44,42.89
2025-12-07,ПРО-022,Продукты,4,40,42.89
2025-12-08,ПРО-022,Продукты,3,59,42.89
2025-12-09,ПРО-022,Продукты,0,59,42.89
2025-12-10,ПРО-022,Продукты,0,59,42.89
2025-12-11,ПРО-022,Продукты,5,54,42.89
2025-12-12,ПРО-022,Продукты,3,51,42.89
2025-12-13,ПРО-022,Продукты,8,43,42.89
2025-12-14,ПРО-022,Продукты,7,36,42.89
2025-12-15,ПРО-022,Продукты,1,61,42.89
2025-12-16,ПРО-022,Продукты,4,57,42.89
2025-12-17,ПРО-022,Продукты,0,57,42.89
2025-12-18,ПРО-022,Продукты,5,52,42.89
2025-12-19,ПРО-022,Продукты,3,49,42.89
2025-12-20,ПРО-022,Продукты,5,44,42.89
2025-12-21,ПРО-022,Продукты,6,38,42.89
2025-12-22,ПРО-022,Продукты,3,59,42.89
2025-12-23,ПРО-022,Продукты,6,53,42.89
2025-12-24,ПРО-022,Продукты,2,51,42.89
2025-12-25,ПРО-022,Продукты,3,48,42.89
2025-12-26,ПРО-022,Продукты,2,46,42.89
2025-12-27,ПРО-022,Продукты,6,40,42.89
2025-12-28,ПРО-022,Продукты,4,36,42.89
2025-12-29,ПРО-022,Продукты,2,60,42.89
2025-12-30,ПРО-022,Продукты,4,56,42.89
2025-12-31,ПРО-022,Продукты,2,54,42.89
2026-01-01,ПРО-022,Продукты,6,48,42.89
2026-01-02,ПРО-022,Продукты,2,46,42.89
2026-01-03,ПРО-022,Продукты,0,46,42.89
2026-01-04,ПРО-022,Продукты,4,42,42.89
2026-01-05,ПРО-022,Продукты,2,60,42.89
2026-01-06,ПРО-022,Продукты,1,59,42.89
2026-01-07,ПРО-022,Продукты,2,57,42.89
2026-01-08,ПРО-022,Продукты,5,52,42.89
2026-01-09,ПРО-022,Продукты,7,45,42.89
2026-01-10,ПРО-022,Продукты,1,44,42.89
2026-01-11,ПРО-022,Продукты,6,38,42.89
2026-01-12,ПРО-022,Продукты,0,62,42.89
2026-01-13,ПРО-022,Продукты,7,55,42.89
2026-01-14,ПРО-022,Продукты,2,53,42.89
2026-01-15,ПРО-022,Продукты,3,50,42.89
2026-01-16,ПРО-022,Продукты,3,47,42.89
2026-01-17,ПРО-022,Продукты,2,45,42.89
2026-01-18,ПРО-022,Продукты,3,42,42.89
2026-01-19,ПРО-022,Продукты,3,59,42.89
2026-01-20,ПРО-022,Продукты,3,56,42.89
2026-01-21,ПРО-022,Продукты,0,56,42.89
2026-01-22,ПРО-022,Продукты,6,50,42.89
2026-01-23,ПРО-022,Продукты,0,50,42.89
2026-01-24,ПРО-022,Продукты,6,44,42.89
2026-01-25,ПРО-022,Продукты,8,36,42.89
2026-01-26,ПРО-022,Продукты,1,61,42.89
2026-01-27,ПРО-022,Продукты,4,57,42.89
2026-01-28,ПРО-022,Продукты,2,55,42.89
2026-01-29,ПРО-022,Продукты,5,50,42.89
2026-01-30,ПРО-022,Продукты,7,43,42.89
2026-01-31,ПРО-022,Продукты,5,38,42.89
2026-02-01,ПРО-022,Продукты,8,30,42.89
2026-02-02,ПРО-022,Продукты,4,58,42.89
2026-02-03,ПРО-022,Продукты,3,55,42.89
2026-02-04,ПРО-022,Продукты,3,52,42.89
2026-02-05,ПРО-022,Продукты,3,49,42.89
2026-02-06,ПРО-022,Продукты,2,47,42.89
2026-02-07,ПРО-022,Продукты,4,43,42.89
2026-02-08,ПРО-022,Продукты,4,39,42.89
2026-02-09,ПРО-022,Продукты,6,56,42.89
2026-02-10,ПРО-022,Продукты,1,55,42.89
2026-02-11,ПРО-022,Продукты,3,52,42.89
2026-02-12,ПРО-022,Продукты,8,44,42.89
2026-02-13,ПРО-022,Продукты,3,41,42.89
2026-02-14,ПРО-022,Продукты,4,37,42.89
2026-02-15,ПРО-022,Продукты,9,28,42.89
2026-02-16,ПРО-022,Продукты,1,61,42.89
2026-02-17,ПРО-022,Продукты,1,60,42.89
2026-02-18,ПРО-022,Продукты,1,59,42.89
2026-02-19,ПРО-022,Продукты,8,51,42.89
2026-02-20,ПРО-022,Продукты,2,49,42.89
2026-02-21,ПРО-022,Продукты,3,46,42.89
2026-02-22,ПРО-022,Продукты,0,46,42.89
2026-02-23,ПРО-022,Продукты,3,59,42.89
2026-02-24,ПРО-022,Продукты,0,59,42.89
2026-02-25,ПРО-022,Продукты,7,52,42.89
2026-02-26,ПРО-022,Продукты,11,41,42.89
2026-02-27,ПРО-022,Продукты,2,39,42.89
2026-02-28,ПРО-022,Продукты,4,35,42.89
2026-03-01,ПРО-022,Продукты,4,31,42.89
2026-03-02,ПРО-022,Продукты,6,56,42.89
2026-03-03,ПРО-022,Продукты,5,51,42.89
2026-03-04,ПРО-022,Продукты,2,49,42.89
2026-03-05,ПРО-022,Продукты,2,47,42.89
2026-03-06,ПРО-022,Продукты,5,42,42.89
2026-03-07,ПРО-022,Продукты,8,34,42.89
2026-03-08,ПРО-022,Продукты,0,34,42.89
2026-03-09,ПРО-022,Продукты,3,59,42.89
2026-03-10,ПРО-022,Продукты,1,58,42.89
2026-03-11,ПРО-022,Продукты,4,54,42.89
2026-03-12,ПРО-022,Продукты,6,48,42.89
2026-03-13,ПРО-022,Продукты,4,44,42.89
2026-03-14,ПРО-022,Продукты,7,37,42.89
2026-03-15,ПРО-022,Продукты,2,35,42.89
2026-03-16,ПРО-022,Продукты,4,58,42.89
2026-03-17,ПРО-022,Продукты,8,50,42.89
2026-03-18,ПРО-022,Продукты,9,41,42.89
2026-03-19,ПРО-022,Продукты,0,41,42.89
2026-03-20,ПРО-022,Продукты,4,37,42.89
2026-03-21,ПРО-022,Продукты,0,37,42.89
2026-03-22,ПРО-022,Продукты,1,36,42.89
2026-03-23,ПРО-022,Продукты,1,61,42.89
2026-03-24,ПРО-022,Продукты,3,58,42.89
2026-03-25,ПРО-022,Продукты,3,55,42.89
2026-03-26,ПРО-022,Продукты,2,53,42.89
2026-03-27,ПРО-022,Продукты,2,51,42.89
2026-03-28,ПРО-022,Продукты,3,48,42.89
2026-03-29,ПРО-022,Продукты,1,47,42.89
2026-03-30,ПРО-022,Продукты,2,60,42.89
2026-03-31,ПРО-022,Продукты,7,53,42.89
2026-04-01,ПРО-022,Продукты,11,42,42.89
2026-04-02,ПРО-022,Продукты,6,36,42.89
2026-04-03,ПРО-022,Продукты,1,35,42.89
2026-04-04,ПРО-022,Продукты,2,33,42.89
2026-04-05,ПРО-022,Продукты,8,25,42.89
2026-04-06,ПРО-022,Продукты,2,60,42.89
2026-04-07,ПРО-022,Продукты,4,56,42.89
2026-04-08,ПРО-022,Продукты,3,53,42.89
2026-04-09,ПРО-022,Продукты,0,53,42.89
2026-04-10,ПРО-022,Продукты,3,50,42.89
2026-04-11,ПРО-022,Продукты,6,44,42.89
2026-04-12,ПРО-022,Продукты,3,41,42.89
2026-04-13,ПРО-022,Продукты,3,59,42.89
2026-04-14,ПРО-022,Продукты,6,53,42.89
2026-04-15,ПРО-022,Продукты,10,43,42.89
2026-04-16,ПРО-022,Продукты,4,39,42.89
2026-04-17,ПРО-022,Продукты,4,35,42.89
2026-04-18,ПРО-022,Продукты,2,33,42.89
2026-04-19,ПРО-022,Продукты,6,27,42.89
2026-04-20,ПРО-022,Продукты,1,61,42.89
2026-04-21,ПРО-022,Продукты,5,56,42.89
2026-04-22,ПРО-022,Продукты,7,49,42.89
2026-04-23,ПРО-022,Продукты,7,42,42.89
2026-04-24,ПРО-022,Продукты,1,41,42.89
2026-04-25,ПРО-022,Продукты,3,38,42.89
2026-04-26,ПРО-022,Продукты,8,30,42.89
2026-04-27,ПРО-022,Продукты,6,56,42.89
2026-04-28,ПРО-022,Продукты,3,53,42.89
2026-04-29,ПРО-022,Продукты,4,49,42.89
2026-04-30,ПРО-022,Продукты,5,44,42.89
2026-05-01,ПРО-022,Продукты,12,32,42.89
2026-05-02,ПРО-022,Продукты,8,24,42.89
2026-05-03,ПРО-022,Продукты,4,20,42.89
2026-05-04,ПРО-022,Продукты,7,55,42.89
2026-05-05,ПРО-022,Продукты,4,51,42.89
2026-05-06,ПРО-022,Продукты,6,45,42.89
2026-05-07,ПРО-022,Продукты,10,35,42.89
2026-05-08,ПРО-022,Продукты,3,32,42.89
2026-05-09,ПРО-022,Продукты,3,29,42.89
2026-05-10,ПРО-022,Продукты,2,27,42.89
2026-05-11,ПРО-022,Продукты,3,59,42.89
2026-05-12,ПРО-022,Продукты,1,58,42.89
2026-05-13,ПРО-022,Продукты,3,55,42.89
2026-05-14,ПРО-022,Продукты,4,51,42.89
2026-05-15,ПРО-022,Продукты,3,48,42.89
2026-05-16,ПРО-022,Продукты,6,42,42.89
2026-05-17,ПРО-022,Продукты,3,39,42.89
2026-05-18,ПРО-022,Продукты,6,56,42.89
2026-05-19,ПРО-022,Продукты,8,48,42.89
2026-05-20,ПРО-022,Продукты,2,46,42.89
2026-05-21,ПРО-022,Продукты,6,40,42.89
2026-05-22,ПРО-022,Продукты,4,36,42.89
2026-05-23,ПРО-022,Продукты,6,30,42.89
2026-05-24,ПРО-022,Продукты,7,23,42.89
2026-05-25,ПРО-022,Продукты,4,58,42.89
2026-05-26,ПРО-022,Продукты,10,48,42.89
2026-05-27,ПРО-022,Продукты,4,44,42.89
2026-05-28,ПРО-022,Продукты,1,43,42.89
2026-05-29,ПРО-022,Продукты,3,40,42.89
2026-05-30,ПРО-022,Продукты,4,36,42.89
2026-05-31,ПРО-022,Продукты,5,31,42.89
2026-06-01,ПРО-022,Продукты,4,58,42.89
2026-06-02,ПРО-022,Продукты,8,50,42.89
2026-06-03,ПРО-022,Продукты,3,47,42.89
2026-06-04,ПРО-022,Продукты,4,43,42.89
2026-06-05,ПРО-022,Продукты,5,38,42.89
2026-06-06,ПРО-022,Продукты,6,32,42.89
2026-06-07,ПРО-022,Продукты,3,29,42.89
2026-06-08,ПРО-022,Продукты,2,60,42.89
2026-06-09,ПРО-022,Продукты,1,59,42.89
2026-06-10,ПРО-022,Продукты,4,55,42.89
2026-06-11,ПРО-022,Продукты,5,50,42.89
2026-06-12,ПРО-022,Продукты,1,49,42.89
2026-06-13,ПРО-022,Продукты,0,49,42.89
2026-06-14,ПРО-022,Продукты,1,48,42.89
2026-06-15,ПРО-022,Продукты,2,60,42.89
2026-06-16,ПРО-022,Продукты,1,59,42.89
2026-06-17,ПРО-022,Продукты,2,57,42.89
2026-06-18,ПРО-022,Продукты,0,57,42.89
2026-06-19,ПРО-022,Продукты,12,45,42.89
2026-06-20,ПРО-022,Продукты,5,40,42.89
2026-06-21,ПРО-022,Продукты,5,35,42.89
2026-06-22,ПРО-022,Продукты,1,61,42.89
2026-06-23,ПРО-022,Продукты,0,61,42.89
2026-06-24,ПРО-022,Продукты,0,61,42.89
2026-06-25,ПРО-022,Продукты,1,60,42.89
2026-06-26,ПРО-022,Продукты,5,55,42.89
2026-06-27,ПРО-022,Продукты,0,55,42.89
2026-06-28,ПРО-022,Продукты,5,50,42.89
2026-06-29,ПРО-022,Продукты,1,61,42.89
2026-06-30,ПРО-022,Продукты,3,58,42.89
2026-07-01,ПРО-022,Продукты,2,56,42.89
2026-07-02,ПРО-022,Продукты,1,55,42.89
2026-07-03,ПРО-022,Продукты,6,49,42.89
2026-07-04,ПРО-022,Продукты,8,41,42.89
2026-07-05,ПРО-022,Продукты,3,38,42.89
2026-07-06,ПРО-022,Продукты,0,62,42.89
2026-07-07,ПРО-022,Продукты,5,57,42.89
2026-07-08,ПРО-022,Продукты,1,56,42.89
2026-07-09,ПРО-022,Продукты,4,52,42.89
2026-07-10,ПРО-022,Продукты,2,50,42.89
2026-07-11,ПРО-022,Продукты,7,43,42.89
2026-07-12,ПРО-022,Продукты,4,39,42.89
2026-07-13,ПРО-022,Продукты,1,61,42.89
2026-07-14,ПРО-022,Продукты,4,57,42.89
2026-07-15,ПРО-022,Продукты,1,56,42.89
2026-07-16,ПРО-022,Продукты,11,45,42.89
2026-07-17,ПРО-022,Продукты,6,39,42.89
2026-07-18,ПРО-022,Продукты,8,31,42.89
2026-07-19,ПРО-022,Продукты,6,25,42.89
2026-07-20,ПРО-022,Продукты,4,58,42.89
2026-07-21,ПРО-022,Продукты,4,54,42.89
2026-07-22,ПРО-022,Продукты,8,46,42.89
2026-07-23,ПРО-022,Продукты,2,44,42.89
2026-07-24,ПРО-022,Продукты,5,39,42.89
2026-07-25,ПРО-022,Продукты,4,35,42.89
2026-07-26,ПРО-022,Продукты,5,30,42.89
2026-07-27,ПРО-022,Продукты,3,59,42.89
2026-07-28,ПРО-022,Продукты,2,57,42.89
2026-07-29,ПРО-022,Продукты,5,52,42.89
2026-07-30,ПРО-022,Продукты,2,50,42.89
2026-07-31,ПРО-022,Продукты,4,46,42.89
2026-08-01,ПРО-022,Продукты,2,44,42.89
2026-08-02,ПРО-022,Продукты,7,37,42.89
2026-08-03,ПРО-022,Продукты,3,59,42.89
2026-08-04,ПРО-022,Продукты,4,55,42.89
2026-08-05,ПРО-022,Продукты,2,53,42.89
2026-08-06,ПРО-022,Продукты,4,49,42.89
2026-08-07,ПРО-022,Продукты,4,45,42.89
2026-08-08,ПРО-022,Продукты,1,44,42.89
2026-08-09,ПРО-022,Продукты,5,39,42.89
2026-08-10,ПРО-022,Продукты,6,56,42.89
2026-08-11,ПРО-022,Продукты,6,50,42.89
2026-08-12,ПРО-022,Продукты,3,47,42.89
2026-08-13,ПРО-022,Продукты,3,44,42.89
2026-08-14,ПРО-022,Продукты,3,41,42.89
2026-08-15,ПРО-022,Продукты,2,39,42.89
2026-08-16,ПРО-022,Продукты,3,36,42.89
2026-08-17,ПРО-022,Продукты,6,56,42.89
2026-08-18,ПРО-022,Продукты,4,52,42.89
2026-08-19,ПРО-022,Продукты,5,47,42.89
2026-08-20,ПРО-022,Продукты,11,36,42.89
2026-08-21,ПРО-022,Продукты,8,28,42.89
2026-08-22,ПРО-022,Продукты,3,25,42.89
2026-08-23,ПРО-022,Продукты,7,18,42.89
2026-08-24,ПРО-022,Продукты,2,60,42.89
2026-08-25,ПРО-022,Продукты,3,57,42.89
2026-08-26,ПРО-022,Продукты,9,48,42.89
2026-08-27,ПРО-022,Продукты,4,44,42.89
2026-08-28,ПРО-022,Продукты,1,43,42.89
2026-08-29,ПРО-022,Продукты,2,41,42.89
2026-08-30,ПРО-022,Продукты,7,34,42.89
2026-08-31,ПРО-022,Продукты,3,59,42.89
2026-09-01,ПРО-022,Продукты,10,49,42.89
2026-09-02,ПРО-022,Продукты,5,44,42.89
2026-09-03,ПРО-022,Продукты,2,42,42.89
2026-09-04,ПРО-022,Продукты,5,37,42.89
2026-09-05,ПРО-022,Продукты,7,30,42.89
2026-09-06,ПРО-022,Продукты,0,30,42.89
2026-09-07,ПРО-022,Продукты,2,60,42.89
2026-09-08,ПРО-022,Продукты,1,59,42.89
2026-09-09,ПРО-022,Продукты,3,56,42.89
2026-09-10,ПРО-022,Продукты,9,47,42.89
2026-09-11,ПРО-022,Продукты,2,45,42.89
2026-09-12,ПРО-022,Продукты,3,42,42.89
2026-09-13,ПРО-022,Продукты,2,40,42.89
2026-09-14,ПРО-022,Продукты,2,60,42.89
2026-09-15,ПРО-022,Продукты,3,57,42.89
2026-09-16,ПРО-022,Продукты,5,52,42.89
2026-09-17,ПРО-022,Продукты,9,43,42.89
2026-09-18,ПРО-022,Продукты,4,39,42.89
2026-09-19,ПРО-022,Продукты,3,36,42.89
2026-09-20,ПРО-022,Продукты,3,33,42.89
2026-09-21,ПРО-022,Продукты,7,55,42.89
2026-09-22,ПРО-022,Продукты,1,54,42.89
2026-09-23,ПРО-022,Продукты,4,50,42.89
2026-09-24,ПРО-022,Продукты,0,50,42.89
2026-09-25,ПРО-022,Продукты,2,48,42.89
2026-09-26,ПРО-022,Продукты,0,48,42.89
2026-09-27,ПРО-022,Продукты,2,46,42.89
2026-09-28,ПРО-022,Продукты,3,59,42.89
2026-09-29,ПРО-022,Продукты,3,56,42.89
2026-09-30,ПРО-022,Продукты,4,52,42.89
2025-06-01,ПРО-023,Продукты,16,82,42.71
2025-06-02,ПРО-023,Продукты,10,114,42.71
2025-06-03,ПРО-023,Продукты,6,108,42.71
2025-06-04,ПРО-023,Продукты,6,102,42.71
2025-06-05,ПРО-023,Продукты,1,101,42.71
2025-06-06,ПРО-023,Продукты,6,95,42.71
2025-06-07,ПРО-023,Продукты,4,91,42.71
2025-06-08,ПРО-023,Продукты,23,68,42.71
2025-06-09,ПРО-023,Продукты,9,115,42.71
2025-06-10,ПРО-023,Продукты,3,112,42.71
2025-06-11,ПРО-023,Продукты,2,110,42.71
2025-06-12,ПРО-023,Продукты,4,106,42.71
2025-06-13,ПРО-023,Продукты,1,105,42.71
2025-06-14,ПРО-023,Продукты,3,102,42.71
2025-06-15,ПРО-023,Продукты,4,98,42.71
2025-06-16,ПРО-023,Продукты,6,118,42.71
2025-06-17,ПРО-023,Продукты,5,113,42.71
2025-06-18,ПРО-023,Продукты,9,104,42.71
2025-06-19,ПРО-023,Продукты,4,100,42.71
2025-06-20,ПРО-023,Продукты,2,98,42.71
2025-06-21,ПРО-023,Продукты,6,92,42.71
2025-06-22,ПРО-023,Продукты,6,86,42.71
2025-06-23,ПРО-023,Продукты,10,114,42.71
2025-06-24,ПРО-023,Продукты,3,111,42.71
2025-06-25,ПРО-023,Продукты,10,101,42.71
2025-06-26,ПРО-023,Продукты,6,95,42.71
2025-06-27,ПРО-023,Продукты,11,84,42.71
2025-06-28,ПРО-023,Продукты,11,73,42.71
2025-06-29,ПРО-023,Продукты,14,59,42.71
2025-06-30,ПРО-023,Продукты,6,118,42.71
2025-07-01,ПРО-023,Продукты,5,113,42.71
2025-07-02,ПРО-023,Продукты,5,108,42.71
2025-07-03,ПРО-023,Продукты,10,98,42.71
2025-07-04,ПРО-023,Продукты,17,81,42.71
2025-07-05,ПРО-023,Продукты,9,72,42.71
2025-07-06,ПРО-023,Продукты,11,61,42.71
2025-07-07,ПРО-023,Продукты,4,120,42.71
2025-07-08,ПРО-023,Продукты,4,116,42.71
2025-07-09,ПРО-023,Продукты,3,113,42.71
2025-07-10,ПРО-023,Продукты,5,108,42.71
2025-07-11,ПРО-023,Продукты,4,104,42.71
2025-07-12,ПРО-023,Продукты,7,97,42.71
2025-07-13,ПРО-023,Продукты,5,92,42.71
2025-07-14,ПРО-023,Продукты,18,106,42.71
2025-07-15,ПРО-023,Продукты,7,99,42.71
2025-07-16,ПРО-023,Продукты,3,96,42.71
2025-07-17,ПРО-023,Продукты,10,86,42.71
2025-07-18,ПРО-023,Продукты,9,77,42.71
2025-07-19,ПРО-023,Продукты,8,69,42.71
2025-07-20,ПРО-023,Продукты,11,58,42.71
2025-07-21,ПРО-023,Продукты,11,113,42.71
2025-07-22,ПРО-023,Продукты,7,106,42.71
2025-07-23,ПРО-023,Продукты,9,97,42.71
2025-07-24,ПРО-023,Продукты,1,96,42.71
2025-07-25,ПРО-023,Продукты,4,92,42.71
2025-07-26,ПРО-023,Продукты,15,77,42.71
2025-07-27,ПРО-023,Продукты,6,71,42.71
2025-07-28,ПРО-023,Продукты,3,121,42.71
2025-07-29,ПРО-023,Продукты,3,118,42.71
2025-07-30,ПРО-023,Продукты,6,112,42.71
2025-07-31,ПРО-023,Продукты,9,103,42.71
2025-08-01,ПРО-023,Продукты,8,95,42.71
2025-08-02,ПРО-023,Продукты,9,86,42.71
2025-08-03,ПРО-023,Продукты,7,79,42.71
2025-08-04,ПРО-023,Продукты,7,117,42.71
2025-08-05,ПРО-023,Продукты,2,115,42.71
2025-08-06,ПРО-023,Продукты,10,105,42.71
2025-08-07,ПРО-023,Продукты,4,101,42.71
2025-08-08,ПРО-023,Продукты,13,88,42.71
2025-08-09,ПРО-023,Продукты,9,79,42.71
2025-08-10,ПРО-023,Продукты,6,73,42.71
2025-08-11,ПРО-023,Продукты,4,120,42.71
2025-08-12,ПРО-023,Продукты,4,116,42.71
2025-08-13,ПРО-023,Продукты,6,110,42.71
2025-08-14,ПРО-023,Продукты,4,106,42.71
2025-08-15,ПРО-023,Продукты,4,102,42.71
2025-08-16,ПРО-023,Продукты,10,92,42.71
2025-08-17,ПРО-023,Продукты,5,87,42.71
2025-08-18,ПРО-023,Продукты,5,119,42.71
2025-08-19,ПРО-023,Продукты,9,110,42.71
2025-08-20,ПРО-023,Продукты,2,108,42.71
2025-08-21,ПРО-023,Продукты,11,97,42.71
2025-08-22,ПРО-023,Продукты,21,76,42.71
2025-08-23,ПРО-023,Продукты,13,63,42.71
2025-08-24,ПРО-023,Продукты,5,58,42.71
2025-08-25,ПРО-023,Продукты,13,111,42.71
2025-08-26,ПРО-023,Продукты,5,106,42.71
2025-08-27,ПРО-023,Продукты,6,100,42.71
2025-08-28,ПРО-023,Продукты,10,90,42.71
2025-08-29,ПРО-023,Продукты,9,81,42.71
2025-08-30,ПРО-023,Продукты,13,68,42.71
2025-08-31,ПРО-023,Продукты,15,53,42.71
2025-09-01,ПРО-023,Продукты,11,113,42.71
2025-09-02,ПРО-023,Продукты,3,110,42.71
2025-09-03,ПРО-023,Продукты,3,107,42.71
2025-09-04,ПРО-023,Продукты,10,97,42.71
2025-09-05,ПРО-023,Продукты,5,92,42.71
2025-09-06,ПРО-023,Продукты,17,75,42.71
2025-09-07,ПРО-023,Продукты,6,69,42.71
2025-09-08,ПРО-023,Продукты,9,115,42.71
2025-09-09,ПРО-023,Продукты,17,98,42.71
2025-09-10,ПРО-023,Продукты,7,91,42.71
2025-09-11,ПРО-023,Продукты,5,86,42.71
2025-09-12,ПРО-023,Продукты,9,77,42.71
2025-09-13,ПРО-023,Продукты,10,67,42.71
2025-09-14,ПРО-023,Продукты,8,59,42.71
2025-09-15,ПРО-023,Продукты,15,109,42.71
2025-09-16,ПРО-023,Продукты,4,105,42.71
2025-09-17,ПРО-023,Продукты,8,97,42.71
2025-09-18,ПРО-023,Продукты,2,95,42.71
2025-09-19,ПРО-023,Продукты,8,87,42.71
2025-09-20,ПРО-023,Продукты,10,77,42.71
2025-09-21,ПРО-023,Продукты,11,66,42.71
2025-09-22,ПРО-023,Продукты,5,119,42.71
2025-09-23,ПРО-023,Продукты,10,109,42.71
2025-09-24,ПРО-023,Продукты,8,101,42.71
2025-09-25,ПРО-023,Продукты,8,93,42.71
2025-09-26,ПРО-023,Продукты,4,89,42.71
2025-09-27,ПРО-023,Продукты,13,76,42.71
2025-09-28,ПРО-023,Продукты,11,65,42.71
2025-09-29,ПРО-023,Продукты,6,118,42.71
2025-09-30,ПРО-023,Продукты,2,116,42.71
2025-10-01,ПРО-023,Продукты,1,115,42.71
2025-10-02,ПРО-023,Продукты,8,107,42.71
2025-10-03,ПРО-023,Продукты,7,100,42.71
2025-10-04,ПРО-023,Продукты,12,88,42.71
2025-10-05,ПРО-023,Продукты,14,74,42.71
2025-10-06,ПРО-023,Продукты,15,109,42.71
2025-10-07,ПРО-023,Продукты,10,99,42.71
2025-10-08,ПРО-023,Продукты,6,93,42.71
2025-10-09,ПРО-023,Продукты,2,91,42.71
2025-10-10,ПРО-023,Продукты,3,88,42.71
2025-10-11,ПРО-023,Продукты,8,80,42.71
2025-10-12,ПРО-023,Продукты,12,68,42.71
2025-10-13,ПРО-023,Продукты,4,120,42.71
2025-10-14,ПРО-023,Продукты,11,109,42.71
2025-10-15,ПРО-023,Продукты,7,102,42.71
2025-10-16,ПРО-023,Продукты,6,96,42.71
2025-10-17,ПРО-023,Продукты,5,91,42.71
2025-10-18,ПРО-023,Продукты,6,85,42.71
2025-10-19,ПРО-023,Продукты,2,83,42.71
2025-10-20,ПРО-023,Продукты,3,121,42.71
2025-10-21,ПРО-023,Продукты,1,120,42.71
2025-10-22,ПРО-023,Продукты,1,119,42.71
2025-10-23,ПРО-023,Продукты,4,115,42.71
2025-10-24,ПРО-023,Продукты,4,111,42.71
2025-10-25,ПРО-023,Продукты,9,102,42.71
2025-10-26,ПРО-023,Продукты,20,82,42.71
2025-10-27,ПРО-023,Продукты,4,120,42.71
2025-10-28,ПРО-023,Продукты,6,114,42.71
2025-10-29,ПРО-023,Продукты,7,107,42.71
2025-10-30,ПРО-023,Продукты,6,101,42.71
2025-10-31,ПРО-023,Продукты,8,93,42.71
2025-11-01,ПРО-023,Продукты,16,77,42.71
2025-11-02,ПРО-023,Продукты,6,71,42.71
2025-11-03,ПРО-023,Продукты,1,123,42.71
2025-11-04,ПРО-023,Продукты,4,119,42.71
2025-11-05,ПРО-023,Продукты,0,119,42.71
2025-11-06,ПРО-023,Продукты,6,113,42.71
2025-11-07,ПРО-023,Продукты,9,104,42.71
2025-11-08,ПРО-023,Продукты,9,95,42.71
2025-11-09,ПРО-023,Продукты,6,89,42.71
2025-11-10,ПРО-023,Продукты,5,119,42.71
2025-11-11,ПРО-023,Продукты,4,115,42.71
2025-11-12,ПРО-023,Продукты,3,112,42.71
2025-11-13,ПРО-023,Продукты,7,105,42.71
2025-11-14,ПРО-023,Продукты,7,98,42.71
2025-11-15,ПРО-023,Продукты,9,89,42.71
2025-11-16,ПРО-023,Продукты,4,85,42.71
2025-11-17,ПРО-023,Продукты,13,111,42.71
2025-11-18,ПРО-023,Продукты,2,109,42.71
2025-11-19,ПРО-023,Продукты,7,102,42.71
2025-11-20,ПРО-023,Продукты,3,99,42.71
2025-11-21,ПРО-023,Продукты,15,84,42.71
2025-11-22,ПРО-023,Продукты,5,79,42.71
2025-11-23,ПРО-023,Продукты,8,71,42.71
2025-11-24,ПРО-023,Продукты,8,116,42.71
2025-11-25,ПРО-023,Продукты,6,110,42.71
2025-11-26,ПРО-023,Продукты,6,104,42.71
2025-11-27,ПРО-023,Продукты,4,100,42.71
2025-11-28,ПРО-023,Продукты,3,97,42.71
2025-11-29,ПРО-023,Продукты,5,92,42.71
2025-11-30,ПРО-023,Продукты,3,89,42.71
2025-12-01,ПРО-023,Продукты,4,120,42.71
2025-12-02,ПРО-023,Продукты,4,116,42.71
2025-12-03,ПРО-023,Продукты,11,105,42.71
2025-12-04,ПРО-023,Продукты,5,100,42.71
2025-12-05,ПРО-023,Продукты,14,86,42.71
2025-12-06,ПРО-023,Продукты,17,69,42.71
2025-12-07,ПРО-023,Продукты,4,65,42.71
2025-12-08,ПРО-023,Продукты,7,117,42.71
2025-12-09,ПРО-023,Продукты,3,114,42.71
2025-12-10,ПРО-023,Продукты,8,106,42.71
2025-12-11,ПРО-023,Продукты,8,98,42.71
2025-12-12,ПРО-023,Продукты,6,92,42.71
2025-12-13,ПРО-023,Продукты,13,79,42.71
2025-12-14,ПРО-023,Продукты,17,62,42.71
2025-12-15,ПРО-023,Продукты,12,112,42.71
2025-12-16,ПРО-023,Продукты,6,106,42.71
2025-12-17,ПРО-023,Продукты,3,103,42.71
2025-12-18,ПРО-023,Продукты,2,101,42.71
2025-12-19,ПРО-023,Продукты,6,95,42.71
2025-12-20,ПРО-023,Продукты,4,91,42.71
2025-12-21,ПРО-023,Продукты,1,90,42.71
2025-12-22,ПРО-023,Продукты,11,113,42.71
2025-12-23,ПРО-023,Продукты,4,109,42.71
2025-12-24,ПРО-023,Продукты,12,97,42.71
2025-12-25,ПРО-023,Продукты,2,95,42.71
2025-12-26,ПРО-023,Продукты,4,91,42.71
2025-12-27,ПРО-023,Продукты,12,79,42.71
2025-12-28,ПРО-023,Продукты,13,66,42.71
2025-12-29,ПРО-023,Продукты,4,120,42.71
2025-12-30,ПРО-023,Продукты,18,102,42.71
2025-12-31,ПРО-023,Продукты,6,96,42.71
2026-01-01,ПРО-023,Продукты,6,90,42.71
2026-01-02,ПРО-023,Продукты,11,79,42.71
2026-01-03,ПРО-023,Продукты,4,75,42.71
2026-01-04,ПРО-023,Продукты,10,65,42.71
2026-01-05,ПРО-023,Продукты,7,117,42.71
2026-01-06,ПРО-023,Продукты,8,109,42.71
2026-01-07,ПРО-023,Продукты,15,94,42.71
2026-01-08,ПРО-023,Продукты,9,85,42.71
2026-01-09,ПРО-023,Продукты,3,82,42.71
2026-01-10,ПРО-023,Продукты,10,72,42.71
2026-01-11,ПРО-023,Продукты,17,55,42.71
2026-01-12,ПРО-023,Продукты,4,120,42.71
2026-01-13,ПРО-023,Продукты,4,116,42.71
2026-01-14,ПРО-023,Продукты,4,112,42.71
2026-01-15,ПРО-023,Продукты,2,110,42.71
2026-01-16,ПРО-023,Продукты,1,109,42.71
2026-01-17,ПРО-023,Продукты,5,104,42.71
2026-01-18,ПРО-023,Продукты,7,97,42.71
2026-01-19,ПРО-023,Продукты,8,116,42.71
2026-01-20,ПРО-023,Продукты,5,111,42.71
2026-01-21,ПРО-023,Продукты,12,99,42.71
2026-01-22,ПРО-023,Продукты,4,95,42.71
2026-01-23,ПРО-023,Продукты,4,91,42.71
2026-01-24,ПРО-023,Продукты,2,89,42.71
2026-01-25,ПРО-023,Продукты,1,88,42.71
2026-01-26,ПРО-023,Продукты,3,121,42.71
2026-01-27,ПРО-023,Продукты,8,113,42.71
2026-01-28,ПРО-023,Продукты,6,107,42.71
2026-01-29,ПРО-023,Продукты,8,99,42.71
2026-01-30,ПРО-023,Продукты,7,92,42.71
2026-01-31,ПРО-023,Продукты,11,81,42.71
2026-02-01,ПРО-023,Продукты,3,78,42.71
2026-02-02,ПРО-023,Продукты,3,121,42.71
2026-02-03,ПРО-023,Продукты,17,104,42.71
2026-02-04,ПРО-023,Продукты,7,97,42.71
2026-02-05,ПРО-023,Продукты,6,91,42.71
2026-02-06,ПРО-023,Продукты,5,86,42.71
2026-02-07,ПРО-023,Продукты,10,76,42.71
2026-02-08,ПРО-023,Продукты,4,72,42.71
2026-02-09,ПРО-023,Продукты,8,116,42.71
2026-02-10,ПРО-023,Продукты,6,110,42.71
2026-02-11,ПРО-023,Продукты,10,100,42.71
2026-02-12,ПРО-023,Продукты,4,96,42.71
2026-02-13,ПРО-023,Продукты,12,84,42.71
2026-02-14,ПРО-023,Продукты,9,75,42.71
2026-02-15,ПРО-023,Продукты,10,65,42.71
2026-02-16,ПРО-023,Продукты,6,118,42.71
2026-02-17,ПРО-023,Продукты,3,115,42.71
2026-02-18,ПРО-023,Продукты,8,107,42.71
2026-02-19,ПРО-023,Продукты,10,97,42.71
2026-02-20,ПРО-023,Продукты,6,91,42.71
2026-02-21,ПРО-023,Продукты,13,78,42.71
2026-02-22,ПРО-023,Продукты,6,72,42.71
2026-02-23,ПРО-023,Продукты,5,119,42.71
2026-02-24,ПРО-023,Продукты,6,113,42.71
2026-02-25,ПРО-023,Продукты,7,106,42.71
2026-02-26,ПРО-023,Продукты,4,102,42.71
2026-02-27,ПРО-023,Продукты,14,88,42.71
2026-02-28,ПРО-023,Продукты,4,84,42.71
2026-03-01,ПРО-023,Продукты,15,69,42.71
2026-03-02,ПРО-023,Продукты,10,114,42.71
2026-03-03,ПРО-023,Продукты,9,105,42.71
2026-03-04,ПРО-023,Продукты,4,101,42.71
2026-03-05,ПРО-023,Продукты,5,96,42.71
2026-03-06,ПРО-023,Продукты,16,80,42.71
2026-03-07,ПРО-023,Продукты,8,72,42.71
2026-03-08,ПРО-023,Продукты,7,65,42.71
2026-03-09,ПРО-023,Продукты,4,120,42.71
2026-03-10,ПРО-023,Продукты,6,114,42.71
2026-03-11,ПРО-023,Продукты,11,103,42.71
2026-03-12,ПРО-023,Продукты,3,100,42.71
2026-03-13,ПРО-023,Продукты,9,91,42.71
2026-03-14,ПРО-023,Продукты,13,78,42.71
2026-03-15,ПРО-023,Продукты,5,73,42.71
2026-03-16,ПРО-023,Продукты,8,116,42.71
2026-03-17,ПРО-023,Продукты,6,110,42.71
2026-03-18,ПРО-023,Продукты,4,106,42.71
2026-03-19,ПРО-023,Продукты,14,92,42.71
2026-03-20,ПРО-023,Продукты,13,79,42.71
2026-03-21,ПРО-023,Продукты,15,64,42.71
2026-03-22,ПРО-023,Продукты,7,57,42.71
2026-03-23,ПРО-023,Продукты,6,118,42.71
2026-03-24,ПРО-023,Продукты,7,111,42.71
2026-03-25,ПРО-023,Продукты,7,104,42.71
2026-03-26,ПРО-023,Продукты,5,99,42.71
2026-03-27,ПРО-023,Продукты,3,96,42.71
2026-03-28,ПРО-023,Продукты,11,85,42.71
2026-03-29,ПРО-023,Продукты,9,76,42.71
2026-03-30,ПРО-023,Продукты,2,122,42.71
2026-03-31,ПРО-023,Продукты,6,116,42.71
2026-04-01,ПРО-023,Продукты,2,114,42.71
2026-04-02,ПРО-023,Продукты,8,106,42.71
2026-04-03,ПРО-023,Продукты,6,100,42.71
2026-04-04,ПРО-023,Продукты,7,93,42.71
2026-04-05,ПРО-023,Продукты,18,75,42.71
2026-04-06,ПРО-023,Продукты,20,104,42.71
2026-04-07,ПРО-023,Продукты,3,101,42.71
2026-04-08,ПРО-023,Продукты,17,84,42.71
2026-04-09,ПРО-023,Продукты,3,81,42.71
2026-04-10,ПРО-023,Продукты,9,72,42.71
2026-04-11,ПРО-023,Продукты,14,58,42.71
2026-04-12,ПРО-023,Продукты,7,51,42.71
2026-04-13,ПРО-023,Продукты,3,121,42.71
2026-04-14,ПРО-023,Продукты,6,115,42.71
2026-04-15,ПРО-023,Продукты,8,107,42.71
2026-04-16,ПРО-023,Продукты,9,98,42.71
2026-04-17,ПРО-023,Продукты,4,94,42.71
2026-04-18,ПРО-023,Продукты,1,93,42.71
2026-04-19,ПРО-023,Продукты,10,83,42.71
2026-04-20,ПРО-023,Продукты,6,118,42.71
2026-04-21,ПРО-023,Продукты,10,108,42.71
2026-04-22,ПРО-023,Продукты,6,102,42.71
2026-04-23,ПРО-023,Продукты,3,99,42.71
2026-04-24,ПРО-023,Продукты,4,95,42.71
2026-04-25,ПРО-023,Продукты,6,89,42.71
2026-04-26,ПРО-023,Продукты,12,77,42.71
2026-04-27,ПРО-023,Продукты,4,120,42.71
2026-04-28,ПРО-023,Продукты,3,117,42.71
2026-04-29,ПРО-023,Продукты,5,112,42.71
2026-04-30,ПРО-023,Продукты,9,103,42.71
2026-05-01,ПРО-023,Продукты,21,82,42.71
2026-05-02,ПРО-023,Продукты,9,73,42.71
2026-05-03,ПРО-023,Продукты,11,62,42.71
2026-05-04,ПРО-023,Продукты,22,102,42.71
2026-05-05,ПРО-023,Продукты,10,92,42.71
2026-05-06,ПРО-023,Продукты,6,86,42.71
2026-05-07,ПРО-023,Продукты,4,82,42.71
2026-05-08,ПРО-023,Продукты,9,73,42.71
2026-05-09,ПРО-023,Продукты,4,69,42.71
2026-05-10,ПРО-023,Продукты,6,63,42.71
2026-05-11,ПРО-023,Продукты,2,122,42.71
2026-05-12,ПРО-023,Продукты,7,115,42.71
2026-05-13,ПРО-023,Продукты,8,107,42.71
2026-05-14,ПРО-023,Продукты,8,99,42.71
2026-05-15,ПРО-023,Продукты,4,95,42.71
2026-05-16,ПРО-023,Продукты,12,83,42.71
2026-05-17,ПРО-023,Продукты,19,64,42.71
2026-05-18,ПРО-023,Продукты,7,117,42.71
2026-05-19,ПРО-023,Продукты,10,107,42.71
2026-05-20,ПРО-023,Продукты,18,89,42.71
2026-05-21,ПРО-023,Продукты,6,83,42.71
2026-05-22,ПРО-023,Продукты,4,79,42.71
2026-05-23,ПРО-023,Продукты,7,72,42.71
2026-05-24,ПРО-023,Продукты,5,67,42.71
2026-05-25,ПРО-023,Продукты,6,118,42.71
2026-05-26,ПРО-023,Продукты,8,110,42.71
2026-05-27,ПРО-023,Продукты,12,98,42.71
2026-05-28,ПРО-023,Продукты,10,88,42.71
2026-05-29,ПРО-023,Продукты,3,85,42.71
2026-05-30,ПРО-023,Продукты,6,79,42.71
2026-05-31,ПРО-023,Продукты,5,74,42.71
2026-06-01,ПРО-023,Продукты,11,113,42.71
2026-06-02,ПРО-023,Продукты,7,106,42.71
2026-06-03,ПРО-023,Продукты,13,93,42.71
2026-06-04,ПРО-023,Продукты,10,83,42.71
2026-06-05,ПРО-023,Продукты,6,77,42.71
2026-06-06,ПРО-023,Продукты,11,66,42.71
2026-06-07,ПРО-023,Продукты,8,58,42.71
2026-06-08,ПРО-023,Продукты,12,112,42.71
2026-06-09,ПРО-023,Продукты,3,109,42.71
2026-06-10,ПРО-023,Продукты,7,102,42.71
2026-06-11,ПРО-023,Продукты,7,95,42.71
2026-06-12,ПРО-023,Продукты,8,87,42.71
2026-06-13,ПРО-023,Продукты,13,74,42.71
2026-06-14,ПРО-023,Продукты,7,67,42.71
2026-06-15,ПРО-023,Продукты,8,116,42.71
2026-06-16,ПРО-023,Продукты,11,105,42.71
2026-06-17,ПРО-023,Продукты,8,97,42.71
2026-06-18,ПРО-023,Продукты,16,81,42.71
2026-06-19,ПРО-023,Продукты,7,74,42.71
2026-06-20,ПРО-023,Продукты,5,69,42.71
2026-06-21,ПРО-023,Продукты,12,57,42.71
2026-06-22,ПРО-023,Продукты,10,114,42.71
2026-06-23,ПРО-023,Продукты,17,97,42.71
2026-06-24,ПРО-023,Продукты,5,92,42.71
2026-06-25,ПРО-023,Продукты,3,89,42.71
2026-06-26,ПРО-023,Продукты,12,77,42.71
2026-06-27,ПРО-023,Продукты,11,66,42.71
2026-06-28,ПРО-023,Продукты,14,52,42.71
2026-06-29,ПРО-023,Продукты,13,111,42.71
2026-06-30,ПРО-023,Продукты,6,105,42.71
2026-07-01,ПРО-023,Продукты,4,101,42.71
2026-07-02,ПРО-023,Продукты,4,97,42.71
2026-07-03,ПРО-023,Продукты,6,91,42.71
2026-07-04,ПРО-023,Продукты,29,62,42.71
2026-07-05,ПРО-023,Продукты,1,61,42.71
2026-07-06,ПРО-023,Продукты,3,121,42.71
2026-07-07,ПРО-023,Продукты,10,111,42.71
2026-07-08,ПРО-023,Продукты,9,102,42.71
2026-07-09,ПРО-023,Продукты,6,96,42.71
2026-07-10,ПРО-023,Продукты,9,87,42.71
2026-07-11,ПРО-023,Продукты,22,65,42.71
2026-07-12,ПРО-023,Продукты,6,59,42.71
2026-07-13,ПРО-023,Продукты,2,122,42.71
2026-07-14,ПРО-023,Продукты,6,116,42.71
2026-07-15,ПРО-023,Продукты,3,113,42.71
2026-07-16,ПРО-023,Продукты,5,108,42.71
2026-07-17,ПРО-023,Продукты,8,100,42.71
2026-07-18,ПРО-023,Продукты,18,82,42.71
2026-07-19,ПРО-023,Продукты,7,75,42.71
2026-07-20,ПРО-023,Продукты,6,118,42.71
2026-07-21,ПРО-023,Продукты,14,104,42.71
2026-07-22,ПРО-023,Продукты,15,89,42.71
2026-07-23,ПРО-023,Продукты,6,83,42.71
2026-07-24,ПРО-023,Продукты,11,72,42.71
2026-07-25,ПРО-023,Продукты,5,67,42.71
2026-07-26,ПРО-023,Продукты,22,45,42.71
2026-07-27,ПРО-023,Продукты,10,114,42.71
2026-07-28,ПРО-023,Продукты,10,104,42.71
2026-07-29,ПРО-023,Продукты,6,98,42.71
2026-07-30,ПРО-023,Продукты,10,88,42.71
2026-07-31,ПРО-023,Продукты,10,78,42.71
2026-08-01,ПРО-023,Продукты,17,61,42.71
2026-08-02,ПРО-023,Продукты,11,50,42.71
2026-08-03,ПРО-023,Продукты,8,116,42.71
2026-08-04,ПРО-023,Продукты,14,102,42.71
2026-08-05,ПРО-023,Продукты,18,84,42.71
2026-08-06,ПРО-023,Продукты,4,80,42.71
2026-08-07,ПРО-023,Продукты,11,69,42.71
2026-08-08,ПРО-023,Продукты,4,65,42.71
2026-08-09,ПРО-023,Продукты,7,58,42.71
2026-08-10,ПРО-023,Продукты,1,123,42.71
2026-08-11,ПРО-023,Продукты,6,117,42.71
2026-08-12,ПРО-023,Продукты,9,108,42.71
2026-08-13,ПРО-023,Продукты,8,100,42.71
2026-08-14,ПРО-023,Продукты,10,90,42.71
2026-08-15,ПРО-023,Продукты,10,80,42.71
2026-08-16,ПРО-023,Продукты,11,69,42.71
2026-08-17,ПРО-023,Продукты,6,118,42.71
2026-08-18,ПРО-023,Продукты,16,102,42.71
2026-08-19,ПРО-023,Продукты,3,99,42.71
2026-08-20,ПРО-023,Продукты,10,89,42.71
2026-08-21,ПРО-023,Продукты,8,81,42.71
2026-08-22,ПРО-023,Продукты,10,71,42.71
2026-08-23,ПРО-023,Продукты,7,64,42.71
2026-08-24,ПРО-023,Продукты,10,114,42.71
2026-08-25,ПРО-023,Продукты,15,99,42.71
2026-08-26,ПРО-023,Продукты,4,95,42.71
2026-08-27,ПРО-023,Продукты,6,89,42.71
2026-08-28,ПРО-023,Продукты,2,87,42.71
2026-08-29,ПРО-023,Продукты,20,67,42.71
2026-08-30,ПРО-023,Продукты,7,60,42.71
2026-08-31,ПРО-023,Продукты,7,117,42.71
2026-09-01,ПРО-023,Продукты,8,109,42.71
2026-09-02,ПРО-023,Продукты,4,105,42.71
2026-09-03,ПРО-023,Продукты,4,101,42.71
2026-09-04,ПРО-023,Продукты,8,93,42.71
2026-09-05,ПРО-023,Продукты,20,73,42.71
2026-09-06,ПРО-023,Продукты,13,60,42.71
2026-09-07,ПРО-023,Продукты,7,117,42.71
2026-09-08,ПРО-023,Продукты,6,111,42.71
2026-09-09,ПРО-023,Продукты,8,103,42.71
2026-09-10,ПРО-023,Продукты,16,87,42.71
2026-09-11,ПРО-023,Продукты,9,78,42.71
2026-09-12,ПРО-023,Продукты,4,74,42.71
2026-09-13,ПРО-023,Продукты,13,61,42.71
2026-09-14,ПРО-023,Продукты,4,120,42.71
2026-09-15,ПРО-023,Продукты,10,110,42.71
2026-09-16,ПРО-023,Продукты,9,101,42.71
2026-09-17,ПРО-023,Продукты,4,97,42.71
2026-09-18,ПРО-023,Продукты,10,87,42.71
2026-09-19,ПРО-023,Продукты,7,80,42.71
2026-09-20,ПРО-023,Продукты,8,72,42.71
2026-09-21,ПРО-023,Продукты,8,116,42.71
2026-09-22,ПРО-023,Продукты,2,114,42.71
2026-09-23,ПРО-023,Продукты,4,110,42.71
2026-09-24,ПРО-023,Продукты,7,103,42.71
2026-09-25,ПРО-023,Продукты,4,99,42.71
2026-09-26,ПРО-023,Продукты,7,92,42.71
2026-09-27,ПРО-023,Продукты,16,76,42.71
2026-09-28,ПРО-023,Продукты,6,118,42.71
2026-09-29,ПРО-023,Продукты,3,115,42.71
2026-09-30,ПРО-023,Продукты,5,110,42.71
2025-06-01,ПРО-024,Продукты,21,168,42.78
2025-06-02,ПРО-024,Продукты,18,224,42.78
2025-06-03,ПРО-024,Продукты,13,211,42.78
2025-06-04,ПРО-024,Продукты,7,204,42.78
2025-06-05,ПРО-024,Продукты,2,202,42.78
2025-06-06,ПРО-024,Продукты,21,181,42.78
2025-06-07,ПРО-024,Продукты,32,149,42.78
2025-06-08,ПРО-024,Продукты,11,138,42.78
2025-06-09,ПРО-024,Продукты,9,233,42.78
2025-06-10,ПРО-024,Продукты,13,220,42.78
2025-06-11,ПРО-024,Продукты,25,195,42.78
2025-06-12,ПРО-024,Продукты,15,180,42.78
2025-06-13,ПРО-024,Продукты,13,167,42.78
2025-06-14,ПРО-024,Продукты,14,153,42.78
2025-06-15,ПРО-024,Продукты,29,124,42.78
2025-06-16,ПРО-024,Продукты,15,227,42.78
2025-06-17,ПРО-024,Продукты,9,218,42.78
2025-06-18,ПРО-024,Продукты,16,202,42.78
2025-06-19,ПРО-024,Продукты,5,197,42.78
2025-06-20,ПРО-024,Продукты,30,167,42.78
2025-06-21,ПРО-024,Продукты,6,161,42.78
2025-06-22,ПРО-024,Продукты,28,133,42.78
2025-06-23,ПРО-024,Продукты,14,228,42.78
2025-06-24,ПРО-024,Продукты,27,201,42.78
2025-06-25,ПРО-024,Продукты,10,191,42.78
2025-06-26,ПРО-024,Продукты,11,180,42.78
2025-06-27,ПРО-024,Продукты,20,160,42.78
2025-06-28,ПРО-024,Продукты,19,141,42.78
2025-06-29,ПРО-024,Продукты,26,115,42.78
2025-06-30,ПРО-024,Продукты,19,223,42.78
2025-07-01,ПРО-024,Продукты,15,208,42.78
2025-07-02,ПРО-024,Продукты,3,205,42.78
2025-07-03,ПРО-024,Продукты,15,190,42.78
2025-07-04,ПРО-024,Продукты,8,182,42.78
2025-07-05,ПРО-024,Продукты,34,148,42.78
2025-07-06,ПРО-024,Продукты,6,142,42.78
2025-07-07,ПРО-024,Продукты,15,227,42.78
2025-07-08,ПРО-024,Продукты,16,211,42.78
2025-07-09,ПРО-024,Продукты,8,203,42.78
2025-07-10,ПРО-024,Продукты,11,192,42.78
2025-07-11,ПРО-024,Продукты,20,172,42.78
2025-07-12,ПРО-024,Продукты,15,157,42.78
2025-07-13,ПРО-024,Продукты,19,138,42.78
2025-07-14,ПРО-024,Продукты,2,240,42.78
2025-07-15,ПРО-024,Продукты,8,232,42.78
2025-07-16,ПРО-024,Продукты,11,221,42.78
2025-07-17,ПРО-024,Продукты,9,212,42.78
2025-07-18,ПРО-024,Продукты,5,207,42.78
2025-07-19,ПРО-024,Продукты,14,193,42.78
2025-07-20,ПРО-024,Продукты,20,173,42.78
2025-07-21,ПРО-024,Продукты,11,231,42.78
2025-07-22,ПРО-024,Продукты,15,216,42.78
2025-07-23,ПРО-024,Продукты,12,204,42.78
2025-07-24,ПРО-024,Продукты,12,192,42.78
2025-07-25,ПРО-024,Продукты,15,177,42.78
2025-07-26,ПРО-024,Продукты,12,165,42.78
2025-07-27,ПРО-024,Продукты,15,150,42.78
2025-07-28,ПРО-024,Продукты,4,238,42.78
2025-07-29,ПРО-024,Продукты,19,219,42.78
2025-07-30,ПРО-024,Продукты,22,197,42.78
2025-07-31,ПРО-024,Продукты,20,177,42.78
2025-08-01,ПРО-024,Продукты,21,156,42.78
2025-08-02,ПРО-024,Продукты,20,136,42.78
2025-08-03,ПРО-024,Продукты,29,107,42.78
2025-08-04,ПРО-024,Продукты,9,233,42.78
2025-08-05,ПРО-024,Продукты,31,202,42.78
2025-08-06,ПРО-024,Продукты,10,192,42.78
2025-08-07,ПРО-024,Продукты,6,186,42.78
2025-08-08,ПРО-024,Продукты,6,180,42.78
2025-08-09,ПРО-024,Продукты,6,174,42.78
2025-08-10,ПРО-024,Продукты,15,159,42.78
2025-08-11,ПРО-024,Продукты,6,236,42.78
2025-08-12,ПРО-024,Продукты,13,223,42.78
2025-08-13,ПРО-024,Продукты,3,220,42.78
2025-08-14,ПРО-024,Продукты,7,213,42.78
2025-08-15,ПРО-024,Продукты,24,189,42.78
2025-08-16,ПРО-024,Продукты,12,177,42.78
2025-08-17,ПРО-024,Продукты,45,132,42.78
2025-08-18,ПРО-024,Продукты,9,233,42.78
2025-08-19,ПРО-024,Продукты,9,224,42.78
2025-08-20,ПРО-024,Продукты,6,218,42.78
2025-08-21,ПРО-024,Продукты,15,203,42.78
2025-08-22,ПРО-024,Продукты,9,194,42.78
2025-08-23,ПРО-024,Продукты,15,179,42.78
2025-08-24,ПРО-024,Продукты,28,151,42.78
2025-08-25,ПРО-024,Продукты,13,229,42.78
2025-08-26,ПРО-024,Продукты,33,196,42.78
2025-08-27,ПРО-024,Продукты,7,189,42.78
2025-08-28,ПРО-024,Продукты,14,175,42.78
2025-08-29,ПРО-024,Продукты,6,169,42.78
2025-08-30,ПРО-024,Продукты,14,155,42.78
2025-08-31,ПРО-024,Продукты,12,143,42.78
2025-09-01,ПРО-024,Продукты,6,236,42.78
2025-09-02,ПРО-024,Продукты,19,217,42.78
2025-09-03,ПРО-024,Продукты,3,214,42.78
2025-09-04,ПРО-024,Продукты,17,197,42.78
2025-09-05,ПРО-024,Продукты,13,184,42.78
2025-09-06,ПРО-024,Продукты,13,171,42.78
2025-09-07,ПРО-024,Продукты,34,137,42.78
2025-09-08,ПРО-024,Продукты,32,210,42.78
2025-09-09,ПРО-024,Продукты,16,194,42.78
2025-09-10,ПРО-024,Продукты,11,183,42.78
2025-09-11,ПРО-024,Продукты,9,174,42.78
2025-09-12,ПРО-024,Продукты,12,162,42.78
2025-09-13,ПРО-024,Продукты,8,154,42.78
2025-09-14,ПРО-024,Продукты,18,136,42.78
2025-09-15,ПРО-024,Продукты,10,232,42.78
2025-09-16,ПРО-024,Продукты,6,226,42.78
2025-09-17,ПРО-024,Продукты,12,214,42.78
2025-09-18,ПРО-024,Продукты,13,201,42.78
2025-09-19,ПРО-024,Продукты,7,194,42.78
2025-09-20,ПРО-024,Продукты,10,184,42.78
2025-09-21,ПРО-024,Продукты,2,182,42.78
2025-09-22,ПРО-024,Продукты,7,235,42.78
2025-09-23,ПРО-024,Продукты,24,211,42.78
2025-09-24,ПРО-024,Продукты,14,197,42.78
2025-09-25,ПРО-024,Продукты,11,186,42.78
2025-09-26,ПРО-024,Продукты,6,180,42.78
2025-09-27,ПРО-024,Продукты,32,148,42.78
2025-09-28,ПРО-024,Продукты,22,126,42.78
2025-09-29,ПРО-024,Продукты,11,231,42.78
2025-09-30,ПРО-024,Продукты,15,216,42.78
2025-10-01,ПРО-024,Продукты,17,199,42.78
2025-10-02,ПРО-024,Продукты,0,199,42.78
2025-10-03,ПРО-024,Продукты,22,177,42.78
2025-10-04,ПРО-024,Продукты,38,139,42.78
2025-10-05,ПРО-024,Продукты,12,127,42.78
2025-10-06,ПРО-024,Продукты,4,238,42.78
2025-10-07,ПРО-024,Продукты,8,230,42.78
2025-10-08,ПРО-024,Продукты,11,219,42.78
2025-10-09,ПРО-024,Продукты,9,210,42.78
2025-10-10,ПРО-024,Продукты,8,202,42.78
2025-10-11,ПРО-024,Продукты,10,192,42.78
2025-10-12,ПРО-024,Продукты,5,187,42.78
2025-10-13,ПРО-024,Продукты,8,234,42.78
2025-10-14,ПРО-024,Продукты,20,214,42.78
2025-10-15,ПРО-024,Продукты,8,206,42.78
2025-10-16,ПРО-024,Продукты,9,197,42.78
2025-10-17,ПРО-024,Продукты,13,184,42.78
2025-10-18,ПРО-024,Продукты,14,170,42.78
2025-10-19,ПРО-024,Продукты,15,155,42.78
2025-10-20,ПРО-024,Продукты,14,228,42.78
2025-10-21,ПРО-024,Продукты,10,218,42.78
2025-10-22,ПРО-024,Продукты,7,211,42.78
2025-10-23,ПРО-024,Продукты,22,189,42.78
2025-10-24,ПРО-024,Продукты,19,170,42.78
2025-10-25,ПРО-024,Продукты,11,159,42.78
2025-10-26,ПРО-024,Продукты,15,144,42.78
2025-10-27,ПРО-024,Продукты,20,222,42.78
2025-10-28,ПРО-024,Продукты,10,212,42.78
2025-10-29,ПРО-024,Продукты,13,199,42.78
2025-10-30,ПРО-024,Продукты,10,189,42.78
2025-10-31,ПРО-024,Продукты,8,181,42.78
2025-11-01,ПРО-024,Продукты,14,167,42.78
2025-11-02,ПРО-024,Продукты,2,165,42.78
2025-11-03,ПРО-024,Продукты,22,220,42.78
2025-11-04,ПРО-024,Продукты,16,204,42.78
2025-11-05,ПРО-024,Продукты,1,203,42.78
2025-11-06,ПРО-024,Продукты,12,191,42.78
2025-11-07,ПРО-024,Продукты,21,170,42.78
2025-11-08,ПРО-024,Продукты,8,162,42.78
2025-11-09,ПРО-024,Продукты,11,151,42.78
2025-11-10,ПРО-024,Продукты,12,230,42.78
2025-11-11,ПРО-024,Продукты,12,218,42.78
2025-11-12,ПРО-024,Продукты,8,210,42.78
2025-11-13,ПРО-024,Продукты,10,200,42.78
2025-11-14,ПРО-024,Продукты,37,163,42.78
2025-11-15,ПРО-024,Продукты,21,142,42.78
2025-11-16,ПРО-024,Продукты,9,133,42.78
2025-11-17,ПРО-024,Продукты,23,219,42.78
2025-11-18,ПРО-024,Продукты,32,187,42.78
2025-11-19,ПРО-024,Продукты,18,169,42.78
2025-11-20,ПРО-024,Продукты,19,150,42.78
2025-11-21,ПРО-024,Продукты,11,139,42.78
2025-11-22,ПРО-024,Продукты,8,131,42.78
2025-11-23,ПРО-024,Продукты,20,111,42.78
2025-11-24,ПРО-024,Продукты,15,227,42.78
2025-11-25,ПРО-024,Продукты,4,223,42.78
2025-11-26,ПРО-024,Продукты,6,217,42.78
2025-11-27,ПРО-024,Продукты,11,206,42.78
2025-11-28,ПРО-024,Продукты,12,194,42.78
2025-11-29,ПРО-024,Продукты,31,163,42.78
2025-11-30,ПРО-024,Продукты,16,147,42.78
2025-12-01,ПРО-024,Продукты,8,234,42.78
2025-12-02,ПРО-024,Продукты,16,218,42.78
2025-12-03,ПРО-024,Продукты,8,210,42.78
2025-12-04,ПРО-024,Продукты,12,198,42.78
2025-12-05,ПРО-024,Продукты,16,182,42.78
2025-12-06,ПРО-024,Продукты,19,163,42.78
2025-12-07,ПРО-024,Продукты,15,148,42.78
2025-12-08,ПРО-024,Продукты,4,238,42.78
2025-12-09,ПРО-024,Продукты,5,233,42.78
2025-12-10,ПРО-024,Продукты,5,228,42.78
2025-12-11,ПРО-024,Продукты,15,213,42.78
2025-12-12,ПРО-024,Продукты,14,199,42.78
2025-12-13,ПРО-024,Продукты,21,178,42.78
2025-12-14,ПРО-024,Продукты,7,171,42.78
2025-12-15,ПРО-024,Продукты,9,233,42.78
2025-12-16,ПРО-024,Продукты,3,230,42.78
2025-12-17,ПРО-024,Продукты,18,212,42.78
2025-12-18,ПРО-024,Продукты,7,205,42.78
2025-12-19,ПРО-024,Продукты,13,192,42.78
2025-12-20,ПРО-024,Продукты,22,170,42.78
2025-12-21,ПРО-024,Продукты,29,141,42.78
2025-12-22,ПРО-024,Продукты,10,232,42.78
2025-12-23,ПРО-024,Продукты,7,225,42.78
2025-12-24,ПРО-024,Продукты,5,220,42.78
2025-12-25,ПРО-024,Продукты,11,209,42.78
2025-12-26,ПРО-024,Продукты,15,194,42.78
2025-12-27,ПРО-024,Продукты,24,170,42.78
2025-12-28,ПРО-024,Продукты,1,169,42.78
2025-12-29,ПРО-024,Продукты,16,226,42.78
2025-12-30,ПРО-024,Продукты,23,203,42.78
2025-12-31,ПРО-024,Продукты,5,198,42.78
2026-01-01,ПРО-024,Продукты,17,181,42.78
2026-01-02,ПРО-024,Продукты,14,167,42.78
2026-01-03,ПРО-024,Продукты,28,139,42.78
2026-01-04,ПРО-024,Продукты,11,128,42.78
2026-01-05,ПРО-024,Продукты,26,216,42.78
2026-01-06,ПРО-024,Продукты,10,206,42.78
2026-01-07,ПРО-024,Продукты,33,173,42.78
2026-01-08,ПРО-024,Продукты,14,159,42.78
2026-01-09,ПРО-024,Продукты,12,147,42.78
2026-01-10,ПРО-024,Продукты,35,112,42.78
2026-01-11,ПРО-024,Продукты,5,107,42.78
2026-01-12,ПРО-024,Продукты,19,223,42.78
2026-01-13,ПРО-024,Продукты,5,218,42.78
2026-01-14,ПРО-024,Продукты,23,195,42.78
2026-01-15,ПРО-024,Продукты,9,186,42.78
2026-01-16,ПРО-024,Продукты,8,178,42.78
2026-01-17,ПРО-024,Продукты,25,153,42.78
2026-01-18,ПРО-024,Продукты,10,143,42.78
2026-01-19,ПРО-024,Продукты,26,216,42.78
2026-01-20,ПРО-024,Продукты,5,211,42.78
2026-01-21,ПРО-024,Продукты,15,196,42.78
2026-01-22,ПРО-024,Продукты,10,186,42.78
2026-01-23,ПРО-024,Продукты,15,171,42.78
2026-01-24,ПРО-024,Продукты,14,157,42.78
2026-01-25,ПРО-024,Продукты,12,145,42.78
2026-01-26,ПРО-024,Продукты,14,228,42.78
2026-01-27,ПРО-024,Продукты,9,219,42.78
2026-01-28,ПРО-024,Продукты,16,203,42.78
2026-01-29,ПРО-024,Продукты,11,192,42.78
2026-01-30,ПРО-024,Продукты,23,169,42.78
2026-01-31,ПРО-024,Продукты,4,165,42.78
2026-02-01,ПРО-024,Продукты,19,146,42.78
2026-02-02,ПРО-024,Продукты,5,237,42.78
2026-02-03,ПРО-024,Продукты,11,226,42.78
2026-02-04,ПРО-024,Продукты,3,223,42.78
2026-02-05,ПРО-024,Продукты,2,221,42.78
2026-02-06,ПРО-024,Продукты,21,200,42.78
2026-02-07,ПРО-024,Продукты,14,186,42.78
2026-02-08,ПРО-024,Продукты,12,174,42.78
2026-02-09,ПРО-024,Продукты,19,223,42.78
2026-02-10,ПРО-024,Продукты,10,213,42.78
2026-02-11,ПРО-024,Продукты,28,185,42.78
2026-02-12,ПРО-024,Продукты,1,184,42.78
2026-02-13,ПРО-024,Продукты,14,170,42.78
2026-02-14,ПРО-024,Продукты,10,160,42.78
2026-02-15,ПРО-024,Продукты,21,139,42.78
2026-02-16,ПРО-024,Продукты,8,234,42.78
2026-02-17,ПРО-024,Продукты,21,213,42.78
2026-02-18,ПРО-024,Продукты,6,207,42.78
2026-02-19,ПРО-024,Продукты,11,196,42.78
2026-02-20,ПРО-024,Продукты,5,191,42.78
2026-02-21,ПРО-024,Продукты,17,174,42.78
2026-02-22,ПРО-024,Продукты,11,163,42.78
2026-02-23,ПРО-024,Продукты,16,226,42.78
2026-02-24,ПРО-024,Продукты,16,210,42.78
2026-02-25,ПРО-024,Продукты,9,201,42.78
2026-02-26,ПРО-024,Продукты,6,195,42.78
2026-02-27,ПРО-024,Продукты,17,178,42.78
2026-02-28,ПРО-024,Продукты,19,159,42.78
2026-03-01,ПРО-024,Продукты,20,139,42.78
2026-03-02,ПРО-024,Продукты,8,234,42.78
2026-03-03,ПРО-024,Продукты,24,210,42.78
2026-03-04,ПРО-024,Продукты,12,198,42.78
2026-03-05,ПРО-024,Продукты,9,189,42.78
2026-03-06,ПРО-024,Продукты,2,187,42.78
2026-03-07,ПРО-024,Продукты,33,154,42.78
2026-03-08,ПРО-024,Продукты,8,146,42.78
2026-03-09,ПРО-024,Продукты,9,233,42.78
2026-03-10,ПРО-024,Продукты,14,219,42.78
2026-03-11,ПРО-024,Продукты,10,209,42.78
2026-03-12,ПРО-024,Продукты,19,190,42.78
2026-03-13,ПРО-024,Продукты,36,154,42.78
2026-03-14,ПРО-024,Продукты,26,128,42.78
2026-03-15,ПРО-024,Продукты,13,115,42.78
2026-03-16,ПРО-024,Продукты,8,234,42.78
2026-03-17,ПРО-024,Продукты,10,224,42.78
2026-03-18,ПРО-024,Продукты,21,203,42.78
2026-03-19,ПРО-024,Продукты,10,193,42.78
2026-03-20,ПРО-024,Продукты,28,165,42.78
2026-03-21,ПРО-024,Продукты,11,154,42.78
2026-03-22,ПРО-024,Продукты,13,141,42.78
2026-03-23,ПРО-024,Продукты,6,236,42.78
2026-03-24,ПРО-024,Продукты,22,214,42.78
2026-03-25,ПРО-024,Продукты,20,194,42.78
2026-03-26,ПРО-024,Продукты,4,190,42.78
2026-03-27,ПРО-024,Продукты,15,175,42.78
2026-03-28,ПРО-024,Продукты,17,158,42.78
2026-03-29,ПРО-024,Продукты,15,143,42.78
2026-03-30,ПРО-024,Продукты,18,224,42.78
2026-03-31,ПРО-024,Продукты,17,207,42.78
2026-04-01,ПРО-024,Продукты,9,198,42.78
2026-04-02,ПРО-024,Продукты,26,172,42.78
2026-04-03,ПРО-024,Продукты,15,157,42.78
2026-04-04,ПРО-024,Продукты,20,137,42.78
2026-04-05,ПРО-024,Продукты,46,91,42.78
2026-04-06,ПРО-024,Продукты,11,231,42.78
2026-04-07,ПРО-024,Продукты,12,219,42.78
2026-04-08,ПРО-024,Продукты,12,207,42.78
2026-04-09,ПРО-024,Продукты,11,196,42.78
2026-04-10,ПРО-024,Продукты,23,173,42.78
2026-04-11,ПРО-024,Продукты,13,160,42.78
2026-04-12,ПРО-024,Продукты,17,143,42.78
2026-04-13,ПРО-024,Продукты,4,238,42.78
2026-04-14,ПРО-024,Продукты,7,231,42.78
2026-04-15,ПРО-024,Продукты,8,223,42.78
2026-04-16,ПРО-024,Продукты,18,205,42.78
2026-04-17,ПРО-024,Продукты,30,175,42.78
2026-04-18,ПРО-024,Продукты,36,139,42.78
2026-04-19,ПРО-024,Продукты,24,115,42.78
2026-04-20,ПРО-024,Продукты,10,232,42.78
2026-04-21,ПРО-024,Продукты,29,203,42.78
2026-04-22,ПРО-024,Продукты,4,199,42.78
2026-04-23,ПРО-024,Продукты,15,184,42.78
2026-04-24,ПРО-024,Продукты,9,175,42.78
2026-04-25,ПРО-024,Продукты,19,156,42.78
2026-04-26,ПРО-024,Продукты,15,141,42.78
2026-04-27,ПРО-024,Продукты,12,230,42.78
2026-04-28,ПРО-024,Продукты,13,217,42.78
2026-04-29,ПРО-024,Продукты,9,208,42.78
2026-04-30,ПРО-024,Продукты,11,197,42.78
2026-05-01,ПРО-024,Продукты,29,168,42.78
2026-05-02,ПРО-024,Продукты,4,164,42.78
2026-05-03,ПРО-024,Продукты,30,134,42.78
2026-05-04,ПРО-024,Продукты,6,236,42.78
2026-05-05,ПРО-024,Продукты,14,222,42.78
2026-05-06,ПРО-024,Продукты,22,200,42.78
2026-05-07,ПРО-024,Продукты,10,190,42.78
2026-05-08,ПРО-024,Продукты,11,179,42.78
2026-05-09,ПРО-024,Продукты,15,164,42.78
2026-05-10,ПРО-024,Продукты,16,148,42.78
2026-05-11,ПРО-024,Продукты,5,237,42.78
2026-05-12,ПРО-024,Продукты,11,226,42.78
2026-05-13,ПРО-024,Продукты,18,208,42.78
2026-05-14,ПРО-024,Продукты,11,197,42.78
2026-05-15,ПРО-024,Продукты,16,181,42.78
2026-05-16,ПРО-024,Продукты,23,158,42.78
2026-05-17,ПРО-024,Продукты,33,125,42.78
2026-05-18,ПРО-024,Продукты,10,232,42.78
2026-05-19,ПРО-024,Продукты,13,219,42.78
2026-05-20,ПРО-024,Продукты,24,195,42.78
2026-05-21,ПРО-024,Продукты,8,187,42.78
2026-05-22,ПРО-024,Продукты,8,179,42.78
2026-05-23,ПРО-024,Продукты,22,157,42.78
2026-05-24,ПРО-024,Продукты,21,136,42.78
2026-05-25,ПРО-024,Продукты,10,232,42.78
2026-05-26,ПРО-024,Продукты,16,216,42.78
2026-05-27,ПРО-024,Продукты,6,210,42.78
2026-05-28,ПРО-024,Продукты,14,196,42.78
2026-05-29,ПРО-024,Продукты,12,184,42.78
2026-05-30,ПРО-024,Продукты,23,161,42.78
2026-05-31,ПРО-024,Продукты,25,136,42.78
2026-06-01,ПРО-024,Продукты,13,229,42.78
2026-06-02,ПРО-024,Продукты,8,221,42.78
2026-06-03,ПРО-024,Продукты,15,206,42.78
2026-06-04,ПРО-024,Продукты,13,193,42.78
2026-06-05,ПРО-024,Продукты,21,172,42.78
2026-06-06,ПРО-024,Продукты,9,163,42.78
2026-06-07,ПРО-024,Продукты,25,138,42.78
2026-06-08,ПРО-024,Продукты,14,228,42.78
2026-06-09,ПРО-024,Продукты,28,200,42.78
2026-06-10,ПРО-024,Продукты,8,192,42.78
2026-06-11,ПРО-024,Продукты,12,180,42.78
2026-06-12,ПРО-024,Продукты,29,151,42.78
2026-06-13,ПРО-024,Продукты,22,129,42.78
2026-06-14,ПРО-024,Продукты,45,84,42.78
2026-06-15,ПРО-024,Продукты,14,228,42.78
2026-06-16,ПРО-024,Продукты,12,216,42.78
2026-06-17,ПРО-024,Продукты,16,200,42.78
2026-06-18,ПРО-024,Продукты,10,190,42.78
2026-06-19,ПРО-024,Продукты,23,167,42.78
2026-06-20,ПРО-024,Продукты,8,159,42.78
2026-06-21,ПРО-024,Продукты,15,144,42.78
2026-06-22,ПРО-024,Продукты,22,220,42.78
2026-06-23,ПРО-024,Продукты,7,213,42.78
2026-06-24,ПРО-024,Продукты,29,184,42.78
2026-06-25,ПРО-024,Продукты,19,165,42.78
2026-06-26,ПРО-024,Продукты,11,154,42.78
2026-06-27,ПРО-024,Продукты,16,138,42.78
2026-06-28,ПРО-024,Продукты,13,125,42.78
2026-06-29,ПРО-024,Продукты,20,222,42.78
2026-06-30,ПРО-024,Продукты,8,214,42.78
2026-07-01,ПРО-024,Продукты,7,207,42.78
2026-07-02,ПРО-024,Продукты,19,188,42.78
2026-07-03,ПРО-024,Продукты,11,177,42.78
2026-07-04,ПРО-024,Продукты,19,158,42.78
2026-07-05,ПРО-024,Продукты,17,141,42.78
2026-07-06,ПРО-024,Продукты,14,228,42.78
2026-07-07,ПРО-024,Продукты,21,207,42.78
2026-07-08,ПРО-024,Продукты,16,191,42.78
2026-07-09,ПРО-024,Продукты,22,169,42.78
2026-07-10,ПРО-024,Продукты,23,146,42.78
2026-07-11,ПРО-024,Продукты,21,125,42.78
2026-07-12,ПРО-024,Продукты,31,94,42.78
2026-07-13,ПРО-024,Продукты,10,232,42.78
2026-07-14,ПРО-024,Продукты,10,222,42.78
2026-07-15,ПРО-024,Продукты,24,198,42.78
2026-07-16,ПРО-024,Продукты,7,191,42.78
2026-07-17,ПРО-024,Продукты,12,179,42.78
2026-07-18,ПРО-024,Продукты,23,156,42.78
2026-07-19,ПРО-024,Продукты,19,137,42.78
2026-07-20,ПРО-024,Продукты,15,227,42.78
2026-07-21,ПРО-024,Продукты,16,211,42.78
2026-07-22,ПРО-024,Продукты,11,200,42.78
2026-07-23,ПРО-024,Продукты,3,197,42.78
2026-07-24,ПРО-024,Продукты,16,181,42.78
2026-07-25,ПРО-024,Продукты,19,162,42.78
2026-07-26,ПРО-024,Продукты,28,134,42.78
2026-07-27,ПРО-024,Продукты,28,214,42.78
2026-07-28,ПРО-024,Продукты,11,203,42.78
2026-07-29,ПРО-024,Продукты,9,194,42.78
2026-07-30,ПРО-024,Продукты,6,188,42.78
2026-07-31,ПРО-024,Продукты,9,179,42.78
2026-08-01,ПРО-024,Продукты,25,154,42.78
2026-08-02,ПРО-024,Продукты,8,146,42.78
2026-08-03,ПРО-024,Продукты,11,231,42.78
2026-08-04,ПРО-024,Продукты,13,218,42.78
2026-08-05,ПРО-024,Продукты,11,207,42.78
2026-08-06,ПРО-024,Продукты,20,187,42.78
2026-08-07,ПРО-024,Продукты,14,173,42.78
2026-08-08,ПРО-024,Продукты,13,160,42.78
2026-08-09,ПРО-024,Продукты,22,138,42.78
2026-08-10,ПРО-024,Продукты,6,236,42.78
2026-08-11,ПРО-024,Продукты,23,213,42.78
2026-08-12,ПРО-024,Продукты,27,186,42.78
2026-08-13,ПРО-024,Продукты,12,174,42.78
2026-08-14,ПРО-024,Продукты,25,149,42.78
2026-08-15,ПРО-024,Продукты,24,125,42.78
2026-08-16,ПРО-024,Продукты,16,109,42.78
2026-08-17,ПРО-024,Продукты,38,204,42.78
2026-08-18,ПРО-024,Продукты,25,179,42.78
2026-08-19,ПРО-024,Продукты,15,164,42.78
2026-08-20,ПРО-024,Продукты,21,143,42.78
2026-08-21,ПРО-024,Продукты,21,122,42.78
2026-08-22,ПРО-024,Продукты,11,111,42.78
2026-08-23,ПРО-024,Продукты,16,95,42.78
2026-08-24,ПРО-024,Продукты,10,232,42.78
2026-08-25,ПРО-024,Продукты,28,204,42.78
2026-08-26,ПРО-024,Продукты,18,186,42.78
2026-08-27,ПРО-024,Продукты,10,176,42.78
2026-08-28,ПРО-024,Продукты,31,145,42.78
2026-08-29,ПРО-024,Продукты,13,132,42.78
2026-08-30,ПРО-024,Продукты,33,99,42.78
2026-08-31,ПРО-024,Продукты,23,219,42.78
2026-09-01,ПРО-024,Продукты,10,209,42.78
2026-09-02,ПРО-024,Продукты,7,202,42.78
2026-09-03,ПРО-024,Продукты,23,179,42.78
2026-09-04,ПРО-024,Продукты,22,157,42.78
2026-09-05,ПРО-024,Продукты,26,131,42.78
2026-09-06,ПРО-024,Продукты,28,103,42.78
2026-09-07,ПРО-024,Продукты,23,219,42.78
2026-09-08,ПРО-024,Продукты,11,208,42.78
2026-09-09,ПРО-024,Продукты,33,175,42.78
2026-09-10,ПРО-024,Продукты,17,158,42.78
2026-09-11,ПРО-024,Продукты,9,149,42.78
2026-09-12,ПРО-024,Продукты,12,137,42.78
2026-09-13,ПРО-024,Продукты,12,125,42.78
2026-09-14,ПРО-024,Продукты,5,237,42.78
2026-09-15,ПРО-024,Продукты,11,226,42.78
2026-09-16,ПРО-024,Продукты,16,210,42.78
2026-09-17,ПРО-024,Продукты,10,200,42.78
2026-09-18,ПРО-024,Продукты,15,185,42.78
2026-09-19,ПРО-024,Продукты,7,178,42.78
2026-09-20,ПРО-024,Продукты,22,156,42.78
2026-09-21,ПРО-024,Продукты,6,236,42.78
2026-09-22,ПРО-024,Продукты,17,219,42.78
2026-09-23,ПРО-024,Продукты,20,199,42.78
2026-09-24,ПРО-024,Продукты,14,185,42.78
2026-09-25,ПРО-024,Продукты,43,142,42.78
2026-09-26,ПРО-024,Продукты,21,121,42.78
2026-09-27,ПРО-024,Продукты,27,94,42.78
2026-09-28,ПРО-024,Продукты,15,227,42.78
2026-09-29,ПРО-024,Продукты,24,203,42.78
2026-09-30,ПРО-024,Продукты,12,191,42.78
2025-06-01,ПРО-025,Продукты,27,132,40.82
2025-06-02,ПРО-025,Продукты,6,198,40.82
2025-06-03,ПРО-025,Продукты,19,179,40.82
2025-06-04,ПРО-025,Продукты,13,166,40.82
2025-06-05,ПРО-025,Продукты,13,153,40.82
2025-06-06,ПРО-025,Продукты,8,145,40.82
2025-06-07,ПРО-025,Продукты,18,127,40.82
2025-06-08,ПРО-025,Продукты,11,116,40.82
2025-06-09,ПРО-025,Продукты,11,193,40.82
2025-06-10,ПРО-025,Продукты,9,184,40.82
2025-06-11,ПРО-025,Продукты,12,172,40.82
2025-06-12,ПРО-025,Продукты,16,156,40.82
2025-06-13,ПРО-025,Продукты,7,149,40.82
2025-06-14,ПРО-025,Продукты,9,140,40.82
2025-06-15,ПРО-025,Продукты,15,125,40.82
2025-06-16,ПРО-025,Продукты,9,195,40.82
2025-06-17,ПРО-025,Продукты,1,194,40.82
2025-06-18,ПРО-025,Продукты,13,181,40.82
2025-06-19,ПРО-025,Продукты,7,174,40.82
2025-06-20,ПРО-025,Продукты,20,154,40.82
2025-06-21,ПРО-025,Продукты,2,152,40.82
2025-06-22,ПРО-025,Продукты,15,137,40.82
2025-06-23,ПРО-025,Продукты,14,190,40.82
2025-06-24,ПРО-025,Продукты,8,182,40.82
2025-06-25,ПРО-025,Продукты,5,177,40.82
2025-06-26,ПРО-025,Продукты,18,159,40.82
2025-06-27,ПРО-025,Продукты,7,152,40.82
2025-06-28,ПРО-025,Продукты,6,146,40.82
2025-06-29,ПРО-025,Продукты,13,133,40.82
2025-06-30,ПРО-025,Продукты,17,187,40.82
2025-07-01,ПРО-025,Продукты,6,181,40.82
2025-07-02,ПРО-025,Продукты,23,158,40.82
2025-07-03,ПРО-025,Продукты,3,155,40.82
2025-07-04,ПРО-025,Продукты,4,151,40.82
2025-07-05,ПРО-025,Продукты,32,119,40.82
2025-07-06,ПРО-025,Продукты,15,104,40.82
2025-07-07,ПРО-025,Продукты,12,192,40.82
2025-07-08,ПРО-025,Продукты,14,178,40.82
2025-07-09,ПРО-025,Продукты,16,162,40.82
2025-07-10,ПРО-025,Продукты,7,155,40.82
2025-07-11,ПРО-025,Продукты,9,146,40.82
2025-07-12,ПРО-025,Продукты,5,141,40.82
2025-07-13,ПРО-025,Продукты,9,132,40.82
2025-07-14,ПРО-025,Продукты,8,196,40.82
2025-07-15,ПРО-025,Продукты,34,162,40.82
2025-07-16,ПРО-025,Продукты,17,145,40.82
2025-07-17,ПРО-025,Продукты,7,138,40.82
2025-07-18,ПРО-025,Продукты,5,133,40.82
2025-07-19,ПРО-025,Продукты,20,113,40.82
2025-07-20,ПРО-025,Продукты,12,101,40.82
2025-07-21,ПРО-025,Продукты,6,198,40.82
2025-07-22,ПРО-025,Продукты,6,192,40.82
2025-07-23,ПРО-025,Продукты,2,190,40.82
2025-07-24,ПРО-025,Продукты,6,184,40.82
2025-07-25,ПРО-025,Продукты,15,169,40.82
2025-07-26,ПРО-025,Продукты,9,160,40.82
2025-07-27,ПРО-025,Продукты,6,154,40.82
2025-07-28,ПРО-025,Продукты,13,191,40.82
2025-07-29,ПРО-025,Продукты,12,179,40.82
2025-07-30,ПРО-025,Продукты,15,164,40.82
2025-07-31,ПРО-025,Продукты,10,154,40.82
2025-08-01,ПРО-025,Продукты,7,147,40.82
2025-08-02,ПРО-025,Продукты,10,137,40.82
2025-08-03,ПРО-025,Продукты,34,103,40.82
2025-08-04,ПРО-025,Продукты,11,193,40.82
2025-08-05,ПРО-025,Продукты,13,180,40.82
2025-08-06,ПРО-025,Продукты,6,174,40.82
2025-08-07,ПРО-025,Продукты,26,148,40.82
2025-08-08,ПРО-025,Продукты,14,134,40.82
2025-08-09,ПРО-025,Продукты,19,115,40.82
2025-08-10,ПРО-025,Продукты,13,102,40.82
2025-08-11,ПРО-025,Продукты,15,189,40.82
2025-08-12,ПРО-025,Продукты,21,168,40.82
2025-08-13,ПРО-025,Продукты,8,160,40.82
2025-08-14,ПРО-025,Продукты,7,153,40.82
2025-08-15,ПРО-025,Продукты,9,144,40.82
2025-08-16,ПРО-025,Продукты,10,134,40.82
2025-08-17,ПРО-025,Продукты,6,128,40.82
2025-08-18,ПРО-025,Продукты,16,188,40.82
2025-08-19,ПРО-025,Продукты,11,177,40.82
2025-08-20,ПРО-025,Продукты,6,171,40.82
2025-08-21,ПРО-025,Продукты,15,156,40.82
2025-08-22,ПРО-025,Продукты,12,144,40.82
2025-08-23,ПРО-025,Продукты,16,128,40.82
2025-08-24,ПРО-025,Продукты,18,110,40.82
2025-08-25,ПРО-025,Продукты,9,195,40.82
2025-08-26,ПРО-025,Продукты,10,185,40.82
2025-08-27,ПРО-025,Продукты,12,173,40.82
2025-08-28,ПРО-025,Продукты,5,168,40.82
2025-08-29,ПРО-025,Продукты,5,163,40.82
2025-08-30,ПРО-025,Продукты,20,143,40.82
2025-08-31,ПРО-025,Продукты,14,129,40.82
2025-09-01,ПРО-025,Продукты,8,196,40.82
2025-09-02,ПРО-025,Продукты,11,185,40.82
2025-09-03,ПРО-025,Продукты,9,176,40.82
2025-09-04,ПРО-025,Продукты,7,169,40.82
2025-09-05,ПРО-025,Продукты,10,159,40.82
2025-09-06,ПРО-025,Продукты,14,145,40.82
2025-09-07,ПРО-025,Продукты,13,132,40.82
2025-09-08,ПРО-025,Продукты,8,196,40.82
2025-09-09,ПРО-025,Продукты,15,181,40.82
2025-09-10,ПРО-025,Продукты,7,174,40.82
2025-09-11,ПРО-025,Продукты,5,169,40.82
2025-09-12,ПРО-025,Продукты,6,163,40.82
2025-09-13,ПРО-025,Продукты,11,152,40.82
2025-09-14,ПРО-025,Продукты,10,142,40.82
2025-09-15,ПРО-025,Продукты,13,191,40.82
2025-09-16,ПРО-025,Продукты,4,187,40.82
2025-09-17,ПРО-025,Продукты,18,169,40.82
2025-09-18,ПРО-025,Продукты,16,153,40.82
2025-09-19,ПРО-025,Продукты,4,149,40.82
2025-09-20,ПРО-025,Продукты,15,134,40.82
2025-09-21,ПРО-025,Продукты,7,127,40.82
2025-09-22,ПРО-025,Продукты,9,195,40.82
2025-09-23,ПРО-025,Продукты,6,189,40.82
2025-09-24,ПРО-025,Продукты,11,178,40.82
2025-09-25,ПРО-025,Продукты,10,168,40.82
2025-09-26,ПРО-025,Продукты,14,154,40.82
2025-09-27,ПРО-025,Продукты,3,151,40.82
2025-09-28,ПРО-025,Продукты,6,145,40.82
2025-09-29,ПРО-025,Продукты,12,192,40.82
2025-09-30,ПРО-025,Продукты,11,181,40.82
2025-10-01,ПРО-025,Продукты,3,178,40.82
2025-10-02,ПРО-025,Продукты,15,163,40.82
2025-10-03,ПРО-025,Продукты,12,151,40.82
2025-10-04,ПРО-025,Продукты,24,127,40.82
2025-10-05,ПРО-025,Продукты,18,109,40.82
2025-10-06,ПРО-025,Продукты,5,199,40.82
2025-10-07,ПРО-025,Продукты,4,195,40.82
2025-10-08,ПРО-025,Продукты,15,180,40.82
2025-10-09,ПРО-025,Продукты,9,171,40.82
2025-10-10,ПРО-025,Продукты,18,153,40.82
2025-10-11,ПРО-025,Продукты,22,131,40.82
2025-10-12,ПРО-025,Продукты,19,112,40.82
2025-10-13,ПРО-025,Продукты,12,192,40.82
2025-10-14,ПРО-025,Продукты,3,189,40.82
2025-10-15,ПРО-025,Продукты,9,180,40.82
2025-10-16,ПРО-025,Продукты,7,173,40.82
2025-10-17,ПРО-025,Продукты,13,160,40.82
2025-10-18,ПРО-025,Продукты,4,156,40.82
2025-10-19,ПРО-025,Продукты,8,148,40.82
2025-10-20,ПРО-025,Продукты,11,193,40.82
2025-10-21,ПРО-025,Продукты,8,185,40.82
2025-10-22,ПРО-025,Продукты,12,173,40.82
2025-10-23,ПРО-025,Продукты,12,161,40.82
2025-10-24,ПРО-025,Продукты,12,149,40.82
2025-10-25,ПРО-025,Продукты,13,136,40.82
2025-10-26,ПРО-025,Продукты,7,129,40.82
2025-10-27,ПРО-025,Продукты,5,199,40.82
2025-10-28,ПРО-025,Продукты,7,192,40.82
2025-10-29,ПРО-025,Продукты,11,181,40.82
2025-10-30,ПРО-025,Продукты,15,166,40.82
2025-10-31,ПРО-025,Продукты,19,147,40.82
2025-11-01,ПРО-025,Продукты,8,139,40.82
2025-11-02,ПРО-025,Продукты,10,129,40.82
2025-11-03,ПРО-025,Продукты,14,190,40.82
2025-11-04,ПРО-025,Продукты,7,183,40.82
2025-11-05,ПРО-025,Продукты,6,177,40.82
2025-11-06,ПРО-025,Продукты,9,168,40.82
2025-11-07,ПРО-025,Продукты,17,151,40.82
2025-11-08,ПРО-025,Продукты,3,148,40.82
2025-11-09,ПРО-025,Продукты,21,127,40.82
2025-11-10,ПРО-025,Продукты,14,190,40.82
2025-11-11,ПРО-025,Продукты,7,183,40.82
2025-11-12,ПРО-025,Продукты,6,177,40.82
2025-11-13,ПРО-025,Продукты,17,160,40.82
2025-11-14,ПРО-025,Продукты,20,140,40.82
2025-11-15,ПРО-025,Продукты,2,138,40.82
2025-11-16,ПРО-025,Продукты,15,123,40.82
2025-11-17,ПРО-025,Продукты,6,198,40.82
2025-11-18,ПРО-025,Продукты,8,190,40.82
2025-11-19,ПРО-025,Продукты,3,187,40.82
2025-11-20,ПРО-025,Продукты,10,177,40.82
2025-11-21,ПРО-025,Продукты,14,163,40.82
2025-11-22,ПРО-025,Продукты,5,158,40.82
2025-11-23,ПРО-025,Продукты,38,120,40.82
2025-11-24,ПРО-025,Продукты,10,194,40.82
2025-11-25,ПРО-025,Продукты,20,174,40.82
2025-11-26,ПРО-025,Продукты,6,168,40.82
2025-11-27,ПРО-025,Продукты,9,159,40.82
2025-11-28,ПРО-025,Продукты,10,149,40.82
2025-11-29,ПРО-025,Продукты,15,134,40.82
2025-11-30,ПРО-025,Продукты,32,102,40.82
2025-12-01,ПРО-025,Продукты,12,192,40.82
2025-12-02,ПРО-025,Продукты,28,164,40.82
2025-12-03,ПРО-025,Продукты,11,153,40.82
2025-12-04,ПРО-025,Продукты,7,146,40.82
2025-12-05,ПРО-025,Продукты,5,141,40.82
2025-12-06,ПРО-025,Продукты,8,133,40.82
2025-12-07,ПРО-025,Продукты,5,128,40.82
2025-12-08,ПРО-025,Продукты,1,203,40.82
2025-12-09,ПРО-025,Продукты,14,189,40.82
2025-12-10,ПРО-025,Продукты,9,180,40.82
2025-12-11,ПРО-025,Продукты,20,160,40.82
2025-12-12,ПРО-025,Продукты,7,153,40.82
2025-12-13,ПРО-025,Продукты,10,143,40.82
2025-12-14,ПРО-025,Продукты,15,128,40.82
2025-12-15,ПРО-025,Продукты,4,200,40.82
2025-12-16,ПРО-025,Продукты,3,197,40.82
2025-12-17,ПРО-025,Продукты,8,189,40.82
2025-12-18,ПРО-025,Продукты,17,172,40.82
2025-12-19,ПРО-025,Продукты,4,168,40.82
2025-12-20,ПРО-025,Продукты,17,151,40.82
2025-12-21,ПРО-025,Продукты,6,145,40.82
2025-12-22,ПРО-025,Продукты,7,197,40.82
2025-12-23,ПРО-025,Продукты,12,185,40.82
2025-12-24,ПРО-025,Продукты,4,181,40.82
2025-12-25,ПРО-025,Продукты,6,175,40.82
2025-12-26,ПРО-025,Продукты,8,167,40.82
2025-12-27,ПРО-025,Продукты,14,153,40.82
2025-12-28,ПРО-025,Продукты,13,140,40.82
2025-12-29,ПРО-025,Продукты,7,197,40.82
2025-12-30,ПРО-025,Продукты,19,178,40.82
2025-12-31,ПРО-025,Продукты,14,164,40.82
2026-01-01,ПРО-025,Продукты,8,156,40.82
2026-01-02,ПРО-025,Продукты,16,140,40.82
2026-01-03,ПРО-025,Продукты,17,123,40.82
2026-01-04,ПРО-025,Продукты,10,113,40.82
2026-01-05,ПРО-025,Продукты,3,201,40.82
2026-01-06,ПРО-025,Продукты,22,179,40.82
2026-01-07,ПРО-025,Продукты,6,173,40.82
2026-01-08,ПРО-025,Продукты,17,156,40.82
2026-01-09,ПРО-025,Продукты,14,142,40.82
2026-01-10,ПРО-025,Продукты,9,133,40.82
2026-01-11,ПРО-025,Продукты,17,116,40.82
2026-01-12,ПРО-025,Продукты,7,197,40.82
2026-01-13,ПРО-025,Продукты,13,184,40.82
2026-01-14,ПРО-025,Продукты,14,170,40.82
2026-01-15,ПРО-025,Продукты,6,164,40.82
2026-01-16,ПРО-025,Продукты,2,162,40.82
2026-01-17,ПРО-025,Продукты,19,143,40.82
2026-01-18,ПРО-025,Продукты,10,133,40.82
2026-01-19,ПРО-025,Продукты,10,194,40.82
2026-01-20,ПРО-025,Продукты,10,184,40.82
2026-01-21,ПРО-025,Продукты,9,175,40.82
2026-01-22,ПРО-025,Продукты,9,166,40.82
2026-01-23,ПРО-025,Продукты,8,158,40.82
2026-01-24,ПРО-025,Продукты,4,154,40.82
2026-01-25,ПРО-025,Продукты,23,131,40.82
2026-01-26,ПРО-025,Продукты,0,204,40.82
2026-01-27,ПРО-025,Продукты,7,197,40.82
2026-01-28,ПРО-025,Продукты,9,188,40.82
2026-01-29,ПРО-025,Продукты,15,173,40.82
2026-01-30,ПРО-025,Продукты,6,167,40.82
2026-01-31,ПРО-025,Продукты,5,162,40.82
2026-02-01,ПРО-025,Продукты,8,154,40.82
2026-02-02,ПРО-025,Продукты,18,186,40.82
2026-02-03,ПРО-025,Продукты,8,178,40.82
2026-02-04,ПРО-025,Продукты,6,172,40.82
2026-02-05,ПРО-025,Продукты,8,164,40.82
2026-02-06,ПРО-025,Продукты,14,150,40.82
2026-02-07,ПРО-025,Продукты,7,143,40.82
2026-02-08,ПРО-025,Продукты,5,138,40.82
2026-02-09,ПРО-025,Продукты,10,194,40.82
2026-02-10,ПРО-025,Продукты,8,186,40.82
2026-02-11,ПРО-025,Продукты,11,175,40.82
2026-02-12,ПРО-025,Продукты,11,164,40.82
2026-02-13,ПРО-025,Продукты,10,154,40.82
2026-02-14,ПРО-025,Продукты,3,151,40.82
2026-02-15,ПРО-025,Продукты,19,132,40.82
2026-02-16,ПРО-025,Продукты,9,195,40.82
2026-02-17,ПРО-025,Продукты,6,189,40.82
2026-02-18,ПРО-025,Продукты,8,181,40.82
2026-02-19,ПРО-025,Продукты,13,168,40.82
2026-02-20,ПРО-025,Продукты,15,153,40.82
2026-02-21,ПРО-025,Продукты,8,145,40.82
2026-02-22,ПРО-025,Продукты,8,137,40.82
2026-02-23,ПРО-025,Продукты,5,199,40.82
2026-02-24,ПРО-025,Продукты,7,192,40.82
2026-02-25,ПРО-025,Продукты,5,187,40.82
2026-02-26,ПРО-025,Продукты,7,180,40.82
2026-02-27,ПРО-025,Продукты,3,177,40.82
2026-02-28,ПРО-025,Продукты,14,163,40.82
2026-03-01,ПРО-025,Продукты,9,154,40.82
2026-03-02,ПРО-025,Продукты,9,195,40.82
2026-03-03,ПРО-025,Продукты,17,178,40.82
2026-03-04,ПРО-025,Продукты,17,161,40.82
2026-03-05,ПРО-025,Продукты,7,154,40.82
2026-03-06,ПРО-025,Продукты,12,142,40.82
2026-03-07,ПРО-025,Продукты,15,127,40.82
2026-03-08,ПРО-025,Продукты,11,116,40.82
2026-03-09,ПРО-025,Продукты,10,194,40.82
2026-03-10,ПРО-025,Продукты,1,193,40.82
2026-03-11,ПРО-025,Продукты,2,191,40.82
2026-03-12,ПРО-025,Продукты,12,179,40.82
2026-03-13,ПРО-025,Продукты,5,174,40.82
2026-03-14,ПРО-025,Продукты,7,167,40.82
2026-03-15,ПРО-025,Продукты,17,150,40.82
2026-03-16,ПРО-025,Продукты,15,189,40.82
2026-03-17,ПРО-025,Продукты,11,178,40.82
2026-03-18,ПРО-025,Продукты,7,171,40.82
2026-03-19,ПРО-025,Продукты,26,145,40.82
2026-03-20,ПРО-025,Продукты,9,136,40.82
2026-03-21,ПРО-025,Продукты,21,115,40.82
2026-03-22,ПРО-025,Продукты,20,95,40.82
2026-03-23,ПРО-025,Продукты,8,196,40.82
2026-03-24,ПРО-025,Продукты,5,191,40.82
2026-03-25,ПРО-025,Продукты,9,182,40.82
2026-03-26,ПРО-025,Продукты,11,171,40.82
2026-03-27,ПРО-025,Продукты,19,152,40.82
2026-03-28,ПРО-025,Продукты,11,141,40.82
2026-03-29,ПРО-025,Продукты,17,124,40.82
2026-03-30,ПРО-025,Продукты,8,196,40.82
2026-03-31,ПРО-025,Продукты,7,189,40.82
2026-04-01,ПРО-025,Продукты,11,178,40.82
2026-04-02,ПРО-025,Продукты,12,166,40.82
2026-04-03,ПРО-025,Продукты,16,150,40.82
2026-04-04,ПРО-025,Продукты,14,136,40.82
2026-04-05,ПРО-025,Продукты,9,127,40.82
2026-04-06,ПРО-025,Продукты,11,193,40.82
2026-04-07,ПРО-025,Продукты,11,182,40.82
2026-04-08,ПРО-025,Продукты,11,171,40.82
2026-04-09,ПРО-025,Продукты,15,156,40.82
2026-04-10,ПРО-025,Продукты,10,146,40.82
2026-04-11,ПРО-025,Продукты,7,139,40.82
2026-04-12,ПРО-025,Продукты,16,123,40.82
2026-04-13,ПРО-025,Продукты,3,201,40.82
2026-04-14,ПРО-025,Продукты,3,198,40.82
2026-04-15,ПРО-025,Продукты,9,189,40.82
2026-04-16,ПРО-025,Продукты,6,183,40.82
2026-04-17,ПРО-025,Продукты,32,151,40.82
2026-04-18,ПРО-025,Продукты,13,138,40.82
2026-04-19,ПРО-025,Продукты,12,126,40.82
2026-04-20,ПРО-025,Продукты,11,193,40.82
2026-04-21,ПРО-025,Продукты,3,190,40.82
2026-04-22,ПРО-025,Продукты,38,152,40.82
2026-04-23,ПРО-025,Продукты,4,148,40.82
2026-04-24,ПРО-025,Продукты,11,137,40.82
2026-04-25,ПРО-025,Продукты,15,122,40.82
2026-04-26,ПРО-025,Продукты,21,101,40.82
2026-04-27,ПРО-025,Продукты,19,185,40.82
2026-04-28,ПРО-025,Продукты,11,174,40.82
2026-04-29,ПРО-025,Продукты,10,164,40.82
2026-04-30,ПРО-025,Продукты,8,156,40.82
2026-05-01,ПРО-025,Продукты,5,151,40.82
2026-05-02,ПРО-025,Продукты,21,130,40.82
2026-05-03,ПРО-025,Продукты,23,107,40.82
2026-05-04,ПРО-025,Продукты,9,195,40.82
2026-05-05,ПРО-025,Продукты,8,187,40.82
2026-05-06,ПРО-025,Продукты,10,177,40.82
2026-05-07,ПРО-025,Продукты,2,175,40.82
2026-05-08,ПРО-025,Продукты,20,155,40.82
2026-05-09,ПРО-025,Продукты,11,144,40.82
2026-05-10,ПРО-025,Продукты,16,128,40.82
2026-05-11,ПРО-025,Продукты,28,176,40.82
2026-05-12,ПРО-025,Продукты,20,156,40.82
2026-05-13,ПРО-025,Продукты,9,147,40.82
2026-05-14,ПРО-025,Продукты,11,136,40.82
2026-05-15,ПРО-025,Продукты,7,129,40.82
2026-05-16,ПРО-025,Продукты,23,106,40.82
2026-05-17,ПРО-025,Продукты,16,90,40.82
2026-05-18,ПРО-025,Продукты,18,186,40.82
2026-05-19,ПРО-025,Продукты,8,178,40.82
2026-05-20,ПРО-025,Продукты,11,167,40.82
2026-05-21,ПРО-025,Продукты,24,143,40.82
2026-05-22,ПРО-025,Продукты,12,131,40.82
2026-05-23,ПРО-025,Продукты,5,126,40.82
2026-05-24,ПРО-025,Продукты,11,115,40.82
2026-05-25,ПРО-025,Продукты,16,188,40.82
2026-05-26,ПРО-025,Продукты,13,175,40.82
2026-05-27,ПРО-025,Продукты,11,164,40.82
2026-05-28,ПРО-025,Продукты,15,149,40.82
2026-05-29,ПРО-025,Продукты,12,137,40.82
2026-05-30,ПРО-025,Продукты,22,115,40.82
2026-05-31,ПРО-025,Продукты,26,89,40.82
2026-06-01,ПРО-025,Продукты,4,200,40.82
2026-06-02,ПРО-025,Продукты,11,189,40.82
2026-06-03,ПРО-025,Продукты,25,164,40.82
2026-06-04,ПРО-025,Продукты,6,158,40.82
2026-06-05,ПРО-025,Продукты,13,145,40.82
2026-06-06,ПРО-025,Продукты,23,122,40.82
2026-06-07,ПРО-025,Продукты,12,110,40.82
2026-06-08,ПРО-025,Продукты,8,196,40.82
2026-06-09,ПРО-025,Продукты,19,177,40.82
2026-06-10,ПРО-025,Продукты,28,149,40.82
2026-06-11,ПРО-025,Продукты,7,142,40.82
2026-06-12,ПРО-025,Продукты,24,118,40.82
2026-06-13,ПРО-025,Продукты,6,112,40.82
2026-06-14,ПРО-025,Продукты,31,81,40.82
2026-06-15,ПРО-025,Продукты,19,185,40.82
2026-06-16,ПРО-025,Продукты,13,172,40.82
2026-06-17,ПРО-025,Продукты,5,167,40.82
2026-06-18,ПРО-025,Продукты,21,146,40.82
2026-06-19,ПРО-025,Продукты,26,120,40.82
2026-06-20,ПРО-025,Продукты,28,92,40.82
2026-06-21,ПРО-025,Продукты,10,82,40.82
2026-06-22,ПРО-025,Продукты,21,183,40.82
2026-06-23,ПРО-025,Продукты,15,168,40.82
2026-06-24,ПРО-025,Продукты,18,150,40.82
2026-06-25,ПРО-025,Продукты,13,137,40.82
2026-06-26,ПРО-025,Продукты,3,134,40.82
2026-06-27,ПРО-025,Продукты,25,109,40.82
2026-06-28,ПРО-025,Продукты,23,86,40.82
2026-06-29,ПРО-025,Продукты,13,191,40.82
2026-06-30,ПРО-025,Продукты,14,177,40.82
2026-07-01,ПРО-025,Продукты,7,170,40.82
2026-07-02,ПРО-025,Продукты,3,167,40.82
2026-07-03,ПРО-025,Продукты,11,156,40.82
2026-07-04,ПРО-025,Продукты,21,135,40.82
2026-07-05,ПРО-025,Продукты,19,116,40.82
2026-07-06,ПРО-025,Продукты,5,199,40.82
2026-07-07,ПРО-025,Продукты,10,189,40.82
2026-07-08,ПРО-025,Продукты,4,185,40.82
2026-07-09,ПРО-025,Продукты,18,167,40.82
2026-07-10,ПРО-025,Продукты,6,161,40.82
2026-07-11,ПРО-025,Продукты,17,144,40.82
2026-07-12,ПРО-025,Продукты,6,138,40.82
2026-07-13,ПРО-025,Продукты,11,193,40.82
2026-07-14,ПРО-025,Продукты,12,181,40.82
2026-07-15,ПРО-025,Продукты,11,170,40.82
2026-07-16,ПРО-025,Продукты,20,150,40.82
2026-07-17,ПРО-025,Продукты,15,135,40.82
2026-07-18,ПРО-025,Продукты,13,122,40.82
2026-07-19,ПРО-025,Продукты,32,90,40.82
2026-07-20,ПРО-025,Продукты,15,189,40.82
2026-07-21,ПРО-025,Продукты,19,170,40.82
2026-07-22,ПРО-025,Продукты,17,153,40.82
2026-07-23,ПРО-025,Продукты,11,142,40.82
2026-07-24,ПРО-025,Продукты,18,124,40.82
2026-07-25,ПРО-025,Продукты,49,75,40.82
2026-07-26,ПРО-025,Продукты,16,59,40.82
2026-07-27,ПРО-025,Продукты,10,194,40.82
2026-07-28,ПРО-025,Продукты,8,186,40.82
2026-07-29,ПРО-025,Продукты,3,183,40.82
2026-07-30,ПРО-025,Продукты,12,171,40.82
2026-07-31,ПРО-025,Продукты,8,163,40.82
2026-08-01,ПРО-025,Продукты,11,152,40.82
2026-08-02,ПРО-025,Продукты,11,141,40.82
2026-08-03,ПРО-025,Продукты,15,189,40.82
2026-08-04,ПРО-025,Продукты,3,186,40.82
2026-08-05,ПРО-025,Продукты,16,170,40.82
2026-08-06,ПРО-025,Продукты,10,160,40.82
2026-08-07,ПРО-025,Продукты,12,148,40.82
2026-08-08,ПРО-025,Продукты,20,128,40.82
2026-08-09,ПРО-025,Продукты,22,106,40.82
2026-08-10,ПРО-025,Продукты,3,201,40.82
2026-08-11,ПРО-025,Продукты,16,185,40.82
2026-08-12,ПРО-025,Продукты,25,160,40.82
2026-08-13,ПРО-025,Продукты,18,142,40.82
2026-08-14,ПРО-025,Продукты,11,131,40.82
2026-08-15,ПРО-025,Продукты,16,115,40.82
2026-08-16,ПРО-025,Продукты,29,86,40.82
2026-08-17,ПРО-025,Продукты,7,197,40.82
2026-08-18,ПРО-025,Продукты,3,194,40.82
2026-08-19,ПРО-025,Продукты,5,189,40.82
2026-08-20,ПРО-025,Продукты,2,187,40.82
2026-08-21,ПРО-025,Продукты,7,180,40.82
2026-08-22,ПРО-025,Продукты,7,173,40.82
2026-08-23,ПРО-025,Продукты,8,165,40.82
2026-08-24,ПРО-025,Продукты,21,183,40.82
2026-08-25,ПРО-025,Продукты,10,173,40.82
2026-08-26,ПРО-025,Продукты,8,165,40.82
2026-08-27,ПРО-025,Продукты,12,153,40.82
2026-08-28,ПРО-025,Продукты,4,149,40.82
2026-08-29,ПРО-025,Продукты,21,128,40.82
2026-08-30,ПРО-025,Продукты,21,107,40.82
2026-08-31,ПРО-025,Продукты,18,186,40.82
2026-09-01,ПРО-025,Продукты,7,179,40.82
2026-09-02,ПРО-025,Продукты,13,166,40.82
2026-09-03,ПРО-025,Продукты,12,154,40.82
2026-09-04,ПРО-025,Продукты,7,147,40.82
2026-09-05,ПРО-025,Продукты,15,132,40.82
2026-09-06,ПРО-025,Продукты,9,123,40.82
2026-09-07,ПРО-025,Продукты,10,194,40.82
2026-09-08,ПРО-025,Продукты,8,186,40.82
2026-09-09,ПРО-025,Продукты,29,157,40.82
2026-09-10,ПРО-025,Продукты,4,153,40.82
2026-09-11,ПРО-025,Продукты,12,141,40.82
2026-09-12,ПРО-025,Продукты,31,110,40.82
2026-09-13,ПРО-025,Продукты,2,108,40.82
2026-09-14,ПРО-025,Продукты,6,198,40.82
2026-09-15,ПРО-025,Продукты,20,178,40.82
2026-09-16,ПРО-025,Продукты,21,157,40.82
2026-09-17,ПРО-025,Продукты,2,155,40.82
2026-09-18,ПРО-025,Продукты,8,147,40.82
2026-09-19,ПРО-025,Продукты,8,139,40.82
2026-09-20,ПРО-025,Продукты,30,109,40.82
2026-09-21,ПРО-025,Продукты,3,201,40.82
2026-09-22,ПРО-025,Продукты,19,182,40.82
2026-09-23,ПРО-025,Продукты,11,171,40.82
2026-09-24,ПРО-025,Продукты,14,157,40.82
2026-09-25,ПРО-025,Продукты,12,145,40.82
2026-09-26,ПРО-025,Продукты,28,117,40.82
2026-09-27,ПРО-025,Продукты,19,98,40.82
2026-09-28,ПРО-025,Продукты,8,196,40.82
2026-09-29,ПРО-025,Продукты,2,194,40.82
2026-09-30,ПРО-025,Продукты,7,187,40.82
2025-06-01,БЫТ-001,Бытовая химия,2,24,145.02
2025-06-02,БЫТ-001,Бытовая химия,4,27,145.02
2025-06-03,БЫТ-001,Бытовая химия,3,24,145.02
2025-06-04,БЫТ-001,Бытовая химия,1,23,145.02
2025-06-05,БЫТ-001,Бытовая химия,2,21,145.02
2025-06-06,БЫТ-001,Бытовая химия,0,21,145.02
2025-06-07,БЫТ-001,Бытовая химия,1,20,145.02
2025-06-08,БЫТ-001,Бытовая химия,1,19,145.02
2025-06-09,БЫТ-001,Бытовая химия,2,29,145.02
2025-06-10,БЫТ-001,Бытовая химия,0,29,145.02
2025-06-11,БЫТ-001,Бытовая химия,0,29,145.02
2025-06-12,БЫТ-001,Бытовая химия,0,29,145.02
2025-06-13,БЫТ-001,Бытовая химия,0,29,145.02
2025-06-14,БЫТ-001,Бытовая химия,3,26,145.02
2025-06-15,БЫТ-001,Бытовая химия,4,22,145.02
2025-06-16,БЫТ-001,Бытовая химия,2,29,145.02
2025-06-17,БЫТ-001,Бытовая химия,0,29,145.02
2025-06-18,БЫТ-001,Бытовая химия,0,29,145.02
2025-06-19,БЫТ-001,Бытовая химия,0,29,145.02
2025-06-20,БЫТ-001,Бытовая химия,4,25,145.02
2025-06-21,БЫТ-001,Бытовая химия,0,25,145.02
2025-06-22,БЫТ-001,Бытовая химия,5,20,145.02
2025-06-23,БЫТ-001,Бытовая химия,4,27,145.02
2025-06-24,БЫТ-001,Бытовая химия,3,24,145.02
2025-06-25,БЫТ-001,Бытовая химия,2,22,145.02
2025-06-26,БЫТ-001,Бытовая химия,2,20,145.02
2025-06-27,БЫТ-001,Бытовая химия,1,19,145.02
2025-06-28,БЫТ-001,Бытовая химия,3,16,145.02
2025-06-29,БЫТ-001,Бытовая химия,1,15,145.02
2025-06-30,БЫТ-001,Бытовая химия,0,31,145.02
2025-07-01,БЫТ-001,Бытовая химия,1,30,145.02
2025-07-02,БЫТ-001,Бытовая химия,0,30,145.02
2025-07-03,БЫТ-001,Бытовая химия,0,30,145.02
2025-07-04,БЫТ-001,Бытовая химия,1,29,145.02
2025-07-05,БЫТ-001,Бытовая химия,2,27,145.02
2025-07-06,БЫТ-001,Бытовая химия,3,24,145.02
2025-07-07,БЫТ-001,Бытовая химия,3,28,145.02
2025-07-08,БЫТ-001,Бытовая химия,1,27,145.02
2025-07-09,БЫТ-001,Бытовая химия,2,25,145.02
2025-07-10,БЫТ-001,Бытовая химия,5,20,145.02
2025-07-11,БЫТ-001,Бытовая химия,6,14,145.02
2025-07-12,БЫТ-001,Бытовая химия,5,9,145.02
2025-07-13,БЫТ-001,Бытовая химия,7,2,145.02
2025-07-14,БЫТ-001,Бытовая химия,0,31,145.02
2025-07-15,БЫТ-001,Бытовая химия,1,30,145.02
2025-07-16,БЫТ-001,Бытовая химия,1,29,145.02
2025-07-17,БЫТ-001,Бытовая химия,2,27,145.02
2025-07-18,БЫТ-001,Бытовая химия,2,25,145.02
2025-07-19,БЫТ-001,Бытовая химия,4,21,145.02
2025-07-20,БЫТ-001,Бытовая химия,2,19,145.02
2025-07-21,БЫТ-001,Бытовая химия,4,27,145.02
2025-07-22,БЫТ-001,Бытовая химия,0,27,145.02
2025-07-23,БЫТ-001,Бытовая химия,2,25,145.02
2025-07-24,БЫТ-001,Бытовая химия,0,25,145.02
2025-07-25,БЫТ-001,Бытовая химия,1,24,145.02
2025-07-26,БЫТ-001,Бытовая химия,1,23,145.02
2025-07-27,БЫТ-001,Бытовая химия,1,22,145.02
2025-07-28,БЫТ-001,Бытовая химия,0,31,145.02
2025-07-29,БЫТ-001,Бытовая химия,0,31,145.02
2025-07-30,БЫТ-001,Бытовая химия,0,31,145.02
2025-07-31,БЫТ-001,Бытовая химия,2,29,145.02
2025-08-01,БЫТ-001,Бытовая химия,2,27,145.02
2025-08-02,БЫТ-001,Бытовая химия,2,25,145.02
2025-08-03,БЫТ-001,Бытовая химия,1,24,145.02
2025-08-04,БЫТ-001,Бытовая химия,4,27,145.02
2025-08-05,БЫТ-001,Бытовая химия,0,27,145.02
2025-08-06,БЫТ-001,Бытовая химия,4,23,145.02
2025-08-07,БЫТ-001,Бытовая химия,1,22,145.02
2025-08-08,БЫТ-001,Бытовая химия,0,22,145.02
2025-08-09,БЫТ-001,Бытовая химия,2,20,145.02
2025-08-10,БЫТ-001,Бытовая химия,2,18,145.02
2025-08-11,БЫТ-001,Бытовая химия,0,31,145.02
2025-08-12,БЫТ-001,Бытовая химия,1,30,145.02
2025-08-13,БЫТ-001,Бытовая химия,1,29,145.02
2025-08-14,БЫТ-001,Бытовая химия,0,29,145.02
2025-08-15,БЫТ-001,Бытовая химия,0,29,145.02
2025-08-16,БЫТ-001,Бытовая химия,3,26,145.02
2025-08-17,БЫТ-001,Бытовая химия,2,24,145.02
2025-08-18,БЫТ-001,Бытовая химия,2,29,145.02
2025-08-19,БЫТ-001,Бытовая химия,0,29,145.02
2025-08-20,БЫТ-001,Бытовая химия,0,29,145.02
2025-08-21,БЫТ-001,Бытовая химия,2,27,145.02
2025-08-22,БЫТ-001,Бытовая химия,3,24,145.02
2025-08-23,БЫТ-001,Бытовая химия,1,23,145.02
2025-08-24,БЫТ-001,Бытовая химия,1,22,145.02
2025-08-25,БЫТ-001,Бытовая химия,1,30,145.02
2025-08-26,БЫТ-001,Бытовая химия,0,30,145.02
2025-08-27,БЫТ-001,Бытовая химия,3,27,145.02
2025-08-28,БЫТ-001,Бытовая химия,2,25,145.02
2025-08-29,БЫТ-001,Бытовая химия,4,21,145.02
2025-08-30,БЫТ-001,Бытовая химия,1,20,145.02
2025-08-31,БЫТ-001,Бытовая химия,3,17,145.02
2025-09-01,БЫТ-001,Бытовая химия,2,29,145.02
2025-09-02,БЫТ-001,Бытовая химия,0,29,145.02
2025-09-03,БЫТ-001,Бытовая химия,1,28,145.02
2025-09-04,БЫТ-001,Бытовая химия,2,26,145.02
2025-09-05,БЫТ-001,Бытовая химия,5,21,145.02
2025-09-06,БЫТ-001,Бытовая химия,0,21,145.02
2025-09-07,БЫТ-001,Бытовая химия,3,18,145.02
2025-09-08,БЫТ-001,Бытовая химия,1,30,145.02
2025-09-09,БЫТ-001,Бытовая химия,2,28,145.02
2025-09-10,БЫТ-001,Бытовая химия,0,28,145.02
2025-09-11,БЫТ-001,Бытовая химия,0,28,145.02
2025-09-12,БЫТ-001,Бытовая химия,1,27,145.02
2025-09-13,БЫТ-001,Бытовая химия,3,24,145.02
2025-09-14,БЫТ-001,Бытовая химия,2,22,145.02
2025-09-15,БЫТ-001,Бытовая химия,0,31,145.02
2025-09-16,БЫТ-001,Бытовая химия,0,31,145.02
2025-09-17,БЫТ-001,Бытовая химия,2,29,145.02
2025-09-18,БЫТ-001,Бытовая химия,0,29,145.02
2025-09-19,БЫТ-001,Бытовая химия,2,27,145.02
2025-09-20,БЫТ-001,Бытовая химия,2,25,145.02
2025-09-21,БЫТ-001,Бытовая химия,5,20,145.02
2025-09-22,БЫТ-001,Бытовая химия,0,31,145.02
2025-09-23,БЫТ-001,Бытовая химия,0,31,145.02
2025-09-24,БЫТ-001,Бытовая химия,1,30,145.02
2025-09-25,БЫТ-001,Бытовая химия,2,28,145.02
2025-09-26,БЫТ-001,Бытовая химия,1,27,145.02
2025-09-27,БЫТ-001,Бытовая химия,5,22,145.02
2025-09-28,БЫТ-001,Бытовая химия,0,22,145.02
2025-09-29,БЫТ-001,Бытовая химия,2,29,145.02
2025-09-30,БЫТ-001,Бытовая химия,3,26,145.02
2025-10-01,БЫТ-001,Бытовая химия,3,23,145.02
2025-10-02,БЫТ-001,Бытовая химия,2,21,145.02
2025-10-03,БЫТ-001,Бытовая химия,0,21,145.02
2025-10-04,БЫТ-001,Бытовая химия,2,19,145.02
2025-10-05,БЫТ-001,Бытовая химия,3,16,145.02
2025-10-06,БЫТ-001,Бытовая химия,1,30,145.02
2025-10-07,БЫТ-001,Бытовая химия,5,25,145.02
2025-10-08,БЫТ-001,Бытовая химия,1,24,145.02
2025-10-09,БЫТ-001,Бытовая химия,0,24,145.02
2025-10-10,БЫТ-001,Бытовая химия,3,21,145.02
2025-10-11,БЫТ-001,Бытовая химия,3,18,145.02
2025-10-12,БЫТ-001,Бытовая химия,3,15,145.02
2025-10-13,БЫТ-001,Бытовая химия,1,30,145.02
2025-10-14,БЫТ-001,Бытовая химия,3,27,145.02
2025-10-15,БЫТ-001,Бытовая химия,1,26,145.02
2025-10-16,БЫТ-001,Бытовая химия,3,23,145.02
2025-10-17,БЫТ-001,Бытовая химия,1,22,145.02
2025-10-18,БЫТ-001,Бытовая химия,3,19,145.02
2025-10-19,БЫТ-001,Бытовая химия,2,17,145.02
2025-10-20,БЫТ-001,Бытовая химия,0,31,145.02
2025-10-21,БЫТ-001,Бытовая химия,2,29,145.02
2025-10-22,БЫТ-001,Бытовая химия,0,29,145.02
2025-10-23,БЫТ-001,Бытовая химия,2,27,145.02
2025-10-24,БЫТ-001,Бытовая химия,4,23,145.02
2025-10-25,БЫТ-001,Бытовая химия,1,22,145.02
2025-10-26,БЫТ-001,Бытовая химия,1,21,145.02
2025-10-27,БЫТ-001,Бытовая химия,1,30,145.02
2025-10-28,БЫТ-001,Бытовая химия,1,29,145.02
2025-10-29,БЫТ-001,Бытовая химия,1,28,145.02
2025-10-30,БЫТ-001,Бытовая химия,0,28,145.02
2025-10-31,БЫТ-001,Бытовая химия,2,26,145.02
2025-11-01,БЫТ-001,Бытовая химия,5,21,145.02
2025-11-02,БЫТ-001,Бытовая химия,3,18,145.02
2025-11-03,БЫТ-001,Бытовая химия,4,27,145.02
2025-11-04,БЫТ-001,Бытовая химия,3,24,145.02
2025-11-05,БЫТ-001,Бытовая химия,4,20,145.02
2025-11-06,БЫТ-001,Бытовая химия,0,20,145.02
2025-11-07,БЫТ-001,Бытовая химия,1,19,145.02
2025-11-08,БЫТ-001,Бытовая химия,0,19,145.02
2025-11-09,БЫТ-001,Бытовая химия,1,18,145.02
2025-11-10,БЫТ-001,Бытовая химия,4,27,145.02
2025-11-11,БЫТ-001,Бытовая химия,0,27,145.02
2025-11-12,БЫТ-001,Бытовая химия,2,25,145.02
2025-11-13,БЫТ-001,Бытовая химия,2,23,145.02
2025-11-14,БЫТ-001,Бытовая химия,0,23,145.02
2025-11-15,БЫТ-001,Бытовая химия,4,19,145.02
2025-11-16,БЫТ-001,Бытовая химия,2,17,145.02
2025-11-17,БЫТ-001,Бытовая химия,0,31,145.02
2025-11-18,БЫТ-001,Бытовая химия,1,30,145.02
2025-11-19,БЫТ-001,Бытовая химия,1,29,145.02
2025-11-20,БЫТ-001,Бытовая химия,0,29,145.02
2025-11-21,БЫТ-001,Бытовая химия,4,25,145.02
2025-11-22,БЫТ-001,Бытовая химия,1,24,145.02
2025-11-23,БЫТ-001,Бытовая химия,0,24,145.02
2025-11-24,БЫТ-001,Бытовая химия,1,30,145.02
2025-11-25,БЫТ-001,Бытовая химия,1,29,145.02
2025-11-26,БЫТ-001,Бытовая химия,3,26,145.02
2025-11-27,БЫТ-001,Бытовая химия,1,25,145.02
2025-11-28,БЫТ-001,Бытовая химия,1,24,145.02
2025-11-29,БЫТ-001,Бытовая химия,0,24,145.02
2025-11-30,БЫТ-001,Бытовая химия,1,23,145.02
2025-12-01,БЫТ-001,Бытовая химия,3,28,145.02
2025-12-02,БЫТ-001,Бытовая химия,2,26,145.02
2025-12-03,БЫТ-001,Бытовая химия,1,25,145.02
2025-12-04,БЫТ-001,Бытовая химия,0,25,145.02
2025-12-05,БЫТ-001,Бытовая химия,3,22,145.02
2025-12-06,БЫТ-001,Бытовая химия,1,21,145.02
2025-12-07,БЫТ-001,Бытовая химия,0,21,145.02
2025-12-08,БЫТ-001,Бытовая химия,2,29,145.02
2025-12-09,БЫТ-001,Бытовая химия,0,29,145.02
2025-12-10,БЫТ-001,Бытовая химия,2,27,145.02
2025-12-11,БЫТ-001,Бытовая химия,0,27,145.02
2025-12-12,БЫТ-001,Бытовая химия,1,26,145.02
2025-12-13,БЫТ-001,Бытовая химия,0,26,145.02
2025-12-14,БЫТ-001,Бытовая химия,7,19,145.02
2025-12-15,БЫТ-001,Бытовая химия,0,31,145.02
2025-12-16,БЫТ-001,Бытовая химия,2,29,145.02
2025-12-17,БЫТ-001,Бытовая химия,0,29,145.02
2025-12-18,БЫТ-001,Бытовая химия,3,26,145.02
2025-12-19,БЫТ-001,Бытовая химия,3,23,145.02
2025-12-20,БЫТ-001,Бытовая химия,1,22,145.02
2025-12-21,БЫТ-001,Бытовая химия,1,21,145.02
2025-12-22,БЫТ-001,Бытовая химия,3,28,145.02
2025-12-23,БЫТ-001,Бытовая химия,5,23,145.02
2025-12-24,БЫТ-001,Бытовая химия,3,20,145.02
2025-12-25,БЫТ-001,Бытовая химия,2,18,145.02
2025-12-26,БЫТ-001,Бытовая химия,1,17,145.02
2025-12-27,БЫТ-001,Бытовая химия,1,16,145.02
2025-12-28,БЫТ-001,Бытовая химия,3,13,145.02
2025-12-29,БЫТ-001,Бытовая химия,1,30,145.02
2025-12-30,БЫТ-001,Бытовая химия,2,28,145.02
2025-12-31,БЫТ-001,Бытовая химия,3,25,145.02
2026-01-01,БЫТ-001,Бытовая химия,2,23,145.02
2026-01-02,БЫТ-001,Бытовая химия,1,22,145.02
2026-01-03,БЫТ-001,Бытовая химия,0,22,145.02
2026-01-04,БЫТ-001,Бытовая химия,1,21,145.02
2026-01-05,БЫТ-001,Бытовая химия,6,25,145.02
2026-01-06,БЫТ-001,Бытовая химия,4,21,145.02
2026-01-07,БЫТ-001,Бытовая химия,4,17,145.02
2026-01-08,БЫТ-001,Бытовая химия,0,17,145.02
2026-01-09,БЫТ-001,Бытовая химия,2,15,145.02
2026-01-10,БЫТ-001,Бытовая химия,4,11,145.02
2026-01-11,БЫТ-001,Бытовая химия,0,11,145.02
2026-01-12,БЫТ-001,Бытовая химия,0,31,145.02
2026-01-13,БЫТ-001,Бытовая химия,1,30,145.02
2026-01-14,БЫТ-001,Бытовая химия,3,27,145.02
2026-01-15,БЫТ-001,Бытовая химия,2,25,145.02
2026-01-16,БЫТ-001,Бытовая химия,1,24,145.02
2026-01-17,БЫТ-001,Бытовая химия,3,21,145.02
2026-01-18,БЫТ-001,Бытовая химия,1,20,145.02
2026-01-19,БЫТ-001,Бытовая химия,0,31,145.02
2026-01-20,БЫТ-001,Бытовая химия,3,28,145.02
2026-01-21,БЫТ-001,Бытовая химия,0,28,145.02
2026-01-22,БЫТ-001,Бытовая химия,1,27,145.02
2026-01-23,БЫТ-001,Бытовая химия,3,24,145.02
2026-01-24,БЫТ-001,Бытовая химия,2,22,145.02
2026-01-25,БЫТ-001,Бытовая химия,0,22,145.02
2026-01-26,БЫТ-001,Бытовая химия,0,31,145.02
2026-01-27,БЫТ-001,Бытовая химия,2,29,145.02
2026-01-28,БЫТ-001,Бытовая химия,3,26,145.02
2026-01-29,БЫТ-001,Бытовая химия,0,26,145.02
2026-01-30,БЫТ-001,Бытовая химия,4,22,145.02
2026-01-31,БЫТ-001,Бытовая химия,1,21,145.02
2026-02-01,БЫТ-001,Бытовая химия,3,18,145.02
2026-02-02,БЫТ-001,Бытовая химия,3,28,145.02
2026-02-03,БЫТ-001,Бытовая химия,2,26,145.02
2026-02-04,БЫТ-001,Бытовая химия,1,25,145.02
2026-02-05,БЫТ-001,Бытовая химия,3,22,145.02
2026-02-06,БЫТ-001,Бытовая химия,1,21,145.02
2026-02-07,БЫТ-001,Бытовая химия,1,20,145.02
2026-02-08,БЫТ-001,Бытовая химия,0,20,145.02
2026-02-09,БЫТ-001,Бытовая химия,1,30,145.02
2026-02-10,БЫТ-001,Бытовая химия,1,29,145.02
2026-02-11,БЫТ-001,Бытовая химия,3,26,145.02
2026-02-12,БЫТ-001,Бытовая химия,0,26,145.02
2026-02-13,БЫТ-001,Бытовая химия,2,24,145.02
2026-02-14,БЫТ-001,Бытовая химия,0,24,145.02
2026-02-15,БЫТ-001,Бытовая химия,2,22,145.02
2026-02-16,БЫТ-001,Бытовая химия,4,27,145.02
2026-02-17,БЫТ-001,Бытовая химия,0,27,145.02
2026-02-18,БЫТ-001,Бытовая химия,0,27,145.02
2026-02-19,БЫТ-001,Бытовая химия,2,25,145.02
2026-02-20,БЫТ-001,Бытовая химия,2,23,145.02
2026-02-21,БЫТ-001,Бытовая химия,1,22,145.02
2026-02-22,БЫТ-001,Бытовая химия,2,20,145.02
2026-02-23,БЫТ-001,Бытовая химия,1,30,145.02
2026-02-24,БЫТ-001,Бытовая химия,3,27,145.02
2026-02-25,БЫТ-001,Бытовая химия,1,26,145.02
2026-02-26,БЫТ-001,Бытовая химия,2,24,145.02
2026-02-27,БЫТ-001,Бытовая химия,1,23,145.02
2026-02-28,БЫТ-001,Бытовая химия,2,21,145.02
2026-03-01,БЫТ-001,Бытовая химия,3,18,145.02
2026-03-02,БЫТ-001,Бытовая химия,2,29,145.02
2026-03-03,БЫТ-001,Бытовая химия,1,28,145.02
2026-03-04,БЫТ-001,Бытовая химия,3,25,145.02
2026-03-05,БЫТ-001,Бытовая химия,1,24,145.02
2026-03-06,БЫТ-001,Бытовая химия,0,24,145.02
2026-03-07,БЫТ-001,Бытовая химия,1,23,145.02
2026-03-08,БЫТ-001,Бытовая химия,4,19,145.02
2026-03-09,БЫТ-001,Бытовая химия,1,30,145.02
2026-03-10,БЫТ-001,Бытовая химия,3,27,145.02
2026-03-11,БЫТ-001,Бытовая химия,2,25,145.02
2026-03-12,БЫТ-001,Бытовая химия,1,24,145.02
2026-03-13,БЫТ-001,Бытовая химия,1,23,145.02
2026-03-14,БЫТ-001,Бытовая химия,1,22,145.02
2026-03-15,БЫТ-001,Бытовая химия,3,19,145.02
2026-03-16,БЫТ-001,Бытовая химия,3,28,145.02
2026-03-17,БЫТ-001,Бытовая химия,3,25,145.02
2026-03-18,БЫТ-001,Бытовая химия,0,25,145.02
2026-03-19,БЫТ-001,Бытовая химия,0,25,145.02
2026-03-20,БЫТ-001,Бытовая химия,1,24,145.02
2026-03-21,БЫТ-001,Бытовая химия,3,21,145.02
2026-03-22,БЫТ-001,Бытовая химия,4,17,145.02
2026-03-23,БЫТ-001,Бытовая химия,0,31,145.02
2026-03-24,БЫТ-001,Бытовая химия,2,29,145.02
2026-03-25,БЫТ-001,Бытовая химия,1,28,145.02
2026-03-26,БЫТ-001,Бытовая химия,0,28,145.02
2026-03-27,БЫТ-001,Бытовая химия,1,27,145.02
2026-03-28,БЫТ-001,Бытовая химия,1,26,145.02
2026-03-29,БЫТ-001,Бытовая химия,2,24,145.02
2026-03-30,БЫТ-001,Бытовая химия,4,27,145.02
2026-03-31,БЫТ-001,Бытовая химия,3,24,145.02
2026-04-01,БЫТ-001,Бытовая химия,4,20,145.02
2026-04-02,БЫТ-001,Бытовая химия,4,16,145.02
2026-04-03,БЫТ-001,Бытовая химия,2,14,145.02
2026-04-04,БЫТ-001,Бытовая химия,4,10,145.02
2026-04-05,БЫТ-001,Бытовая химия,2,8,145.02
2026-04-06,БЫТ-001,Бытовая химия,8,23,145.02
2026-04-07,БЫТ-001,Бытовая химия,2,21,145.02
2026-04-08,БЫТ-001,Бытовая химия,3,18,145.02
2026-04-09,БЫТ-001,Бытовая химия,4,14,145.02
2026-04-10,БЫТ-001,Бытовая химия,2,12,145.02
2026-04-11,БЫТ-001,Бытовая химия,2,10,145.02
2026-04-12,БЫТ-001,Бытовая химия,3,7,145.02
2026-04-13,БЫТ-001,Бытовая химия,0,31,145.02
2026-04-14,БЫТ-001,Бытовая химия,0,31,145.02
2026-04-15,БЫТ-001,Бытовая химия,4,27,145.02
2026-04-16,БЫТ-001,Бытовая химия,2,25,145.02
2026-04-17,БЫТ-001,Бытовая химия,0,25,145.02
2026-04-18,БЫТ-001,Бытовая химия,1,24,145.02
2026-04-19,БЫТ-001,Бытовая химия,4,20,145.02
2026-04-20,БЫТ-001,Бытовая химия,1,30,145.02
2026-04-21,БЫТ-001,Бытовая химия,2,28,145.02
2026-04-22,БЫТ-001,Бытовая химия,0,28,145.02
2026-04-23,БЫТ-001,Бытовая химия,2,26,145.02
2026-04-24,БЫТ-001,Бытовая химия,3,23,145.02
2026-04-25,БЫТ-001,Бытовая химия,2,21,145.02
2026-04-26,БЫТ-001,Бытовая химия,2,19,145.02
2026-04-27,БЫТ-001,Бытовая химия,0,31,145.02
2026-04-28,БЫТ-001,Бытовая химия,5,26,145.02
2026-04-29,БЫТ-001,Бытовая химия,1,25,145.02
2026-04-30,БЫТ-001,Бытовая химия,1,24,145.02
2026-05-01,БЫТ-001,Бытовая химия,3,21,145.02
2026-05-02,БЫТ-001,Бытовая химия,1,20,145.02
2026-05-03,БЫТ-001,Бытовая химия,1,19,145.02
2026-05-04,БЫТ-001,Бытовая химия,2,29,145.02
2026-05-05,БЫТ-001,Бытовая химия,2,27,145.02
2026-05-06,БЫТ-001,Бытовая химия,1,26,145.02
2026-05-07,БЫТ-001,Бытовая химия,1,25,145.02
2026-05-08,БЫТ-001,Бытовая химия,2,23,145.02
2026-05-09,БЫТ-001,Бытовая химия,2,21,145.02
2026-05-10,БЫТ-001,Бытовая химия,0,21,145.02
2026-05-11,БЫТ-001,Бытовая химия,1,30,145.02
2026-05-12,БЫТ-001,Бытовая химия,0,30,145.02
2026-05-13,БЫТ-001,Бытовая химия,0,30,145.02
2026-05-14,БЫТ-001,Бытовая химия,0,30,145.02
2026-05-15,БЫТ-001,Бытовая химия,0,30,145.02
2026-05-16,БЫТ-001,Бытовая химия,3,27,145.02
2026-05-17,БЫТ-001,Бытовая химия,2,25,145.02
2026-05-18,БЫТ-001,Бытовая химия,2,29,145.02
2026-05-19,БЫТ-001,Бытовая химия,0,29,145.02
2026-05-20,БЫТ-001,Бытовая химия,3,26,145.02
2026-05-21,БЫТ-001,Бытовая химия,5,21,145.02
2026-05-22,БЫТ-001,Бытовая химия,2,19,145.02
2026-05-23,БЫТ-001,Бытовая химия,4,15,145.02
2026-05-24,БЫТ-001,Бытовая химия,2,13,145.02
2026-05-25,БЫТ-001,Бытовая химия,0,31,145.02
2026-05-26,БЫТ-001,Бытовая химия,2,29,145.02
2026-05-27,БЫТ-001,Бытовая химия,3,26,145.02
2026-05-28,БЫТ-001,Бытовая химия,0,26,145.02
2026-05-29,БЫТ-001,Бытовая химия,2,24,145.02
2026-05-30,БЫТ-001,Бытовая химия,3,21,145.02
2026-05-31,БЫТ-001,Бытовая химия,0,21,145.02
2026-06-01,БЫТ-001,Бытовая химия,0,31,145.02
2026-06-02,БЫТ-001,Бытовая химия,1,30,145.02
2026-06-03,БЫТ-001,Бытовая химия,0,30,145.02
2026-06-04,БЫТ-001,Бытовая химия,3,27,145.02
2026-06-05,БЫТ-001,Бытовая химия,4,23,145.02
2026-06-06,БЫТ-001,Бытовая химия,4,19,145.02
2026-06-07,БЫТ-001,Бытовая химия,2,17,145.02
2026-06-08,БЫТ-001,Бытовая химия,1,30,145.02
2026-06-09,БЫТ-001,Бытовая химия,3,27,145.02
2026-06-10,БЫТ-001,Бытовая химия,2,25,145.02
2026-06-11,БЫТ-001,Бытовая химия,3,22,145.02
2026-06-12,БЫТ-001,Бытовая химия,2,20,145.02
2026-06-13,БЫТ-001,Бытовая химия,1,19,145.02
2026-06-14,БЫТ-001,Бытовая химия,1,18,145.02
2026-06-15,БЫТ-001,Бытовая химия,3,28,145.02
2026-06-16,БЫТ-001,Бытовая химия,2,26,145.02
2026-06-17,БЫТ-001,Бытовая химия,2,24,145.02
2026-06-18,БЫТ-001,Бытовая химия,2,22,145.02
2026-06-19,БЫТ-001,Бытовая химия,1,21,145.02
2026-06-20,БЫТ-001,Бытовая химия,1,20,145.02
2026-06-21,БЫТ-001,Бытовая химия,6,14,145.02
2026-06-22,БЫТ-001,Бытовая химия,2,29,145.02
2026-06-23,БЫТ-001,Бытовая химия,1,28,145.02
2026-06-24,БЫТ-001,Бытовая химия,4,24,145.02
2026-06-25,БЫТ-001,Бытовая химия,1,23,145.02
2026-06-26,БЫТ-001,Бытовая химия,3,20,145.02
2026-06-27,БЫТ-001,Бытовая химия,1,19,145.02
2026-06-28,БЫТ-001,Бытовая химия,4,15,145.02
2026-06-29,БЫТ-001,Бытовая химия,3,28,145.02
2026-06-30,БЫТ-001,Бытовая химия,2,26,145.02
2026-07-01,БЫТ-001,Бытовая химия,2,24,145.02
2026-07-02,БЫТ-001,Бытовая химия,2,22,145.02
2026-07-03,БЫТ-001,Бытовая химия,1,21,145.02
2026-07-04,БЫТ-001,Бытовая химия,2,19,145.02
2026-07-05,БЫТ-001,Бытовая химия,1,18,145.02
2026-07-06,БЫТ-001,Бытовая химия,1,30,145.02
2026-07-07,БЫТ-001,Бытовая химия,2,28,145.02
2026-07-08,БЫТ-001,Бытовая химия,3,25,145.02
2026-07-09,БЫТ-001,Бытовая химия,1,24,145.02
2026-07-10,БЫТ-001,Бытовая химия,2,22,145.02
2026-07-11,БЫТ-001,Бытовая химия,2,20,145.02
2026-07-12,БЫТ-001,Бытовая химия,0,20,145.02
2026-07-13,БЫТ-001,Бытовая химия,2,29,145.02
2026-07-14,БЫТ-001,Бытовая химия,0,29,145.02
2026-07-15,БЫТ-001,Бытовая химия,2,27,145.02
2026-07-16,БЫТ-001,Бытовая химия,0,27,145.02
2026-07-17,БЫТ-001,Бытовая химия,0,27,145.02
2026-07-18,БЫТ-001,Бытовая химия,2,25,145.02
2026-07-19,БЫТ-001,Бытовая химия,3,22,145.02
2026-07-20,БЫТ-001,Бытовая химия,3,28,145.02
2026-07-21,БЫТ-001,Бытовая химия,0,28,145.02
2026-07-22,БЫТ-001,Бытовая химия,2,26,145.02
2026-07-23,БЫТ-001,Бытовая химия,4,22,145.02
2026-07-24,БЫТ-001,Бытовая химия,0,22,145.02
2026-07-25,БЫТ-001,Бытовая химия,0,22,145.02
2026-07-26,БЫТ-001,Бытовая химия,0,22,145.02
2026-07-27,БЫТ-001,Бытовая химия,2,29,145.02
2026-07-28,БЫТ-001,Бытовая химия,0,29,145.02
2026-07-29,БЫТ-001,Бытовая химия,4,25,145.02
2026-07-30,БЫТ-001,Бытовая химия,2,23,145.02
2026-07-31,БЫТ-001,Бытовая химия,3,20,145.02
2026-08-01,БЫТ-001,Бытовая химия,1,19,145.02
2026-08-02,БЫТ-001,Бытовая химия,1,18,145.02
2026-08-03,БЫТ-001,Бытовая химия,1,30,145.02
2026-08-04,БЫТ-001,Бытовая химия,0,30,145.02
2026-08-05,БЫТ-001,Бытовая химия,1,29,145.02
2026-08-06,БЫТ-001,Бытовая химия,0,29,145.02
2026-08-07,БЫТ-001,Бытовая химия,2,27,145.02
2026-08-08,БЫТ-001,Бытовая химия,1,26,145.02
2026-08-09,БЫТ-001,Бытовая химия,1,25,145.02
2026-08-10,БЫТ-001,Бытовая химия,3,28,145.02
2026-08-11,БЫТ-001,Бытовая химия,2,26,145.02
2026-08-12,БЫТ-001,Бытовая химия,2,24,145.02
2026-08-13,БЫТ-001,Бытовая химия,2,22,145.02
2026-08-14,БЫТ-001,Бытовая химия,5,17,145.02
2026-08-15,БЫТ-001,Бытовая химия,2,15,145.02
2026-08-16,БЫТ-001,Бытовая химия,6,9,145.02
2026-08-17,БЫТ-001,Бытовая химия,0,31,145.02
2026-08-18,БЫТ-001,Бытовая химия,0,31,145.02
2026-08-19,БЫТ-001,Бытовая химия,3,28,145.02
2026-08-20,БЫТ-001,Бытовая химия,1,27,145.02
2026-08-21,БЫТ-001,Бытовая химия,3,24,145.02
2026-08-22,БЫТ-001,Бытовая химия,3,21,145.02
2026-08-23,БЫТ-001,Бытовая химия,4,17,145.02
2026-08-24,БЫТ-001,Бытовая химия,4,27,145.02
2026-08-25,БЫТ-001,Бытовая химия,0,27,145.02
2026-08-26,БЫТ-001,Бытовая химия,0,27,145.02
2026-08-27,БЫТ-001,Бытовая химия,2,25,145.02
2026-08-28,БЫТ-001,Бытовая химия,0,25,145.02
2026-08-29,БЫТ-001,Бытовая химия,8,17,145.02
2026-08-30,БЫТ-001,Бытовая химия,2,15,145.02
2026-08-31,БЫТ-001,Бытовая химия,3,28,145.02
2026-09-01,БЫТ-001,Бытовая химия,0,28,145.02
2026-09-02,БЫТ-001,Бытовая химия,1,27,145.02
2026-09-03,БЫТ-001,Бытовая химия,1,26,145.02
2026-09-04,БЫТ-001,Бытовая химия,2,24,145.02
2026-09-05,БЫТ-001,Бытовая химия,2,22,145.02
2026-09-06,БЫТ-001,Бытовая химия,0,22,145.02
2026-09-07,БЫТ-001,Бытовая химия,1,30,145.02
2026-09-08,БЫТ-001,Бытовая химия,2,28,145.02
2026-09-09,БЫТ-001,Бытовая химия,3,25,145.02
2026-09-10,БЫТ-001,Бытовая химия,3,22,145.02
2026-09-11,БЫТ-001,Бытовая химия,0,22,145.02
2026-09-12,БЫТ-001,Бытовая химия,4,18,145.02
2026-09-13,БЫТ-001,Бытовая химия,4,14,145.02
2026-09-14,БЫТ-001,Бытовая химия,4,27,145.02
2026-09-15,БЫТ-001,Бытовая химия,0,27,145.02
2026-09-16,БЫТ-001,Бытовая химия,3,24,145.02
2026-09-17,БЫТ-001,Бытовая химия,0,24,145.02
2026-09-18,БЫТ-001,Бытовая химия,1,23,145.02
2026-09-19,БЫТ-001,Бытовая химия,1,22,145.02
2026-09-20,БЫТ-001,Бытовая химия,3,19,145.02
2026-09-21,БЫТ-001,Бытовая химия,1,30,145.02
2026-09-22,БЫТ-001,Бытовая химия,3,27,145.02
2026-09-23,БЫТ-001,Бытовая химия,2,25,145.02
2026-09-24,БЫТ-001,Бытовая химия,1,24,145.02
2026-09-25,БЫТ-001,Бытовая химия,3,21,145.02
2026-09-26,БЫТ-001,Бытовая химия,0,21,145.02
2026-09-27,БЫТ-001,Бытовая химия,4,17,145.02
2026-09-28,БЫТ-001,Бытовая химия,2,29,145.02
2026-09-29,БЫТ-001,Бытовая химия,0,29,145.02
2026-09-30,БЫТ-001,Бытовая химия,0,29,145.02
2025-06-01,БЫТ-002,Бытовая химия,2,7,109.03
2025-06-02,БЫТ-002,Бытовая химия,1,7,109.03
2025-06-03,БЫТ-002,Бытовая химия,0,7,109.03
2025-06-04,БЫТ-002,Бытовая химия,0,7,109.03
2025-06-05,БЫТ-002,Бытовая химия,0,7,109.03
2025-06-06,БЫТ-002,Бытовая химия,0,7,109.03
2025-06-07,БЫТ-002,Бытовая химия,0,7,109.03
2025-06-08,БЫТ-002,Бытовая химия,0,7,109.03
2025-06-09,БЫТ-002,Бытовая химия,0,8,109.03
2025-06-10,БЫТ-002,Бытовая химия,0,8,109.03
2025-06-11,БЫТ-002,Бытовая химия,0,8,109.03
2025-06-12,БЫТ-002,Бытовая химия,0,8,109.03
2025-06-13,БЫТ-002,Бытовая химия,0,8,109.03
2025-06-14,БЫТ-002,Бытовая химия,0,8,109.03
2025-06-15,БЫТ-002,Бытовая химия,1,7,109.03
2025-06-16,БЫТ-002,Бытовая химия,0,8,109.03
2025-06-17,БЫТ-002,Бытовая химия,3,5,109.03
2025-06-18,БЫТ-002,Бытовая химия,0,5,109.03
2025-06-19,БЫТ-002,Бытовая химия,0,5,109.03
2025-06-20,БЫТ-002,Бытовая химия,0,5,109.03
2025-06-21,БЫТ-002,Бытовая химия,2,3,109.03
2025-06-22,БЫТ-002,Бытовая химия,0,3,109.03
2025-06-23,БЫТ-002,Бытовая химия,0,8,109.03
2025-06-24,БЫТ-002,Бытовая химия,0,8,109.03
2025-06-25,БЫТ-002,Бытовая химия,0,8,109.03
2025-06-26,БЫТ-002,Бытовая химия,0,8,109.03
2025-06-27,БЫТ-002,Бытовая химия,0,8,109.03
2025-06-28,БЫТ-002,Бытовая химия,1,7,109.03
2025-06-29,БЫТ-002,Бытовая химия,0,7,109.03
2025-06-30,БЫТ-002,Бытовая химия,0,8,109.03
2025-07-01,БЫТ-002,Бытовая химия,0,8,109.03
2025-07-02,БЫТ-002,Бытовая химия,0,8,109.03
2025-07-03,БЫТ-002,Бытовая химия,0,8,109.03
2025-07-04,БЫТ-002,Бытовая химия,0,8,109.03
2025-07-05,БЫТ-002,Бытовая химия,0,8,109.03
2025-07-06,БЫТ-002,Бытовая химия,0,8,109.03
2025-07-07,БЫТ-002,Бытовая химия,0,8,109.03
2025-07-08,БЫТ-002,Бытовая химия,0,8,109.03
2025-07-09,БЫТ-002,Бытовая химия,0,8,109.03
2025-07-10,БЫТ-002,Бытовая химия,0,8,109.03
2025-07-11,БЫТ-002,Бытовая химия,1,7,109.03
2025-07-12,БЫТ-002,Бытовая химия,0,7,109.03
2025-07-13,БЫТ-002,Бытовая химия,0,7,109.03
2025-07-14,БЫТ-002,Бытовая химия,2,6,109.03
2025-07-15,БЫТ-002,Бытовая химия,0,6,109.03
2025-07-16,БЫТ-002,Бытовая химия,0,6,109.03
2025-07-17,БЫТ-002,Бытовая химия,0,6,109.03
2025-07-18,БЫТ-002,Бытовая химия,0,6,109.03
2025-07-19,БЫТ-002,Бытовая химия,0,6,109.03
2025-07-20,БЫТ-002,Бытовая химия,2,4,109.03
2025-07-21,БЫТ-002,Бытовая химия,0,8,109.03
2025-07-22,БЫТ-002,Бытовая химия,0,8,109.03
2025-07-23,БЫТ-002,Бытовая химия,0,8,109.03
2025-07-24,БЫТ-002,Бытовая химия,0,8,109.03
2025-07-25,БЫТ-002,Бытовая химия,0,8,109.03
2025-07-26,БЫТ-002,Бытовая химия,0,8,109.03
2025-07-27,БЫТ-002,Бытовая химия,0,8,109.03
2025-07-28,БЫТ-002,Бытовая химия,4,4,109.03
2025-07-29,БЫТ-002,Бытовая химия,0,4,109.03
2025-07-30,БЫТ-002,Бытовая химия,0,4,109.03
2025-07-31,БЫТ-002,Бытовая химия,0,4,109.03
2025-08-01,БЫТ-002,Бытовая химия,2,2,109.03
2025-08-02,БЫТ-002,Бытовая химия,2,0,109.03
2025-08-03,БЫТ-002,Бытовая химия,0,0,109.03
2025-08-04,БЫТ-002,Бытовая химия,0,8,109.03
2025-08-05,БЫТ-002,Бытовая химия,0,8,109.03
2025-08-06,БЫТ-002,Бытовая химия,0,8,109.03
2025-08-07,БЫТ-002,Бытовая химия,0,8,109.03
2025-08-08,БЫТ-002,Бытовая химия,0,8,109.03
2025-08-09,БЫТ-002,Бытовая химия,0,8,109.03
2025-08-10,БЫТ-002,Бытовая химия,0,8,109.03
2025-08-11,БЫТ-002,Бытовая химия,0,8,109.03
2025-08-12,БЫТ-002,Бытовая химия,0,8,109.03
2025-08-13,БЫТ-002,Бытовая химия,0,8,109.03
2025-08-14,БЫТ-002,Бытовая химия,0,8,109.03
2025-08-15,БЫТ-002,Бытовая химия,0,8,109.03
2025-08-16,БЫТ-002,Бытовая химия,0,8,109.03
2025-08-17,БЫТ-002,Бытовая химия,0,8,109.03
2025-08-18,БЫТ-002,Бытовая химия,0,8,109.03
2025-08-19,БЫТ-002,Бытовая химия,0,8,109.03
2025-08-20,БЫТ-002,Бытовая химия,0,8,109.03
2025-08-21,БЫТ-002,Бытовая химия,0,8,109.03
2025-08-22,БЫТ-002,Бытовая химия,0,8,109.03
2025-08-23,БЫТ-002,Бытовая химия,0,8,109.03
2025-08-24,БЫТ-002,Бытовая химия,0,8,109.03
2025-08-25,БЫТ-002,Бытовая химия,0,8,109.03
2025-08-26,БЫТ-002,Бытовая химия,0,8,109.03
2025-08-27,БЫТ-002,Бытовая химия,0,8,109.03
2025-08-28,БЫТ-002,Бытовая химия,0,8,109.03
2025-08-29,БЫТ-002,Бытовая химия,0,8,109.03
2025-08-30,БЫТ-002,Бытовая химия,0,8,109.03
2025-08-31,БЫТ-002,Бытовая химия,0,8,109.03
2025-09-01,БЫТ-002,Бытовая химия,0,8,109.03
2025-09-02,БЫТ-002,Бытовая химия,0,8,109.03
2025-09-03,БЫТ-002,Бытовая химия,0,8,109.03
2025-09-04,БЫТ-002,Бытовая химия,0,8,109.03
2025-09-05,БЫТ-002,Бытовая химия,0,8,109.03
2025-09-06,БЫТ-002,Бытовая химия,3,5,109.03
2025-09-07,БЫТ-002,Бытовая химия,4,1,109.03
2025-09-08,БЫТ-002,Бытовая химия,0,8,109.03
2025-09-09,БЫТ-002,Бытовая химия,2,6,109.03
2025-09-10,БЫТ-002,Бытовая химия,0,6,109.03
2025-09-11,БЫТ-002,Бытовая химия,0,6,109.03
2025-09-12,БЫТ-002,Бытовая химия,0,6,109.03
2025-09-13,БЫТ-002,Бытовая химия,0,6,109.03
2025-09-14,БЫТ-002,Бытовая химия,0,6,109.03
2025-09-15,БЫТ-002,Бытовая химия,0,8,109.03
2025-09-16,БЫТ-002,Бытовая химия,0,8,109.03
2025-09-17,БЫТ-002,Бытовая химия,0,8,109.03
2025-09-18,БЫТ-002,Бытовая химия,0,8,109.03
2025-09-19,БЫТ-002,Бытовая химия,0,8,109.03
2025-09-20,БЫТ-002,Бытовая химия,0,8,109.03
2025-09-21,БЫТ-002,Бытовая химия,0,8,109.03
2025-09-22,БЫТ-002,Бытовая химия,0,8,109.03
2025-09-23,БЫТ-002,Бытовая химия,0,8,109.03
2025-09-24,БЫТ-002,Бытовая химия,0,8,109.03
2025-09-25,БЫТ-002,Бытовая химия,0,8,109.03
2025-09-26,БЫТ-002,Бытовая химия,0,8,109.03
2025-09-27,БЫТ-002,Бытовая химия,0,8,109.03
2025-09-28,БЫТ-002,Бытовая химия,0,8,109.03
2025-09-29,БЫТ-002,Бытовая химия,0,8,109.03
2025-09-30,БЫТ-002,Бытовая химия,0,8,109.03
2025-10-01,БЫТ-002,Бытовая химия,0,8,109.03
2025-10-02,БЫТ-002,Бытовая химия,0,8,109.03
2025-10-03,БЫТ-002,Бытовая химия,0,8,109.03
2025-10-04,БЫТ-002,Бытовая химия,0,8,109.03
2025-10-05,БЫТ-002,Бытовая химия,0,8,109.03
2025-10-06,БЫТ-002,Бытовая химия,0,8,109.03
2025-10-07,БЫТ-002,Бытовая химия,0,8,109.03
2025-10-08,БЫТ-002,Бытовая химия,0,8,109.03
2025-10-09,БЫТ-002,Бытовая химия,0,8,109.03
2025-10-10,БЫТ-002,Бытовая химия,2,6,109.03
2025-10-11,БЫТ-002,Бытовая химия,0,6,109.03
2025-10-12,БЫТ-002,Бытовая химия,0,6,109.03
2025-10-13,БЫТ-002,Бытовая химия,4,4,109.03
2025-10-14,БЫТ-002,Бытовая химия,1,3,109.03
2025-10-15,БЫТ-002,Бытовая химия,0,3,109.03
2025-10-16,БЫТ-002,Бытовая химия,0,3,109.03
2025-10-17,БЫТ-002,Бытовая химия,0,3,109.03
2025-10-18,БЫТ-002,Бытовая химия,0,3,109.03
2025-10-19,БЫТ-002,Бытовая химия,0,3,109.03
2025-10-20,БЫТ-002,Бытовая химия,0,8,109.03
2025-10-21,БЫТ-002,Бытовая химия,0,8,109.03
2025-10-22,БЫТ-002,Бытовая химия,0,8,109.03
2025-10-23,БЫТ-002,Бытовая химия,0,8,109.03
2025-10-24,БЫТ-002,Бытовая химия,2,6,109.03
2025-10-25,БЫТ-002,Бытовая химия,2,4,109.03
2025-10-26,БЫТ-002,Бытовая химия,0,4,109.03
2025-10-27,БЫТ-002,Бытовая химия,0,8,109.03
2025-10-28,БЫТ-002,Бытовая химия,0,8,109.03
2025-10-29,БЫТ-002,Бытовая химия,0,8,109.03
2025-10-30,БЫТ-002,Бытовая химия,0,8,109.03
2025-10-31,БЫТ-002,Бытовая химия,0,8,109.03
2025-11-01,БЫТ-002,Бытовая химия,0,8,109.03
2025-11-02,БЫТ-002,Бытовая химия,0,8,109.03
2025-11-03,БЫТ-002,Бытовая химия,0,8,109.03
2025-11-04,БЫТ-002,Бытовая химия,1,7,109.03
2025-11-05,БЫТ-002,Бытовая химия,0,7,109.03
2025-11-06,БЫТ-002,Бытовая химия,0,7,109.03
2025-11-07,БЫТ-002,Бытовая химия,0,7,109.03
2025-11-08,БЫТ-002,Бытовая химия,0,7,109.03
2025-11-09,БЫТ-002,Бытовая химия,0,7,109.03
2025-11-10,БЫТ-002,Бытовая химия,3,5,109.03
2025-11-11,БЫТ-002,Бытовая химия,1,4,109.03
2025-11-12,БЫТ-002,Бытовая химия,0,4,109.03
2025-11-13,БЫТ-002,Бытовая химия,0,4,109.03
2025-11-14,БЫТ-002,Бытовая химия,0,4,109.03
2025-11-15,БЫТ-002,Бытовая химия,0,4,109.03
2025-11-16,БЫТ-002,Бытовая химия,0,4,109.03
2025-11-17,БЫТ-002,Бытовая химия,0,8,109.03
2025-11-18,БЫТ-002,Бытовая химия,0,8,109.03
2025-11-19,БЫТ-002,Бытовая химия,0,8,109.03
2025-11-20,БЫТ-002,Бытовая химия,0,8,109.03
2025-11-21,БЫТ-002,Бытовая химия,0,8,109.03
2025-11-22,БЫТ-002,Бытовая химия,0,8,109.03
2025-11-23,БЫТ-002,Бытовая химия,0,8,109.03
2025-11-24,БЫТ-002,Бытовая химия,0,8,109.03
2025-11-25,БЫТ-002,Бытовая химия,0,8,109.03
2025-11-26,БЫТ-002,Бытовая химия,0,8,109.03
2025-11-27,БЫТ-002,Бытовая химия,0,8,109.03
2025-11-28,БЫТ-002,Бытовая химия,0,8,109.03
2025-11-29,БЫТ-002,Бытовая химия,0,8,109.03
2025-11-30,БЫТ-002,Бытовая химия,0,8,109.03
2025-12-01,БЫТ-002,Бытовая химия,0,8,109.03
2025-12-02,БЫТ-002,Бытовая химия,0,8,109.03
2025-12-03,БЫТ-002,Бытовая химия,0,8,109.03
2025-12-04,БЫТ-002,Бытовая химия,0,8,109.03
2025-12-05,БЫТ-002,Бытовая химия,0,8,109.03
2025-12-06,БЫТ-002,Бытовая химия,2,6,109.03
2025-12-07,БЫТ-002,Бытовая химия,0,6,109.03
2025-12-08,БЫТ-002,Бытовая химия,0,8,109.03
2025-12-09,БЫТ-002,Бытовая химия,0,8,109.03
2025-12-10,БЫТ-002,Бытовая химия,0,8,109.03
2025-12-11,БЫТ-002,Бытовая химия,0,8,109.03
2025-12-12,БЫТ-002,Бытовая химия,0,8,109.03
2025-12-13,БЫТ-002,Бытовая химия,0,8,109.03
2025-12-14,БЫТ-002,Бытовая химия,0,8,109.03
2025-12-15,БЫТ-002,Бытовая химия,0,8,109.03
2025-12-16,БЫТ-002,Бытовая химия,0,8,109.03
2025-12-17,БЫТ-002,Бытовая химия,0,8,109.03
2025-12-18,БЫТ-002,Бытовая химия,0,8,109.03
2025-12-19,БЫТ-002,Бытовая химия,0,8,109.03
2025-12-20,БЫТ-002,Бытовая химия,0,8,109.03
2025-12-21,БЫТ-002,Бытовая химия,0,8,109.03
2025-12-22,БЫТ-002,Бытовая химия,0,8,109.03
2025-12-23,БЫТ-002,Бытовая химия,0,8,109.03
2025-12-24,БЫТ-002,Бытовая химия,2,6,109.03
2025-12-25,БЫТ-002,Бытовая химия,0,6,109.03
2025-12-26,БЫТ-002,Бытовая химия,1,5,109.03
2025-12-27,БЫТ-002,Бытовая химия,0,5,109.03
2025-12-28,БЫТ-002,Бытовая химия,4,1,109.03
2025-12-29,БЫТ-002,Бытовая химия,0,8,109.03
2025-12-30,БЫТ-002,Бытовая химия,0,8,109.03
2025-12-31,БЫТ-002,Бытовая химия,0,8,109.03
2026-01-01,БЫТ-002,Бытовая химия,0,8,109.03
2026-01-02,БЫТ-002,Бытовая химия,4,4,109.03
2026-01-03,БЫТ-002,Бытовая химия,0,4,109.03
2026-01-04,БЫТ-002,Бытовая химия,0,4,109.03
2026-01-05,БЫТ-002,Бытовая химия,0,8,109.03
2026-01-06,БЫТ-002,Бытовая химия,0,8,109.03
2026-01-07,БЫТ-002,Бытовая химия,0,8,109.03
2026-01-08,БЫТ-002,Бытовая химия,0,8,109.03
2026-01-09,БЫТ-002,Бытовая химия,0,8,109.03
2026-01-10,БЫТ-002,Бытовая химия,0,8,109.03
2026-01-11,БЫТ-002,Бытовая химия,0,8,109.03
2026-01-12,БЫТ-002,Бытовая химия,0,8,109.03
2026-01-13,БЫТ-002,Бытовая химия,0,8,109.03
2026-01-14,БЫТ-002,Бытовая химия,0,8,109.03
2026-01-15,БЫТ-002,Бытовая химия,0,8,109.03
2026-01-16,БЫТ-002,Бытовая химия,0,8,109.03
2026-01-17,БЫТ-002,Бытовая химия,0,8,109.03
2026-01-18,БЫТ-002,Бытовая химия,3,5,109.03
2026-01-19,БЫТ-002,Бытовая химия,0,8,109.03
2026-01-20,БЫТ-002,Бытовая химия,0,8,109.03
2026-01-21,БЫТ-002,Бытовая химия,0,8,109.03
2026-01-22,БЫТ-002,Бытовая химия,0,8,109.03
2026-01-23,БЫТ-002,Бытовая химия,1,7,109.03
2026-01-24,БЫТ-002,Бытовая химия,0,7,109.03
2026-01-25,БЫТ-002,Бытовая химия,0,7,109.03
2026-01-26,БЫТ-002,Бытовая химия,0,8,109.03
2026-01-27,БЫТ-002,Бытовая химия,0,8,109.03
2026-01-28,БЫТ-002,Бытовая химия,0,8,109.03
2026-01-29,БЫТ-002,Бытовая химия,0,8,109.03
2026-01-30,БЫТ-002,Бытовая химия,0,8,109.03
2026-01-31,БЫТ-002,Бытовая химия,0,8,109.03
2026-02-01,БЫТ-002,Бытовая химия,1,7,109.03
2026-02-02,БЫТ-002,Бытовая химия,3,5,109.03
2026-02-03,БЫТ-002,Бытовая химия,0,5,109.03
2026-02-04,БЫТ-002,Бытовая химия,3,2,109.03
2026-02-05,БЫТ-002,Бытовая химия,0,2,109.03
2026-02-06,БЫТ-002,Бытовая химия,0,2,109.03
2026-02-07,БЫТ-002,Бытовая химия,0,2,109.03
2026-02-08,БЫТ-002,Бытовая химия,1,1,109.03
2026-02-09,БЫТ-002,Бытовая химия,0,8,109.03
2026-02-10,БЫТ-002,Бытовая химия,0,8,109.03
2026-02-11,БЫТ-002,Бытовая химия,0,8,109.03
2026-02-12,БЫТ-002,Бытовая химия,0,8,109.03
2026-02-13,БЫТ-002,Бытовая химия,0,8,109.03
2026-02-14,БЫТ-002,Бытовая химия,0,8,109.03
2026-02-15,БЫТ-002,Бытовая химия,0,8,109.03
2026-02-16,БЫТ-002,Бытовая химия,0,8,109.03
2026-02-17,БЫТ-002,Бытовая химия,0,8,109.03
2026-02-18,БЫТ-002,Бытовая химия,0,8,109.03
2026-02-19,БЫТ-002,Бытовая химия,0,8,109.03
2026-02-20,БЫТ-002,Бытовая химия,0,8,109.03
2026-02-21,БЫТ-002,Бытовая химия,0,8,109.03
2026-02-22,БЫТ-002,Бытовая химия,3,5,109.03
2026-02-23,БЫТ-002,Бытовая химия,0,8,109.03
2026-02-24,БЫТ-002,Бытовая химия,0,8,109.03
2026-02-25,БЫТ-002,Бытовая химия,2,6,109.03
2026-02-26,БЫТ-002,Бытовая химия,1,5,109.03
2026-02-27,БЫТ-002,Бытовая химия,0,5,109.03
2026-02-28,БЫТ-002,Бытовая химия,4,1,109.03
2026-03-01,БЫТ-002,Бытовая химия,0,1,109.03
2026-03-02,БЫТ-002,Бытовая химия,0,8,109.03
2026-03-03,БЫТ-002,Бытовая химия,0,8,109.03
2026-03-04,БЫТ-002,Бытовая химия,0,8,109.03
2026-03-05,БЫТ-002,Бытовая химия,0,8,109.03
2026-03-06,БЫТ-002,Бытовая химия,2,6,109.03
2026-03-07,БЫТ-002,Бытовая химия,0,6,109.03
2026-03-08,БЫТ-002,Бытовая химия,0,6,109.03
2026-03-09,БЫТ-002,Бытовая химия,0,8,109.03
2026-03-10,БЫТ-002,Бытовая химия,0,8,109.03
2026-03-11,БЫТ-002,Бытовая химия,0,8,109.03
2026-03-12,БЫТ-002,Бытовая химия,0,8,109.03
2026-03-13,БЫТ-002,Бытовая химия,0,8,109.03
2026-03-14,БЫТ-002,Бытовая химия,0,8,109.03
2026-03-15,БЫТ-002,Бытовая химия,3,5,109.03
2026-03-16,БЫТ-002,Бытовая химия,0,8,109.03
2026-03-17,БЫТ-002,Бытовая химия,1,7,109.03
2026-03-18,БЫТ-002,Бытовая химия,0,7,109.03
2026-03-19,БЫТ-002,Бытовая химия,0,7,109.03
2026-03-20,БЫТ-002,Бытовая химия,6,1,109.03
2026-03-21,БЫТ-002,Бытовая химия,0,1,109.03
2026-03-22,БЫТ-002,Бытовая химия,0,1,109.03
2026-03-23,БЫТ-002,Бытовая химия,0,8,109.03
2026-03-24,БЫТ-002,Бытовая химия,0,8,109.03
2026-03-25,БЫТ-002,Бытовая химия,0,8,109.03
2026-03-26,БЫТ-002,Бытовая химия,3,5,109.03
2026-03-27,БЫТ-002,Бытовая химия,1,4,109.03
2026-03-28,БЫТ-002,Бытовая химия,1,3,109.03
2026-03-29,БЫТ-002,Бытовая химия,0,3,109.03
2026-03-30,БЫТ-002,Бытовая химия,0,8,109.03
2026-03-31,БЫТ-002,Бытовая химия,0,8,109.03
2026-04-01,БЫТ-002,Бытовая химия,4,4,109.03
2026-04-02,БЫТ-002,Бытовая химия,0,4,109.03
2026-04-03,БЫТ-002,Бытовая химия,0,4,109.03
2026-04-04,БЫТ-002,Бытовая химия,2,2,109.03
2026-04-05,БЫТ-002,Бытовая химия,0,2,109.03
2026-04-06,БЫТ-002,Бытовая химия,0,8,109.03
2026-04-07,БЫТ-002,Бытовая химия,0,8,109.03
2026-04-08,БЫТ-002,Бытовая химия,0,8,109.03
2026-04-09,БЫТ-002,Бытовая химия,0,8,109.03
2026-04-10,БЫТ-002,Бытовая химия,0,8,109.03
2026-04-11,БЫТ-002,Бытовая химия,0,8,109.03
2026-04-12,БЫТ-002,Бытовая химия,0,8,109.03
2026-04-13,БЫТ-002,Бытовая химия,0,8,109.03
2026-04-14,БЫТ-002,Бытовая химия,0,8,109.03
2026-04-15,БЫТ-002,Бытовая химия,0,8,109.03
2026-04-16,БЫТ-002,Бытовая химия,0,8,109.03
2026-04-17,БЫТ-002,Бытовая химия,0,8,109.03
2026-04-18,БЫТ-002,Бытовая химия,5,3,109.03
2026-04-19,БЫТ-002,Бытовая химия,0,3,109.03
2026-04-20,БЫТ-002,Бытовая химия,0,8,109.03
2026-04-21,БЫТ-002,Бытовая химия,0,8,109.03
2026-04-22,БЫТ-002,Бытовая химия,0,8,109.03
2026-04-23,БЫТ-002,Бытовая химия,0,8,109.03
2026-04-24,БЫТ-002,Бытовая химия,0,8,109.03
2026-04-25,БЫТ-002,Бытовая химия,3,5,109.03
2026-04-26,БЫТ-002,Бытовая химия,0,5,109.03
2026-04-27,БЫТ-002,Бытовая химия,0,8,109.03
2026-04-28,БЫТ-002,Бытовая химия,0,8,109.03
2026-04-29,БЫТ-002,Бытовая химия,1,7,109.03
2026-04-30,БЫТ-002,Бытовая химия,0,7,109.03
2026-05-01,БЫТ-002,Бытовая химия,0,7,109.03
2026-05-02,БЫТ-002,Бытовая химия,2,5,109.03
2026-05-03,БЫТ-002,Бытовая химия,0,5,109.03
2026-05-04,БЫТ-002,Бытовая химия,0,8,109.03
2026-05-05,БЫТ-002,Бытовая химия,0,8,109.03
2026-05-06,БЫТ-002,Бытовая химия,0,8,109.03
2026-05-07,БЫТ-002,Бытовая химия,0,8,109.03
2026-05-08,БЫТ-002,Бытовая химия,2,6,109.03
2026-05-09,БЫТ-002,Бытовая химия,0,6,109.03
2026-05-10,БЫТ-002,Бытовая химия,0,6,109.03
2026-05-11,БЫТ-002,Бытовая химия,0,8,109.03
2026-05-12,БЫТ-002,Бытовая химия,0,8,109.03
2026-05-13,БЫТ-002,Бытовая химия,3,5,109.03
2026-05-14,БЫТ-002,Бытовая химия,0,5,109.03
2026-05-15,БЫТ-002,Бытовая химия,0,5,109.03
2026-05-16,БЫТ-002,Бытовая химия,0,5,109.03
2026-05-17,БЫТ-002,Бытовая химия,0,5,109.03
2026-05-18,БЫТ-002,Бытовая химия,0,8,109.03
2026-05-19,БЫТ-002,Бытовая химия,0,8,109.03
2026-05-20,БЫТ-002,Бытовая химия,0,8,109.03
2026-05-21,БЫТ-002,Бытовая химия,0,8,109.03
2026-05-22,БЫТ-002,Бытовая химия,0,8,109.03
2026-05-23,БЫТ-002,Бытовая химия,0,8,109.03
2026-05-24,БЫТ-002,Бытовая химия,4,4,109.03
2026-05-25,БЫТ-002,Бытовая химия,0,8,109.03
2026-05-26,БЫТ-002,Бытовая химия,0,8,109.03
2026-05-27,БЫТ-002,Бытовая химия,0,8,109.03
2026-05-28,БЫТ-002,Бытовая химия,0,8,109.03
2026-05-29,БЫТ-002,Бытовая химия,0,8,109.03
2026-05-30,БЫТ-002,Бытовая химия,0,8,109.03
2026-05-31,БЫТ-002,Бытовая химия,0,8,109.03
2026-06-01,БЫТ-002,Бытовая химия,0,8,109.03
2026-06-02,БЫТ-002,Бытовая химия,0,8,109.03
2026-06-03,БЫТ-002,Бытовая химия,0,8,109.03
2026-06-04,БЫТ-002,Бытовая химия,0,8,109.03
2026-06-05,БЫТ-002,Бытовая химия,0,8,109.03
2026-06-06,БЫТ-002,Бытовая химия,0,8,109.03
2026-06-07,БЫТ-002,Бытовая химия,0,8,109.03
2026-06-08,БЫТ-002,Бытовая химия,0,8,109.03
2026-06-09,БЫТ-002,Бытовая химия,0,8,109.03
2026-06-10,БЫТ-002,Бытовая химия,0,8,109.03
2026-06-11,БЫТ-002,Бытовая химия,0,8,109.03
2026-06-12,БЫТ-002,Бытовая химия,0,8,109.03
2026-06-13,БЫТ-002,Бытовая химия,0,8,109.03
2026-06-14,БЫТ-002,Бытовая химия,0,8,109.03
2026-06-15,БЫТ-002,Бытовая химия,3,5,109.03
2026-06-16,БЫТ-002,Бытовая химия,0,5,109.03
2026-06-17,БЫТ-002,Бытовая химия,1,4,109.03
2026-06-18,БЫТ-002,Бытовая химия,0,4,109.03
2026-06-19,БЫТ-002,Бытовая химия,0,4,109.03
2026-06-20,БЫТ-002,Бытовая химия,0,4,109.03
2026-06-21,БЫТ-002,Бытовая химия,0,4,109.03
2026-06-22,БЫТ-002,Бытовая химия,0,8,109.03
2026-06-23,БЫТ-002,Бытовая химия,1,7,109.03
2026-06-24,БЫТ-002,Бытовая химия,0,7,109.03
2026-06-25,БЫТ-002,Бытовая химия,0,7,109.03
2026-06-26,БЫТ-002,Бытовая химия,0,7,109.03
2026-06-27,БЫТ-002,Бытовая химия,0,7,109.03
2026-06-28,БЫТ-002,Бытовая химия,4,3,109.03
2026-06-29,БЫТ-002,Бытовая химия,0,8,109.03
2026-06-30,БЫТ-002,Бытовая химия,0,8,109.03
2026-07-01,БЫТ-002,Бытовая химия,2,6,109.03
2026-07-02,БЫТ-002,Бытовая химия,0,6,109.03
2026-07-03,БЫТ-002,Бытовая химия,0,6,109.03
2026-07-04,БЫТ-002,Бытовая химия,2,4,109.03
2026-07-05,БЫТ-002,Бытовая химия,0,4,109.03
2026-07-06,БЫТ-002,Бытовая химия,0,8,109.03
2026-07-07,БЫТ-002,Бытовая химия,0,8,109.03
2026-07-08,БЫТ-002,Бытовая химия,3,5,109.03
2026-07-09,БЫТ-002,Бытовая химия,0,5,109.03
2026-07-10,БЫТ-002,Бытовая химия,0,5,109.03
2026-07-11,БЫТ-002,Бытовая химия,0,5,109.03
2026-07-12,БЫТ-002,Бытовая химия,0,5,109.03
2026-07-13,БЫТ-002,Бытовая химия,1,7,109.03
2026-07-14,БЫТ-002,Бытовая химия,0,7,109.03
2026-07-15,БЫТ-002,Бытовая химия,0,7,109.03
2026-07-16,БЫТ-002,Бытовая химия,0,7,109.03
2026-07-17,БЫТ-002,Бытовая химия,0,7,109.03
2026-07-18,БЫТ-002,Бытовая химия,0,7,109.03
2026-07-19,БЫТ-002,Бытовая химия,0,7,109.03
2026-07-20,БЫТ-002,Бытовая химия,0,8,109.03
2026-07-21,БЫТ-002,Бытовая химия,0,8,109.03
2026-07-22,БЫТ-002,Бытовая химия,0,8,109.03
2026-07-23,БЫТ-002,Бытовая химия,4,4,109.03
2026-07-24,БЫТ-002,Бытовая химия,0,4,109.03
2026-07-25,БЫТ-002,Бытовая химия,4,0,109.03
2026-07-26,БЫТ-002,Бытовая химия,0,0,109.03
2026-07-27,БЫТ-002,Бытовая химия,0,8,109.03
2026-07-28,БЫТ-002,Бытовая химия,0,8,109.03
2026-07-29,БЫТ-002,Бытовая химия,0,8,109.03
2026-07-30,БЫТ-002,Бытовая химия,0,8,109.03
2026-07-31,БЫТ-002,Бытовая химия,2,6,109.03
2026-08-01,БЫТ-002,Бытовая химия,0,6,109.03
2026-08-02,БЫТ-002,Бытовая химия,0,6,109.03
2026-08-03,БЫТ-002,Бытовая химия,0,8,109.03
2026-08-04,БЫТ-002,Бытовая химия,0,8,109.03
2026-08-05,БЫТ-002,Бытовая химия,4,4,109.03
2026-08-06,БЫТ-002,Бытовая химия,0,4,109.03
2026-08-07,БЫТ-002,Бытовая химия,0,4,109.03
2026-08-08,БЫТ-002,Бытовая химия,2,2,109.03
2026-08-09,БЫТ-002,Бытовая химия,0,2,109.03
2026-08-10,БЫТ-002,Бытовая химия,0,8,109.03
2026-08-11,БЫТ-002,Бытовая химия,0,8,109.03
2026-08-12,БЫТ-002,Бытовая химия,0,8,109.03
2026-08-13,БЫТ-002,Бытовая химия,0,8,109.03
2026-08-14,БЫТ-002,Бытовая химия,0,8,109.03
2026-08-15,БЫТ-002,Бытовая химия,0,8,109.03
2026-08-16,БЫТ-002,Бытовая химия,0,8,109.03
2026-08-17,БЫТ-002,Бытовая химия,0,8,109.03
2026-08-18,БЫТ-002,Бытовая химия,0,8,109.03
2026-08-19,БЫТ-002,Бытовая химия,0,8,109.03
2026-08-20,БЫТ-002,Бытовая химия,0,8,109.03
2026-08-21,БЫТ-002,Бытовая химия,0,8,109.03
2026-08-22,БЫТ-002,Бытовая химия,0,8,109.03
2026-08-23,БЫТ-002,Бытовая химия,0,8,109.03
2026-08-24,БЫТ-002,Бытовая химия,0,8,109.03
2026-08-25,БЫТ-002,Бытовая химия,0,8,109.03
2026-08-26,БЫТ-002,Бытовая химия,0,8,109.03
2026-08-27,БЫТ-002,Бытовая химия,0,8,109.03
2026-08-28,БЫТ-002,Бытовая химия,0,8,109.03
2026-08-29,БЫТ-002,Бытовая химия,0,8,109.03
2026-08-30,БЫТ-002,Бытовая химия,0,8,109.03
2026-08-31,БЫТ-002,Бытовая химия,0,8,109.03
2026-09-01,БЫТ-002,Бытовая химия,0,8,109.03
2026-09-02,БЫТ-002,Бытовая химия,0,8,109.03
2026-09-03,БЫТ-002,Бытовая химия,0,8,109.03
2026-09-04,БЫТ-002,Бытовая химия,0,8,109.03
2026-09-05,БЫТ-002,Бытовая химия,2,6,109.03
2026-09-06,БЫТ-002,Бытовая химия,0,6,109.03
2026-09-07,БЫТ-002,Бытовая химия,0,8,109.03
2026-09-08,БЫТ-002,Бытовая химия,0,8,109.03
2026-09-09,БЫТ-002,Бытовая химия,0,8,109.03
2026-09-10,БЫТ-002,Бытовая химия,0,8,109.03
2026-09-11,БЫТ-002,Бытовая химия,0,8,109.03
2026-09-12,БЫТ-002,Бытовая химия,0,8,109.03
2026-09-13,БЫТ-002,Бытовая химия,1,7,109.03
2026-09-14,БЫТ-002,Бытовая химия,0,8,109.03
2026-09-15,БЫТ-002,Бытовая химия,0,8,109.03
2026-09-16,БЫТ-002,Бытовая химия,0,8,109.03
2026-09-17,БЫТ-002,Бытовая химия,0,8,109.03
2026-09-18,БЫТ-002,Бытовая химия,0,8,109.03
2026-09-19,БЫТ-002,Бытовая химия,0,8,109.03
2026-09-20,БЫТ-002,Бытовая химия,0,8,109.03
2026-09-21,БЫТ-002,Бытовая химия,0,8,109.03
2026-09-22,БЫТ-002,Бытовая химия,0,8,109.03
2026-09-23,БЫТ-002,Бытовая химия,0,8,109.03
2026-09-24,БЫТ-002,Бытовая химия,0,8,109.03
2026-09-25,БЫТ-002,Бытовая химия,0,8,109.03
2026-09-26,БЫТ-002,Бытовая химия,0,8,109.03
2026-09-27,БЫТ-002,Бытовая химия,0,8,109.03
2026-09-28,БЫТ-002,Бытовая химия,0,8,109.03
2026-09-29,БЫТ-002,Бытовая химия,0,8,109.03
2026-09-30,БЫТ-002,Бытовая химия,0,8,109.03
2025-06-01,БЫТ-003,Бытовая химия,0,16,99.07
2025-06-02,БЫТ-003,Бытовая химия,2,15,99.07
2025-06-03,БЫТ-003,Бытовая химия,2,13,99.07
2025-06-04,БЫТ-003,Бытовая химия,3,10,99.07
2025-06-05,БЫТ-003,Бытовая химия,0,10,99.07
2025-06-06,БЫТ-003,Бытовая химия,0,10,99.07
2025-06-07,БЫТ-003,Бытовая химия,4,6,99.07
2025-06-08,БЫТ-003,Бытовая химия,0,6,99.07
2025-06-09,БЫТ-003,Бытовая химия,5,12,99.07
2025-06-10,БЫТ-003,Бытовая химия,4,8,99.07
2025-06-11,БЫТ-003,Бытовая химия,0,8,99.07
2025-06-12,БЫТ-003,Бытовая химия,2,6,99.07
2025-06-13,БЫТ-003,Бытовая химия,0,6,99.07
2025-06-14,БЫТ-003,Бытовая химия,0,6,99.07
2025-06-15,БЫТ-003,Бытовая химия,5,1,99.07
2025-06-16,БЫТ-003,Бытовая химия,0,17,99.07
2025-06-17,БЫТ-003,Бытовая химия,3,14,99.07
2025-06-18,БЫТ-003,Бытовая химия,0,14,99.07
2025-06-19,БЫТ-003,Бытовая химия,0,14,99.07
2025-06-20,БЫТ-003,Бытовая химия,0,14,99.07
2025-06-21,БЫТ-003,Бытовая химия,0,14,99.07
2025-06-22,БЫТ-003,Бытовая химия,2,12,99.07
2025-06-23,БЫТ-003,Бытовая химия,0,17,99.07
2025-06-24,БЫТ-003,Бытовая химия,0,17,99.07
2025-06-25,БЫТ-003,Бытовая химия,0,17,99.07
2025-06-26,БЫТ-003,Бытовая химия,0,17,99.07
2025-06-27,БЫТ-003,Бытовая химия,0,17,99.07
2025-06-28,БЫТ-003,Бытовая химия,0,17,99.07
2025-06-29,БЫТ-003,Бытовая химия,0,17,99.07
2025-06-30,БЫТ-003,Бытовая химия,0,17,99.07
2025-07-01,БЫТ-003,Бытовая химия,1,16,99.07
2025-07-02,БЫТ-003,Бытовая химия,3,13,99.07
2025-07-03,БЫТ-003,Бытовая химия,0,13,99.07
2025-07-04,БЫТ-003,Бытовая химия,0,13,99.07
2025-07-05,БЫТ-003,Бытовая химия,0,13,99.07
2025-07-06,БЫТ-003,Бытовая химия,0,13,99.07
2025-07-07,БЫТ-003,Бытовая химия,0,17,99.07
2025-07-08,БЫТ-003,Бытовая химия,0,17,99.07
2025-07-09,БЫТ-003,Бытовая химия,3,14,99.07
2025-07-10,БЫТ-003,Бытовая химия,1,13,99.07
2025-07-11,БЫТ-003,Бытовая химия,0,13,99.07
2025-07-12,БЫТ-003,Бытовая химия,0,13,99.07
2025-07-13,БЫТ-003,Бытовая химия,0,13,99.07
2025-07-14,БЫТ-003,Бытовая химия,1,16,99.07
2025-07-15,БЫТ-003,Бытовая химия,2,14,99.07
2025-07-16,БЫТ-003,Бытовая химия,0,14,99.07
2025-07-17,БЫТ-003,Бытовая химия,0,14,99.07
2025-07-18,БЫТ-003,Бытовая химия,1,13,99.07
2025-07-19,БЫТ-003,Бытовая химия,0,13,99.07
2025-07-20,БЫТ-003,Бытовая химия,0,13,99.07
2025-07-21,БЫТ-003,Бытовая химия,0,17,99.07
2025-07-22,БЫТ-003,Бытовая химия,0,17,99.07
2025-07-23,БЫТ-003,Бытовая химия,0,17,99.07
2025-07-24,БЫТ-003,Бытовая химия,0,17,99.07
2025-07-25,БЫТ-003,Бытовая химия,0,17,99.07
2025-07-26,БЫТ-003,Бытовая химия,3,14,99.07
2025-07-27,БЫТ-003,Бытовая химия,4,10,99.07
2025-07-28,БЫТ-003,Бытовая химия,0,17,99.07
2025-07-29,БЫТ-003,Бытовая химия,0,17,99.07
2025-07-30,БЫТ-003,Бытовая химия,0,17,99.07
2025-07-31,БЫТ-003,Бытовая химия,3,14,99.07
2025-08-01,БЫТ-003,Бытовая химия,3,11,99.07
2025-08-02,БЫТ-003,Бытовая химия,2,9,99.07
2025-08-03,БЫТ-003,Бытовая химия,0,9,99.07
2025-08-04,БЫТ-003,Бытовая химия,0,17,99.07
2025-08-05,БЫТ-003,Бытовая химия,3,14,99.07
2025-08-06,БЫТ-003,Бытовая химия,4,10,99.07
2025-08-07,БЫТ-003,Бытовая химия,0,10,99.07
2025-08-08,БЫТ-003,Бытовая химия,0,10,99.07
2025-08-09,БЫТ-003,Бытовая химия,3,7,99.07
2025-08-10,БЫТ-003,Бытовая химия,0,7,99.07
2025-08-11,БЫТ-003,Бытовая химия,2,15,99.07
2025-08-12,БЫТ-003,Бытовая химия,0,15,99.07
2025-08-13,БЫТ-003,Бытовая химия,0,15,99.07
2025-08-14,БЫТ-003,Бытовая химия,0,15,99.07
2025-08-15,БЫТ-003,Бытовая химия,0,15,99.07
2025-08-16,БЫТ-003,Бытовая химия,3,12,99.07
2025-08-17,БЫТ-003,Бытовая химия,0,12,99.07
2025-08-18,БЫТ-003,Бытовая химия,1,16,99.07
2025-08-19,БЫТ-003,Бытовая химия,0,16,99.07
2025-08-20,БЫТ-003,Бытовая химия,4,12,99.07
2025-08-21,БЫТ-003,Бытовая химия,1,11,99.07
2025-08-22,БЫТ-003,Бытовая химия,2,9,99.07
2025-08-23,БЫТ-003,Бытовая химия,4,5,99.07
2025-08-24,БЫТ-003,Бытовая химия,0,5,99.07
2025-08-25,БЫТ-003,Бытовая химия,0,17,99.07
2025-08-26,БЫТ-003,Бытовая химия,0,17,99.07
2025-08-27,БЫТ-003,Бытовая химия,0,17,99.07
2025-08-28,БЫТ-003,Бытовая химия,0,17,99.07
2025-08-29,БЫТ-003,Бытовая химия,0,17,99.07
2025-08-30,БЫТ-003,Бытовая химия,0,17,99.07
2025-08-31,БЫТ-003,Бытовая химия,4,13,99.07
2025-09-01,БЫТ-003,Бытовая химия,0,17,99.07
2025-09-02,БЫТ-003,Бытовая химия,3,14,99.07
2025-09-03,БЫТ-003,Бытовая химия,0,14,99.07
2025-09-04,БЫТ-003,Бытовая химия,0,14,99.07
2025-09-05,БЫТ-003,Бытовая химия,0,14,99.07
2025-09-06,БЫТ-003,Бытовая химия,4,10,99.07
2025-09-07,БЫТ-003,Бытовая химия,2,8,99.07
2025-09-08,БЫТ-003,Бытовая химия,0,17,99.07
2025-09-09,БЫТ-003,Бытовая химия,0,17,99.07
2025-09-10,БЫТ-003,Бытовая химия,4,13,99.07
2025-09-11,БЫТ-003,Бытовая химия,0,13,99.07
2025-09-12,БЫТ-003,Бытовая химия,1,12,99.07
2025-09-13,БЫТ-003,Бытовая химия,2,10,99.07
2025-09-14,БЫТ-003,Бытовая химия,2,8,99.07
2025-09-15,БЫТ-003,Бытовая химия,0,17,99.07
2025-09-16,БЫТ-003,Бытовая химия,0,17,99.07
2025-09-17,БЫТ-003,Бытовая химия,0,17,99.07
2025-09-18,БЫТ-003,Бытовая химия,0,17,99.07
2025-09-19,БЫТ-003,Бытовая химия,5,12,99.07
2025-09-20,БЫТ-003,Бытовая химия,3,9,99.07
2025-09-21,БЫТ-003,Бытовая химия,0,9,99.07
2025-09-22,БЫТ-003,Бытовая химия,0,17,99.07
2025-09-23,БЫТ-003,Бытовая химия,0,17,99.07
2025-09-24,БЫТ-003,Бытовая химия,0,17,99.07
2025-09-25,БЫТ-003,Бытовая химия,2,15,99.07
2025-09-26,БЫТ-003,Бытовая химия,0,15,99.07
2025-09-27,БЫТ-003,Бытовая химия,0,15,99.07
2025-09-28,БЫТ-003,Бытовая химия,0,15,99.07
2025-09-29,БЫТ-003,Бытовая химия,8,9,99.07
2025-09-30,БЫТ-003,Бытовая химия,0,9,99.07
2025-10-01,БЫТ-003,Бытовая химия,1,8,99.07
2025-10-02,БЫТ-003,Бытовая химия,0,8,99.07
2025-10-03,БЫТ-003,Бытовая химия,2,6,99.07
2025-10-04,БЫТ-003,Бытовая химия,2,4,99.07
2025-10-05,БЫТ-003,Бытовая химия,4,0,99.07
2025-10-06,БЫТ-003,Бытовая химия,0,17,99.07
2025-10-07,БЫТ-003,Бытовая химия,0,17,99.07
2025-10-08,БЫТ-003,Бытовая химия,3,14,99.07
2025-10-09,БЫТ-003,Бытовая химия,1,13,99.07
2025-10-10,БЫТ-003,Бытовая химия,0,13,99.07
2025-10-11,БЫТ-003,Бытовая химия,2,11,99.07
2025-10-12,БЫТ-003,Бытовая химия,0,11,99.07
2025-10-13,БЫТ-003,Бытовая химия,0,17,99.07
2025-10-14,БЫТ-003,Бытовая химия,6,11,99.07
2025-10-15,БЫТ-003,Бытовая химия,0,11,99.07
2025-10-16,БЫТ-003,Бытовая химия,4,7,99.07
2025-10-17,БЫТ-003,Бытовая химия,1,6,99.07
2025-10-18,БЫТ-003,Бытовая химия,0,6,99.07
2025-10-19,БЫТ-003,Бытовая химия,2,4,99.07
2025-10-20,БЫТ-003,Бытовая химия,3,14,99.07
2025-10-21,БЫТ-003,Бытовая химия,0,14,99.07
2025-10-22,БЫТ-003,Бытовая химия,0,14,99.07
2025-10-23,БЫТ-003,Бытовая химия,4,10,99.07
2025-10-24,БЫТ-003,Бытовая химия,1,9,99.07
2025-10-25,БЫТ-003,Бытовая химия,0,9,99.07
2025-10-26,БЫТ-003,Бытовая химия,2,7,99.07
2025-10-27,БЫТ-003,Бытовая химия,0,17,99.07
2025-10-28,БЫТ-003,Бытовая химия,0,17,99.07
2025-10-29,БЫТ-003,Бытовая химия,0,17,99.07
2025-10-30,БЫТ-003,Бытовая химия,0,17,99.07
2025-10-31,БЫТ-003,Бытовая химия,0,17,99.07
2025-11-01,БЫТ-003,Бытовая химия,2,15,99.07
2025-11-02,БЫТ-003,Бытовая химия,0,15,99.07
2025-11-03,БЫТ-003,Бытовая химия,0,17,99.07
2025-11-04,БЫТ-003,Бытовая химия,0,17,99.07
2025-11-05,БЫТ-003,Бытовая химия,3,14,99.07
2025-11-06,БЫТ-003,Бытовая химия,1,13,99.07
2025-11-07,БЫТ-003,Бытовая химия,0,13,99.07
2025-11-08,БЫТ-003,Бытовая химия,1,12,99.07
2025-11-09,БЫТ-003,Бытовая химия,0,12,99.07
2025-11-10,БЫТ-003,Бытовая химия,0,17,99.07
2025-11-11,БЫТ-003,Бытовая химия,0,17,99.07
2025-11-12,БЫТ-003,Бытовая химия,3,14,99.07
2025-11-13,БЫТ-003,Бытовая химия,0,14,99.07
2025-11-14,БЫТ-003,Бытовая химия,1,13,99.07
2025-11-15,БЫТ-003,Бытовая химия,1,12,99.07
2025-11-16,БЫТ-003,Бытовая химия,4,8,99.07
2025-11-17,БЫТ-003,Бытовая химия,0,17,99.07
2025-11-18,БЫТ-003,Бытовая химия,0,17,99.07
2025-11-19,БЫТ-003,Бытовая химия,0,17,99.07
2025-11-20,БЫТ-003,Бытовая химия,0,17,99.07
2025-11-21,БЫТ-003,Бытовая химия,2,15,99.07
2025-11-22,БЫТ-003,Бытовая химия,0,15,99.07
2025-11-23,БЫТ-003,Бытовая химия,0,15,99.07
2025-11-24,БЫТ-003,Бытовая химия,0,17,99.07
2025-11-25,БЫТ-003,Бытовая химия,1,16,99.07
2025-11-26,БЫТ-003,Бытовая химия,1,15,99.07
2025-11-27,БЫТ-003,Бытовая химия,2,13,99.07
2025-11-28,БЫТ-003,Бытовая химия,1,12,99.07
2025-11-29,БЫТ-003,Бытовая химия,0,12,99.07
2025-11-30,БЫТ-003,Бытовая химия,0,12,99.07
2025-12-01,БЫТ-003,Бытовая химия,0,17,99.07
2025-12-02,БЫТ-003,Бытовая химия,0,17,99.07
2025-12-03,БЫТ-003,Бытовая химия,0,17,99.07
2025-12-04,БЫТ-003,Бытовая химия,2,15,99.07
2025-12-05,БЫТ-003,Бытовая химия,0,15,99.07
2025-12-06,БЫТ-003,Бытовая химия,0,15,99.07
2025-12-07,БЫТ-003,Бытовая химия,3,12,99.07
2025-12-08,БЫТ-003,Бытовая химия,0,17,99.07
2025-12-09,БЫТ-003,Бытовая химия,0,17,99.07
2025-12-10,БЫТ-003,Бытовая химия,0,17,99.07
2025-12-11,БЫТ-003,Бытовая химия,0,17,99.07
2025-12-12,БЫТ-003,Бытовая химия,0,17,99.07
2025-12-13,БЫТ-003,Бытовая химия,0,17,99.07
2025-12-14,БЫТ-003,Бытовая химия,5,12,99.07
2025-12-15,БЫТ-003,Бытовая химия,0,17,99.07
2025-12-16,БЫТ-003,Бытовая химия,0,17,99.07
2025-12-17,БЫТ-003,Бытовая химия,0,17,99.07
2025-12-18,БЫТ-003,Бытовая химия,0,17,99.07
2025-12-19,БЫТ-003,Бытовая химия,0,17,99.07
2025-12-20,БЫТ-003,Бытовая химия,1,16,99.07
2025-12-21,БЫТ-003,Бытовая химия,0,16,99.07
2025-12-22,БЫТ-003,Бытовая химия,2,15,99.07
2025-12-23,БЫТ-003,Бытовая химия,1,14,99.07
2025-12-24,БЫТ-003,Бытовая химия,0,14,99.07
2025-12-25,БЫТ-003,Бытовая химия,0,14,99.07
2025-12-26,БЫТ-003,Бытовая химия,0,14,99.07
2025-12-27,БЫТ-003,Бытовая химия,0,14,99.07
2025-12-28,БЫТ-003,Бытовая химия,0,14,99.07
2025-12-29,БЫТ-003,Бытовая химия,3,14,99.07
2025-12-30,БЫТ-003,Бытовая химия,3,11,99.07
2025-12-31,БЫТ-003,Бытовая химия,0,11,99.07
2026-01-01,БЫТ-003,Бытовая химия,0,11,99.07
2026-01-02,БЫТ-003,Бытовая химия,0,11,99.07
2026-01-03,БЫТ-003,Бытовая химия,0,11,99.07
2026-01-04,БЫТ-003,Бытовая химия,0,11,99.07
2026-01-05,БЫТ-003,Бытовая химия,0,17,99.07
2026-01-06,БЫТ-003,Бытовая химия,1,16,99.07
2026-01-07,БЫТ-003,Бытовая химия,0,16,99.07
2026-01-08,БЫТ-003,Бытовая химия,0,16,99.07
2026-01-09,БЫТ-003,Бытовая химия,0,16,99.07
2026-01-10,БЫТ-003,Бытовая химия,2,14,99.07
2026-01-11,БЫТ-003,Бытовая химия,0,14,99.07
2026-01-12,БЫТ-003,Бытовая химия,0,17,99.07
2026-01-13,БЫТ-003,Бытовая химия,0,17,99.07
2026-01-14,БЫТ-003,Бытовая химия,0,17,99.07
2026-01-15,БЫТ-003,Бытовая химия,1,16,99.07
2026-01-16,БЫТ-003,Бытовая химия,0,16,99.07
2026-01-17,БЫТ-003,Бытовая химия,0,16,99.07
2026-01-18,БЫТ-003,Бытовая химия,1,15,99.07
2026-01-19,БЫТ-003,Бытовая химия,0,17,99.07
2026-01-20,БЫТ-003,Бытовая химия,0,17,99.07
2026-01-21,БЫТ-003,Бытовая химия,3,14,99.07
2026-01-22,БЫТ-003,Бытовая химия,0,14,99.07
2026-01-23,БЫТ-003,Бытовая химия,0,14,99.07
2026-01-24,БЫТ-003,Бытовая химия,2,12,99.07
2026-01-25,БЫТ-003,Бытовая химия,2,10,99.07
2026-01-26,БЫТ-003,Бытовая химия,0,17,99.07
2026-01-27,БЫТ-003,Бытовая химия,0,17,99.07
2026-01-28,БЫТ-003,Бытовая химия,0,17,99.07
2026-01-29,БЫТ-003,Бытовая химия,0,17,99.07
2026-01-30,БЫТ-003,Бытовая химия,1,16,99.07
2026-01-31,БЫТ-003,Бытовая химия,0,16,99.07
2026-02-01,БЫТ-003,Бытовая химия,1,15,99.07
2026-02-02,БЫТ-003,Бытовая химия,3,14,99.07
2026-02-03,БЫТ-003,Бытовая химия,2,12,99.07
2026-02-04,БЫТ-003,Бытовая химия,1,11,99.07
2026-02-05,БЫТ-003,Бытовая химия,0,11,99.07
2026-02-06,БЫТ-003,Бытовая химия,0,11,99.07
2026-02-07,БЫТ-003,Бытовая химия,3,8,99.07
2026-02-08,БЫТ-003,Бытовая химия,0,8,99.07
2026-02-09,БЫТ-003,Бытовая химия,0,17,99.07
2026-02-10,БЫТ-003,Бытовая химия,0,17,99.07
2026-02-11,БЫТ-003,Бытовая химия,0,17,99.07
2026-02-12,БЫТ-003,Бытовая химия,0,17,99.07
2026-02-13,БЫТ-003,Бытовая химия,0,17,99.07
2026-02-14,БЫТ-003,Бытовая химия,2,15,99.07
2026-02-15,БЫТ-003,Бытовая химия,1,14,99.07
2026-02-16,БЫТ-003,Бытовая химия,0,17,99.07
2026-02-17,БЫТ-003,Бытовая химия,0,17,99.07
2026-02-18,БЫТ-003,Бытовая химия,0,17,99.07
2026-02-19,БЫТ-003,Бытовая химия,0,17,99.07
2026-02-20,БЫТ-003,Бытовая химия,0,17,99.07
2026-02-21,БЫТ-003,Бытовая химия,5,12,99.07
2026-02-22,БЫТ-003,Бытовая химия,0,12,99.07
2026-02-23,БЫТ-003,Бытовая химия,3,14,99.07
2026-02-24,БЫТ-003,Бытовая химия,0,14,99.07
2026-02-25,БЫТ-003,Бытовая химия,0,14,99.07
2026-02-26,БЫТ-003,Бытовая химия,0,14,99.07
2026-02-27,БЫТ-003,Бытовая химия,3,11,99.07
2026-02-28,БЫТ-003,Бытовая химия,0,11,99.07
2026-03-01,БЫТ-003,Бытовая химия,3,8,99.07
2026-03-02,БЫТ-003,Бытовая химия,0,17,99.07
2026-03-03,БЫТ-003,Бытовая химия,0,17,99.07
2026-03-04,БЫТ-003,Бытовая химия,3,14,99.07
2026-03-05,БЫТ-003,Бытовая химия,2,12,99.07
2026-03-06,БЫТ-003,Бытовая химия,0,12,99.07
2026-03-07,БЫТ-003,Бытовая химия,0,12,99.07
2026-03-08,БЫТ-003,Бытовая химия,0,12,99.07
2026-03-09,БЫТ-003,Бытовая химия,0,17,99.07
2026-03-10,БЫТ-003,Бытовая химия,0,17,99.07
2026-03-11,БЫТ-003,Бытовая химия,0,17,99.07
2026-03-12,БЫТ-003,Бытовая химия,0,17,99.07
2026-03-13,БЫТ-003,Бытовая химия,3,14,99.07
2026-03-14,БЫТ-003,Бытовая химия,0,14,99.07
2026-03-15,БЫТ-003,Бытовая химия,0,14,99.07
2026-03-16,БЫТ-003,Бытовая химия,0,17,99.07
2026-03-17,БЫТ-003,Бытовая химия,0,17,99.07
2026-03-18,БЫТ-003,Бытовая химия,0,17,99.07
2026-03-19,БЫТ-003,Бытовая химия,0,17,99.07
2026-03-20,БЫТ-003,Бытовая химия,0,17,99.07
2026-03-21,БЫТ-003,Бытовая химия,4,13,99.07
2026-03-22,БЫТ-003,Бытовая химия,1,12,99.07
2026-03-23,БЫТ-003,Бытовая химия,0,17,99.07
2026-03-24,БЫТ-003,Бытовая химия,1,16,99.07
2026-03-25,БЫТ-003,Бытовая химия,2,14,99.07
2026-03-26,БЫТ-003,Бытовая химия,0,14,99.07
2026-03-27,БЫТ-003,Бытовая химия,0,14,99.07
2026-03-28,БЫТ-003,Бытовая химия,0,14,99.07
2026-03-29,БЫТ-003,Бытовая химия,2,12,99.07
2026-03-30,БЫТ-003,Бытовая химия,0,17,99.07
2026-03-31,БЫТ-003,Бытовая химия,0,17,99.07
2026-04-01,БЫТ-003,Бытовая химия,3,14,99.07
2026-04-02,БЫТ-003,Бытовая химия,1,13,99.07
2026-04-03,БЫТ-003,Бытовая химия,0,13,99.07
2026-04-04,БЫТ-003,Бытовая химия,0,13,99.07
2026-04-05,БЫТ-003,Бытовая химия,3,10,99.07
2026-04-06,БЫТ-003,Бытовая химия,0,17,99.07
2026-04-07,БЫТ-003,Бытовая химия,0,17,99.07
2026-04-08,БЫТ-003,Бытовая химия,0,17,99.07
2026-04-09,БЫТ-003,Бытовая химия,0,17,99.07
2026-04-10,БЫТ-003,Бытовая химия,0,17,99.07
2026-04-11,БЫТ-003,Бытовая химия,3,14,99.07
2026-04-12,БЫТ-003,Бытовая химия,2,12,99.07
2026-04-13,БЫТ-003,Бытовая химия,0,17,99.07
2026-04-14,БЫТ-003,Бытовая химия,0,17,99.07
2026-04-15,БЫТ-003,Бытовая химия,0,17,99.07
2026-04-16,БЫТ-003,Бытовая химия,0,17,99.07
2026-04-17,БЫТ-003,Бытовая химия,0,17,99.07
2026-04-18,БЫТ-003,Бытовая химия,0,17,99.07
2026-04-19,БЫТ-003,Бытовая химия,4,13,99.07
2026-04-20,БЫТ-003,Бытовая химия,2,15,99.07
2026-04-21,БЫТ-003,Бытовая химия,0,15,99.07
2026-04-22,БЫТ-003,Бытовая химия,0,15,99.07
2026-04-23,БЫТ-003,Бытовая химия,0,15,99.07
2026-04-24,БЫТ-003,Бытовая химия,0,15,99.07
2026-04-25,БЫТ-003,Бытовая химия,0,15,99.07
2026-04-26,БЫТ-003,Бытовая химия,2,13,99.07
2026-04-27,БЫТ-003,Бытовая химия,2,15,99.07
2026-04-28,БЫТ-003,Бытовая химия,0,15,99.07
2026-04-29,БЫТ-003,Бытовая химия,0,15,99.07
2026-04-30,БЫТ-003,Бытовая химия,0,15,99.07
2026-05-01,БЫТ-003,Бытовая химия,0,15,99.07
2026-05-02,БЫТ-003,Бытовая химия,1,14,99.07
2026-05-03,БЫТ-003,Бытовая химия,0,14,99.07
2026-05-04,БЫТ-003,Бытовая химия,1,16,99.07
2026-05-05,БЫТ-003,Бытовая химия,3,13,99.07
2026-05-06,БЫТ-003,Бытовая химия,1,12,99.07
2026-05-07,БЫТ-003,Бытовая химия,2,10,99.07
2026-05-08,БЫТ-003,Бытовая химия,0,10,99.07
2026-05-09,БЫТ-003,Бытовая химия,0,10,99.07
2026-05-10,БЫТ-003,Бытовая химия,1,9,99.07
2026-05-11,БЫТ-003,Бытовая химия,1,16,99.07
2026-05-12,БЫТ-003,Бытовая химия,1,15,99.07
2026-05-13,БЫТ-003,Бытовая химия,0,15,99.07
2026-05-14,БЫТ-003,Бытовая химия,0,15,99.07
2026-05-15,БЫТ-003,Бытовая химия,1,14,99.07
2026-05-16,БЫТ-003,Бытовая химия,1,13,99.07
2026-05-17,БЫТ-003,Бытовая химия,0,13,99.07
2026-05-18,БЫТ-003,Бытовая химия,0,17,99.07
2026-05-19,БЫТ-003,Бытовая химия,0,17,99.07
2026-05-20,БЫТ-003,Бытовая химия,0,17,99.07
2026-05-21,БЫТ-003,Бытовая химия,0,17,99.07
2026-05-22,БЫТ-003,Бытовая химия,0,17,99.07
2026-05-23,БЫТ-003,Бытовая химия,0,17,99.07
2026-05-24,БЫТ-003,Бытовая химия,0,17,99.07
2026-05-25,БЫТ-003,Бытовая химия,2,15,99.07
2026-05-26,БЫТ-003,Бытовая химия,0,15,99.07
2026-05-27,БЫТ-003,Бытовая химия,0,15,99.07
2026-05-28,БЫТ-003,Бытовая химия,0,15,99.07
2026-05-29,БЫТ-003,Бытовая химия,0,15,99.07
2026-05-30,БЫТ-003,Бытовая химия,0,15,99.07
2026-05-31,БЫТ-003,Бытовая химия,0,15,99.07
2026-06-01,БЫТ-003,Бытовая химия,0,17,99.07
2026-06-02,БЫТ-003,Бытовая химия,0,17,99.07
2026-06-03,БЫТ-003,Бытовая химия,0,17,99.07
2026-06-04,БЫТ-003,Бытовая химия,2,15,99.07
2026-06-05,БЫТ-003,Бытовая химия,3,12,99.07
2026-06-06,БЫТ-003,Бытовая химия,0,12,99.07
2026-06-07,БЫТ-003,Бытовая химия,0,12,99.07
2026-06-08,БЫТ-003,Бытовая химия,0,17,99.07
2026-06-09,БЫТ-003,Бытовая химия,0,17,99.07
2026-06-10,БЫТ-003,Бытовая химия,2,15,99.07
2026-06-11,БЫТ-003,Бытовая химия,0,15,99.07
2026-06-12,БЫТ-003,Бытовая химия,0,15,99.07
2026-06-13,БЫТ-003,Бытовая химия,2,13,99.07
2026-06-14,БЫТ-003,Бытовая химия,5,8,99.07
2026-06-15,БЫТ-003,Бытовая химия,0,17,99.07
2026-06-16,БЫТ-003,Бытовая химия,0,17,99.07
2026-06-17,БЫТ-003,Бытовая химия,0,17,99.07
2026-06-18,БЫТ-003,Бытовая химия,0,17,99.07
2026-06-19,БЫТ-003,Бытовая химия,0,17,99.07
2026-06-20,БЫТ-003,Бытовая химия,1,16,99.07
2026-06-21,БЫТ-003,Бытовая химия,4,12,99.07
2026-06-22,БЫТ-003,Бытовая химия,3,14,99.07
2026-06-23,БЫТ-003,Бытовая химия,4,10,99.07
2026-06-24,БЫТ-003,Бытовая химия,1,9,99.07
2026-06-25,БЫТ-003,Бытовая химия,0,9,99.07
2026-06-26,БЫТ-003,Бытовая химия,2,7,99.07
2026-06-27,БЫТ-003,Бытовая химия,3,4,99.07
2026-06-28,БЫТ-003,Бытовая химия,0,4,99.07
2026-06-29,БЫТ-003,Бытовая химия,0,17,99.07
2026-06-30,БЫТ-003,Бытовая химия,2,15,99.07
2026-07-01,БЫТ-003,Бытовая химия,0,15,99.07
2026-07-02,БЫТ-003,Бытовая химия,0,15,99.07
2026-07-03,БЫТ-003,Бытовая химия,1,14,99.07
2026-07-04,БЫТ-003,Бытовая химия,0,14,99.07
2026-07-05,БЫТ-003,Бытовая химия,0,14,99.07
2026-07-06,БЫТ-003,Бытовая химия,0,17,99.07
2026-07-07,БЫТ-003,Бытовая химия,0,17,99.07
2026-07-08,БЫТ-003,Бытовая химия,0,17,99.07
2026-07-09,БЫТ-003,Бытовая химия,0,17,99.07
2026-07-10,БЫТ-003,Бытовая химия,0,17,99.07
2026-07-11,БЫТ-003,Бытовая химия,1,16,99.07
2026-07-12,БЫТ-003,Бытовая химия,2,14,99.07
2026-07-13,БЫТ-003,Бытовая химия,0,17,99.07
2026-07-14,БЫТ-003,Бытовая химия,0,17,99.07
2026-07-15,БЫТ-003,Бытовая химия,0,17,99.07
2026-07-16,БЫТ-003,Бытовая химия,0,17,99.07
2026-07-17,БЫТ-003,Бытовая химия,0,17,99.07
2026-07-18,БЫТ-003,Бытовая химия,1,16,99.07
2026-07-19,БЫТ-003,Бытовая химия,0,16,99.07
2026-07-20,БЫТ-003,Бытовая химия,0,17,99.07
2026-07-21,БЫТ-003,Бытовая химия,0,17,99.07
2026-07-22,БЫТ-003,Бытовая химия,2,15,99.07
2026-07-23,БЫТ-003,Бытовая химия,0,15,99.07
2026-07-24,БЫТ-003,Бытовая химия,0,15,99.07
2026-07-25,БЫТ-003,Бытовая химия,1,14,99.07
2026-07-26,БЫТ-003,Бытовая химия,0,14,99.07
2026-07-27,БЫТ-003,Бытовая химия,1,16,99.07
2026-07-28,БЫТ-003,Бытовая химия,0,16,99.07
2026-07-29,БЫТ-003,Бытовая химия,5,11,99.07
2026-07-30,БЫТ-003,Бытовая химия,1,10,99.07
2026-07-31,БЫТ-003,Бытовая химия,0,10,99.07
2026-08-01,БЫТ-003,Бытовая химия,2,8,99.07
2026-08-02,БЫТ-003,Бытовая химия,2,6,99.07
2026-08-03,БЫТ-003,Бытовая химия,2,15,99.07
2026-08-04,БЫТ-003,Бытовая химия,3,12,99.07
2026-08-05,БЫТ-003,Бытовая химия,0,12,99.07
2026-08-06,БЫТ-003,Бытовая химия,0,12,99.07
2026-08-07,БЫТ-003,Бытовая химия,2,10,99.07
2026-08-08,БЫТ-003,Бытовая химия,1,9,99.07
2026-08-09,БЫТ-003,Бытовая химия,3,6,99.07
2026-08-10,БЫТ-003,Бытовая химия,2,15,99.07
2026-08-11,БЫТ-003,Бытовая химия,0,15,99.07
2026-08-12,БЫТ-003,Бытовая химия,0,15,99.07
2026-08-13,БЫТ-003,Бытовая химия,2,13,99.07
2026-08-14,БЫТ-003,Бытовая химия,0,13,99.07
2026-08-15,БЫТ-003,Бытовая химия,0,13,99.07
2026-08-16,БЫТ-003,Бытовая химия,0,13,99.07
2026-08-17,БЫТ-003,Бытовая химия,0,17,99.07
2026-08-18,БЫТ-003,Бытовая химия,0,17,99.07
2026-08-19,БЫТ-003,Бытовая химия,0,17,99.07
2026-08-20,БЫТ-003,Бытовая химия,0,17,99.07
2026-08-21,БЫТ-003,Бытовая химия,1,16,99.07
2026-08-22,БЫТ-003,Бытовая химия,0,16,99.07
2026-08-23,БЫТ-003,Бытовая химия,2,14,99.07
2026-08-24,БЫТ-003,Бытовая химия,1,16,99.07
2026-08-25,БЫТ-003,Бытовая химия,3,13,99.07
2026-08-26,БЫТ-003,Бытовая химия,0,13,99.07
2026-08-27,БЫТ-003,Бытовая химия,0,13,99.07
2026-08-28,БЫТ-003,Бытовая химия,0,13,99.07
2026-08-29,БЫТ-003,Бытовая химия,0,13,99.07
2026-08-30,БЫТ-003,Бытовая химия,4,9,99.07
2026-08-31,БЫТ-003,Бытовая химия,1,16,99.07
2026-09-01,БЫТ-003,Бытовая химия,2,14,99.07
2026-09-02,БЫТ-003,Бытовая химия,1,13,99.07
2026-09-03,БЫТ-003,Бытовая химия,3,10,99.07
2026-09-04,БЫТ-003,Бытовая химия,1,9,99.07
2026-09-05,БЫТ-003,Бытовая химия,2,7,99.07
2026-09-06,БЫТ-003,Бытовая химия,0,7,99.07
2026-09-07,БЫТ-003,Бытовая химия,2,15,99.07
2026-09-08,БЫТ-003,Бытовая химия,0,15,99.07
2026-09-09,БЫТ-003,Бытовая химия,0,15,99.07
2026-09-10,БЫТ-003,Бытовая химия,2,13,99.07
2026-09-11,БЫТ-003,Бытовая химия,4,9,99.07
2026-09-12,БЫТ-003,Бытовая химия,0,9,99.07
2026-09-13,БЫТ-003,Бытовая химия,3,6,99.07
2026-09-14,БЫТ-003,Бытовая химия,6,11,99.07
2026-09-15,БЫТ-003,Бытовая химия,1,10,99.07
2026-09-16,БЫТ-003,Бытовая химия,0,10,99.07
2026-09-17,БЫТ-003,Бытовая химия,1,9,99.07
2026-09-18,БЫТ-003,Бытовая химия,0,9,99.07
2026-09-19,БЫТ-003,Бытовая химия,2,7,99.07
2026-09-20,БЫТ-003,Бытовая химия,2,5,99.07
2026-09-21,БЫТ-003,Бытовая химия,3,14,99.07
2026-09-22,БЫТ-003,Бытовая химия,0,14,99.07
2026-09-23,БЫТ-003,Бытовая химия,0,14,99.07
2026-09-24,БЫТ-003,Бытовая химия,0,14,99.07
2026-09-25,БЫТ-003,Бытовая химия,0,14,99.07
2026-09-26,БЫТ-003,Бытовая химия,2,12,99.07
2026-09-27,БЫТ-003,Бытовая химия,0,12,99.07
2026-09-28,БЫТ-003,Бытовая химия,0,17,99.07
2026-09-29,БЫТ-003,Бытовая химия,1,16,99.07
2026-09-30,БЫТ-003,Бытовая химия,0,16,99.07
2025-06-01,БЫТ-004,Бытовая химия,0,18,187.91
2025-06-02,БЫТ-004,Бытовая химия,0,20,187.91
2025-06-03,БЫТ-004,Бытовая химия,0,20,187.91
2025-06-04,БЫТ-004,Бытовая химия,1,19,187.91
2025-06-05,БЫТ-004,Бытовая химия,0,19,187.91
2025-06-06,БЫТ-004,Бытовая химия,2,17,187.91
2025-06-07,БЫТ-004,Бытовая химия,0,17,187.91
2025-06-08,БЫТ-004,Бытовая химия,0,17,187.91
2025-06-09,БЫТ-004,Бытовая химия,4,16,187.91
2025-06-10,БЫТ-004,Бытовая химия,0,16,187.91
2025-06-11,БЫТ-004,Бытовая химия,0,16,187.91
2025-06-12,БЫТ-004,Бытовая химия,0,16,187.91
2025-06-13,БЫТ-004,Бытовая химия,0,16,187.91
2025-06-14,БЫТ-004,Бытовая химия,0,16,187.91
2025-06-15,БЫТ-004,Бытовая химия,0,16,187.91
2025-06-16,БЫТ-004,Бытовая химия,2,18,187.91
2025-06-17,БЫТ-004,Бытовая химия,2,16,187.91
2025-06-18,БЫТ-004,Бытовая химия,1,15,187.91
2025-06-19,БЫТ-004,Бытовая химия,0,15,187.91
2025-06-20,БЫТ-004,Бытовая химия,3,12,187.91
2025-06-21,БЫТ-004,Бытовая химия,3,9,187.91
2025-06-22,БЫТ-004,Бытовая химия,2,7,187.91
2025-06-23,БЫТ-004,Бытовая химия,4,16,187.91
2025-06-24,БЫТ-004,Бытовая химия,0,16,187.91
2025-06-25,БЫТ-004,Бытовая химия,2,14,187.91
2025-06-26,БЫТ-004,Бытовая химия,0,14,187.91
2025-06-27,БЫТ-004,Бытовая химия,3,11,187.91
2025-06-28,БЫТ-004,Бытовая химия,0,11,187.91
2025-06-29,БЫТ-004,Бытовая химия,1,10,187.91
2025-06-30,БЫТ-004,Бытовая химия,0,20,187.91
2025-07-01,БЫТ-004,Бытовая химия,0,20,187.91
2025-07-02,БЫТ-004,Бытовая химия,3,17,187.91
2025-07-03,БЫТ-004,Бытовая химия,0,17,187.91
2025-07-04,БЫТ-004,Бытовая химия,1,16,187.91
2025-07-05,БЫТ-004,Бытовая химия,2,14,187.91
2025-07-06,БЫТ-004,Бытовая химия,0,14,187.91
2025-07-07,БЫТ-004,Бытовая химия,0,20,187.91
2025-07-08,БЫТ-004,Бытовая химия,0,20,187.91
2025-07-09,БЫТ-004,Бытовая химия,1,19,187.91
2025-07-10,БЫТ-004,Бытовая химия,0,19,187.91
2025-07-11,БЫТ-004,Бытовая химия,0,19,187.91
2025-07-12,БЫТ-004,Бытовая химия,5,14,187.91
2025-07-13,БЫТ-004,Бытовая химия,1,13,187.91
2025-07-14,БЫТ-004,Бытовая химия,2,18,187.91
2025-07-15,БЫТ-004,Бытовая химия,0,18,187.91
2025-07-16,БЫТ-004,Бытовая химия,0,18,187.91
2025-07-17,БЫТ-004,Бытовая химия,2,16,187.91
2025-07-18,БЫТ-004,Бытовая химия,4,12,187.91
2025-07-19,БЫТ-004,Бытовая химия,0,12,187.91
2025-07-20,БЫТ-004,Бытовая химия,1,11,187.91
2025-07-21,БЫТ-004,Бытовая химия,2,18,187.91
2025-07-22,БЫТ-004,Бытовая химия,0,18,187.91
2025-07-23,БЫТ-004,Бытовая химия,2,16,187.91
2025-07-24,БЫТ-004,Бытовая химия,0,16,187.91
2025-07-25,БЫТ-004,Бытовая химия,1,15,187.91
2025-07-26,БЫТ-004,Бытовая химия,1,14,187.91
2025-07-27,БЫТ-004,Бытовая химия,3,11,187.91
2025-07-28,БЫТ-004,Бытовая химия,3,17,187.91
2025-07-29,БЫТ-004,Бытовая химия,0,17,187.91
2025-07-30,БЫТ-004,Бытовая химия,0,17,187.91
2025-07-31,БЫТ-004,Бытовая химия,0,17,187.91
2025-08-01,БЫТ-004,Бытовая химия,1,16,187.91
2025-08-02,БЫТ-004,Бытовая химия,3,13,187.91
2025-08-03,БЫТ-004,Бытовая химия,1,12,187.91
2025-08-04,БЫТ-004,Бытовая химия,0,20,187.91
2025-08-05,БЫТ-004,Бытовая химия,1,19,187.91
2025-08-06,БЫТ-004,Бытовая химия,0,19,187.91
2025-08-07,БЫТ-004,Бытовая химия,0,19,187.91
2025-08-08,БЫТ-004,Бытовая химия,0,19,187.91
2025-08-09,БЫТ-004,Бытовая химия,1,18,187.91
2025-08-10,БЫТ-004,Бытовая химия,1,17,187.91
2025-08-11,БЫТ-004,Бытовая химия,0,20,187.91
2025-08-12,БЫТ-004,Бытовая химия,0,20,187.91
2025-08-13,БЫТ-004,Бытовая химия,0,20,187.91
2025-08-14,БЫТ-004,Бытовая химия,0,20,187.91
2025-08-15,БЫТ-004,Бытовая химия,0,20,187.91
2025-08-16,БЫТ-004,Бытовая химия,3,17,187.91
2025-08-17,БЫТ-004,Бытовая химия,3,14,187.91
2025-08-18,БЫТ-004,Бытовая химия,0,20,187.91
2025-08-19,БЫТ-004,Бытовая химия,2,18,187.91
2025-08-20,БЫТ-004,Бытовая химия,0,18,187.91
2025-08-21,БЫТ-004,Бытовая химия,1,17,187.91
2025-08-22,БЫТ-004,Бытовая химия,4,13,187.91
2025-08-23,БЫТ-004,Бытовая химия,1,12,187.91
2025-08-24,БЫТ-004,Бытовая химия,2,10,187.91
2025-08-25,БЫТ-004,Бытовая химия,0,20,187.91
2025-08-26,БЫТ-004,Бытовая химия,1,19,187.91
2025-08-27,БЫТ-004,Бытовая химия,0,19,187.91
2025-08-28,БЫТ-004,Бытовая химия,2,17,187.91
2025-08-29,БЫТ-004,Бытовая химия,0,17,187.91
2025-08-30,БЫТ-004,Бытовая химия,2,15,187.91
2025-08-31,БЫТ-004,Бытовая химия,1,14,187.91
2025-09-01,БЫТ-004,Бытовая химия,3,17,187.91
2025-09-02,БЫТ-004,Бытовая химия,0,17,187.91
2025-09-03,БЫТ-004,Бытовая химия,0,17,187.91
2025-09-04,БЫТ-004,Бытовая химия,2,15,187.91
2025-09-05,БЫТ-004,Бытовая химия,2,13,187.91
2025-09-06,БЫТ-004,Бытовая химия,3,10,187.91
2025-09-07,БЫТ-004,Бытовая химия,2,8,187.91
2025-09-08,БЫТ-004,Бытовая химия,0,20,187.91
2025-09-09,БЫТ-004,Бытовая химия,0,20,187.91
2025-09-10,БЫТ-004,Бытовая химия,4,16,187.91
2025-09-11,БЫТ-004,Бытовая химия,0,16,187.91
2025-09-12,БЫТ-004,Бытовая химия,0,16,187.91
2025-09-13,БЫТ-004,Бытовая химия,0,16,187.91
2025-09-14,БЫТ-004,Бытовая химия,0,16,187.91
2025-09-15,БЫТ-004,Бытовая химия,0,20,187.91
2025-09-16,БЫТ-004,Бытовая химия,0,20,187.91
2025-09-17,БЫТ-004,Бытовая химия,2,18,187.91
2025-09-18,БЫТ-004,Бытовая химия,0,18,187.91
2025-09-19,БЫТ-004,Бытовая химия,2,16,187.91
2025-09-20,БЫТ-004,Бытовая химия,1,15,187.91
2025-09-21,БЫТ-004,Бытовая химия,0,15,187.91
2025-09-22,БЫТ-004,Бытовая химия,0,20,187.91
2025-09-23,БЫТ-004,Бытовая химия,5,15,187.91
2025-09-24,БЫТ-004,Бытовая химия,0,15,187.91
2025-09-25,БЫТ-004,Бытовая химия,0,15,187.91
2025-09-26,БЫТ-004,Бытовая химия,1,14,187.91
2025-09-27,БЫТ-004,Бытовая химия,0,14,187.91
2025-09-28,БЫТ-004,Бытовая химия,1,13,187.91
2025-09-29,БЫТ-004,Бытовая химия,0,20,187.91
2025-09-30,БЫТ-004,Бытовая химия,2,18,187.91
2025-10-01,БЫТ-004,Бытовая химия,0,18,187.91
2025-10-02,БЫТ-004,Бытовая химия,4,14,187.91
2025-10-03,БЫТ-004,Бытовая химия,0,14,187.91
2025-10-04,БЫТ-004,Бытовая химия,3,11,187.91
2025-10-05,БЫТ-004,Бытовая химия,1,10,187.91
2025-10-06,БЫТ-004,Бытовая химия,0,20,187.91
2025-10-07,БЫТ-004,Бытовая химия,0,20,187.91
2025-10-08,БЫТ-004,Бытовая химия,0,20,187.91
2025-10-09,БЫТ-004,Бытовая химия,1,19,187.91
2025-10-10,БЫТ-004,Бытовая химия,0,19,187.91
2025-10-11,БЫТ-004,Бытовая химия,1,18,187.91
2025-10-12,БЫТ-004,Бытовая химия,3,15,187.91
2025-10-13,БЫТ-004,Бытовая химия,0,20,187.91
2025-10-14,БЫТ-004,Бытовая химия,0,20,187.91
2025-10-15,БЫТ-004,Бытовая химия,0,20,187.91
2025-10-16,БЫТ-004,Бытовая химия,3,17,187.91
2025-10-17,БЫТ-004,Бытовая химия,0,17,187.91
2025-10-18,БЫТ-004,Бытовая химия,3,14,187.91
2025-10-19,БЫТ-004,Бытовая химия,4,10,187.91
2025-10-20,БЫТ-004,Бытовая химия,0,20,187.91
2025-10-21,БЫТ-004,Бытовая химия,0,20,187.91
2025-10-22,БЫТ-004,Бытовая химия,0,20,187.91
2025-10-23,БЫТ-004,Бытовая химия,0,20,187.91
2025-10-24,БЫТ-004,Бытовая химия,0,20,187.91
2025-10-25,БЫТ-004,Бытовая химия,2,18,187.91
2025-10-26,БЫТ-004,Бытовая химия,2,16,187.91
2025-10-27,БЫТ-004,Бытовая химия,4,16,187.91
2025-10-28,БЫТ-004,Бытовая химия,2,14,187.91
2025-10-29,БЫТ-004,Бытовая химия,3,11,187.91
2025-10-30,БЫТ-004,Бытовая химия,0,11,187.91
2025-10-31,БЫТ-004,Бытовая химия,4,7,187.91
2025-11-01,БЫТ-004,Бытовая химия,2,5,187.91
2025-11-02,БЫТ-004,Бытовая химия,0,5,187.91
2025-11-03,БЫТ-004,Бытовая химия,0,20,187.91
2025-11-04,БЫТ-004,Бытовая химия,0,20,187.91
2025-11-05,БЫТ-004,Бытовая химия,0,20,187.91
2025-11-06,БЫТ-004,Бытовая химия,0,20,187.91
2025-11-07,БЫТ-004,Бытовая химия,4,16,187.91
2025-11-08,БЫТ-004,Бытовая химия,0,16,187.91
2025-11-09,БЫТ-004,Бытовая химия,0,16,187.91
2025-11-10,БЫТ-004,Бытовая химия,0,20,187.91
2025-11-11,БЫТ-004,Бытовая химия,0,20,187.91
2025-11-12,БЫТ-004,Бытовая химия,0,20,187.91
2025-11-13,БЫТ-004,Бытовая химия,0,20,187.91
2025-11-14,БЫТ-004,Бытовая химия,2,18,187.91
2025-11-15,БЫТ-004,Бытовая химия,0,18,187.91
2025-11-16,БЫТ-004,Бытовая химия,0,18,187.91
2025-11-17,БЫТ-004,Бытовая химия,1,19,187.91
2025-11-18,БЫТ-004,Бытовая химия,5,14,187.91
2025-11-19,БЫТ-004,Бытовая химия,4,10,187.91
2025-11-20,БЫТ-004,Бытовая химия,0,10,187.91
2025-11-21,БЫТ-004,Бытовая химия,0,10,187.91
2025-11-22,БЫТ-004,Бытовая химия,3,7,187.91
2025-11-23,БЫТ-004,Бытовая химия,2,5,187.91
2025-11-24,БЫТ-004,Бытовая химия,0,20,187.91
2025-11-25,БЫТ-004,Бытовая химия,2,18,187.91
2025-11-26,БЫТ-004,Бытовая химия,0,18,187.91
2025-11-27,БЫТ-004,Бытовая химия,3,15,187.91
2025-11-28,БЫТ-004,Бытовая химия,0,15,187.91
2025-11-29,БЫТ-004,Бытовая химия,2,13,187.91
2025-11-30,БЫТ-004,Бытовая химия,2,11,187.91
2025-12-01,БЫТ-004,Бытовая химия,4,16,187.91
2025-12-02,БЫТ-004,Бытовая химия,5,11,187.91
2025-12-03,БЫТ-004,Бытовая химия,2,9,187.91
2025-12-04,БЫТ-004,Бытовая химия,0,9,187.91
2025-12-05,БЫТ-004,Бытовая химия,0,9,187.91
2025-12-06,БЫТ-004,Бытовая химия,0,9,187.91
2025-12-07,БЫТ-004,Бытовая химия,0,9,187.91
2025-12-08,БЫТ-004,Бытовая химия,0,20,187.91
2025-12-09,БЫТ-004,Бытовая химия,0,20,187.91
2025-12-10,БЫТ-004,Бытовая химия,0,20,187.91
2025-12-11,БЫТ-004,Бытовая химия,0,20,187.91
2025-12-12,БЫТ-004,Бытовая химия,2,18,187.91
2025-12-13,БЫТ-004,Бытовая химия,0,18,187.91
2025-12-14,БЫТ-004,Бытовая химия,2,16,187.91
2025-12-15,БЫТ-004,Бытовая химия,0,20,187.91
2025-12-16,БЫТ-004,Бытовая химия,4,16,187.91
2025-12-17,БЫТ-004,Бытовая химия,0,16,187.91
2025-12-18,БЫТ-004,Бытовая химия,0,16,187.91
2025-12-19,БЫТ-004,Бытовая химия,2,14,187.91
2025-12-20,БЫТ-004,Бытовая химия,0,14,187.91
2025-12-21,БЫТ-004,Бытовая химия,0,14,187.91
2025-12-22,БЫТ-004,Бытовая химия,0,20,187.91
2025-12-23,БЫТ-004,Бытовая химия,0,20,187.91
2025-12-24,БЫТ-004,Бытовая химия,0,20,187.91
2025-12-25,БЫТ-004,Бытовая химия,2,18,187.91
2025-12-26,БЫТ-004,Бытовая химия,0,18,187.91
2025-12-27,БЫТ-004,Бытовая химия,0,18,187.91
2025-12-28,БЫТ-004,Бытовая химия,3,15,187.91
2025-12-29,БЫТ-004,Бытовая химия,0,20,187.91
2025-12-30,БЫТ-004,Бытовая химия,2,18,187.91
2025-12-31,БЫТ-004,Бытовая химия,0,18,187.91
2026-01-01,БЫТ-004,Бытовая химия,2,16,187.91
2026-01-02,БЫТ-004,Бытовая химия,5,11,187.91
2026-01-03,БЫТ-004,Бытовая химия,0,11,187.91
2026-01-04,БЫТ-004,Бытовая химия,1,10,187.91
2026-01-05,БЫТ-004,Бытовая химия,1,19,187.91
2026-01-06,БЫТ-004,Бытовая химия,0,19,187.91
2026-01-07,БЫТ-004,Бытовая химия,1,18,187.91
2026-01-08,БЫТ-004,Бытовая химия,0,18,187.91
2026-01-09,БЫТ-004,Бытовая химия,0,18,187.91
2026-01-10,БЫТ-004,Бытовая химия,0,18,187.91
2026-01-11,БЫТ-004,Бытовая химия,0,18,187.91
2026-01-12,БЫТ-004,Бытовая химия,0,20,187.91
2026-01-13,БЫТ-004,Бытовая химия,2,18,187.91
2026-01-14,БЫТ-004,Бытовая химия,0,18,187.91
2026-01-15,БЫТ-004,Бытовая химия,0,18,187.91
2026-01-16,БЫТ-004,Бытовая химия,3,15,187.91
2026-01-17,БЫТ-004,Бытовая химия,0,15,187.91
2026-01-18,БЫТ-004,Бытовая химия,2,13,187.91
2026-01-19,БЫТ-004,Бытовая химия,0,20,187.91
2026-01-20,БЫТ-004,Бытовая химия,2,18,187.91
2026-01-21,БЫТ-004,Бытовая химия,1,17,187.91
2026-01-22,БЫТ-004,Бытовая химия,3,14,187.91
2026-01-23,БЫТ-004,Бытовая химия,1,13,187.91
2026-01-24,БЫТ-004,Бытовая химия,0,13,187.91
2026-01-25,БЫТ-004,Бытовая химия,0,13,187.91
2026-01-26,БЫТ-004,Бытовая химия,2,18,187.91
2026-01-27,БЫТ-004,Бытовая химия,0,18,187.91
2026-01-28,БЫТ-004,Бытовая химия,0,18,187.91
2026-01-29,БЫТ-004,Бытовая химия,0,18,187.91
2026-01-30,БЫТ-004,Бытовая химия,4,14,187.91
2026-01-31,БЫТ-004,Бытовая химия,4,10,187.91
2026-02-01,БЫТ-004,Бытовая химия,2,8,187.91
2026-02-02,БЫТ-004,Бытовая химия,0,20,187.91
2026-02-03,БЫТ-004,Бытовая химия,0,20,187.91
2026-02-04,БЫТ-004,Бытовая химия,3,17,187.91
2026-02-05,БЫТ-004,Бытовая химия,2,15,187.91
2026-02-06,БЫТ-004,Бытовая химия,2,13,187.91
2026-02-07,БЫТ-004,Бытовая химия,2,11,187.91
2026-02-08,БЫТ-004,Бытовая химия,2,9,187.91
2026-02-09,БЫТ-004,Бытовая химия,2,18,187.91
2026-02-10,БЫТ-004,Бытовая химия,0,18,187.91
2026-02-11,БЫТ-004,Бытовая химия,0,18,187.91
2026-02-12,БЫТ-004,Бытовая химия,2,16,187.91
2026-02-13,БЫТ-004,Бытовая химия,0,16,187.91
2026-02-14,БЫТ-004,Бытовая химия,0,16,187.91
2026-02-15,БЫТ-004,Бытовая химия,0,16,187.91
2026-02-16,БЫТ-004,Бытовая химия,3,17,187.91
2026-02-17,БЫТ-004,Бытовая химия,0,17,187.91
2026-02-18,БЫТ-004,Бытовая химия,4,13,187.91
2026-02-19,БЫТ-004,Бытовая химия,0,13,187.91
2026-02-20,БЫТ-004,Бытовая химия,0,13,187.91
2026-02-21,БЫТ-004,Бытовая химия,0,13,187.91
2026-02-22,БЫТ-004,Бытовая химия,2,11,187.91
2026-02-23,БЫТ-004,Бытовая химия,0,20,187.91
2026-02-24,БЫТ-004,Бытовая химия,0,20,187.91
2026-02-25,БЫТ-004,Бытовая химия,0,20,187.91
2026-02-26,БЫТ-004,Бытовая химия,0,20,187.91
2026-02-27,БЫТ-004,Бытовая химия,1,19,187.91
2026-02-28,БЫТ-004,Бытовая химия,0,19,187.91
2026-03-01,БЫТ-004,Бытовая химия,1,18,187.91
2026-03-02,БЫТ-004,Бытовая химия,0,20,187.91
2026-03-03,БЫТ-004,Бытовая химия,2,18,187.91
2026-03-04,БЫТ-004,Бытовая химия,0,18,187.91
2026-03-05,БЫТ-004,Бытовая химия,0,18,187.91
2026-03-06,БЫТ-004,Бытовая химия,3,15,187.91
2026-03-07,БЫТ-004,Бытовая химия,2,13,187.91
2026-03-08,БЫТ-004,Бытовая химия,0,13,187.91
2026-03-09,БЫТ-004,Бытовая химия,4,16,187.91
2026-03-10,БЫТ-004,Бытовая химия,0,16,187.91
2026-03-11,БЫТ-004,Бытовая химия,0,16,187.91
2026-03-12,БЫТ-004,Бытовая химия,2,14,187.91
2026-03-13,БЫТ-004,Бытовая химия,0,14,187.91
2026-03-14,БЫТ-004,Бытовая химия,1,13,187.91
2026-03-15,БЫТ-004,Бытовая химия,3,10,187.91
2026-03-16,БЫТ-004,Бытовая химия,0,20,187.91
2026-03-17,БЫТ-004,Бытовая химия,0,20,187.91
2026-03-18,БЫТ-004,Бытовая химия,0,20,187.91
2026-03-19,БЫТ-004,Бытовая химия,0,20,187.91
2026-03-20,БЫТ-004,Бытовая химия,3,17,187.91
2026-03-21,БЫТ-004,Бытовая химия,0,17,187.91
2026-03-22,БЫТ-004,Бытовая химия,0,17,187.91
2026-03-23,БЫТ-004,Бытовая химия,0,20,187.91
2026-03-24,БЫТ-004,Бытовая химия,1,19,187.91
2026-03-25,БЫТ-004,Бытовая химия,0,19,187.91
2026-03-26,БЫТ-004,Бытовая химия,3,16,187.91
2026-03-27,БЫТ-004,Бытовая химия,0,16,187.91
2026-03-28,БЫТ-004,Бытовая химия,3,13,187.91
2026-03-29,БЫТ-004,Бытовая химия,4,9,187.91
2026-03-30,БЫТ-004,Бытовая химия,1,19,187.91
2026-03-31,БЫТ-004,Бытовая химия,0,19,187.91
2026-04-01,БЫТ-004,Бытовая химия,0,19,187.91
2026-04-02,БЫТ-004,Бытовая химия,0,19,187.91
2026-04-03,БЫТ-004,Бытовая химия,2,17,187.91
2026-04-04,БЫТ-004,Бытовая химия,3,14,187.91
2026-04-05,БЫТ-004,Бытовая химия,0,14,187.91
2026-04-06,БЫТ-004,Бытовая химия,0,20,187.91
2026-04-07,БЫТ-004,Бытовая химия,0,20,187.91
2026-04-08,БЫТ-004,Бытовая химия,0,20,187.91
2026-04-09,БЫТ-004,Бытовая химия,0,20,187.91
2026-04-10,БЫТ-004,Бытовая химия,0,20,187.91
2026-04-11,БЫТ-004,Бытовая химия,3,17,187.91
2026-04-12,БЫТ-004,Бытовая химия,0,17,187.91
2026-04-13,БЫТ-004,Бытовая химия,0,20,187.91
2026-04-14,БЫТ-004,Бытовая химия,1,19,187.91
2026-04-15,БЫТ-004,Бытовая химия,0,19,187.91
2026-04-16,БЫТ-004,Бытовая химия,0,19,187.91
2026-04-17,БЫТ-004,Бытовая химия,1,18,187.91
2026-04-18,БЫТ-004,Бытовая химия,4,14,187.91
2026-04-19,БЫТ-004,Бытовая химия,2,12,187.91
2026-04-20,БЫТ-004,Бытовая химия,1,19,187.91
2026-04-21,БЫТ-004,Бытовая химия,0,19,187.91
2026-04-22,БЫТ-004,Бытовая химия,0,19,187.91
2026-04-23,БЫТ-004,Бытовая химия,0,19,187.91
2026-04-24,БЫТ-004,Бытовая химия,0,19,187.91
2026-04-25,БЫТ-004,Бытовая химия,0,19,187.91
2026-04-26,БЫТ-004,Бытовая химия,4,15,187.91
2026-04-27,БЫТ-004,Бытовая химия,0,20,187.91
2026-04-28,БЫТ-004,Бытовая химия,0,20,187.91
2026-04-29,БЫТ-004,Бытовая химия,1,19,187.91
2026-04-30,БЫТ-004,Бытовая химия,3,16,187.91
2026-05-01,БЫТ-004,Бытовая химия,4,12,187.91
2026-05-02,БЫТ-004,Бытовая химия,0,12,187.91
2026-05-03,БЫТ-004,Бытовая химия,0,12,187.91
2026-05-04,БЫТ-004,Бытовая химия,0,20,187.91
2026-05-05,БЫТ-004,Бытовая химия,0,20,187.91
2026-05-06,БЫТ-004,Бытовая химия,0,20,187.91
2026-05-07,БЫТ-004,Бытовая химия,0,20,187.91
2026-05-08,БЫТ-004,Бытовая химия,3,17,187.91
2026-05-09,БЫТ-004,Бытовая химия,0,17,187.91
2026-05-10,БЫТ-004,Бытовая химия,0,17,187.91
2026-05-11,БЫТ-004,Бытовая химия,1,19,187.91
2026-05-12,БЫТ-004,Бытовая химия,0,19,187.91
2026-05-13,БЫТ-004,Бытовая химия,1,18,187.91
2026-05-14,БЫТ-004,Бытовая химия,0,18,187.91
2026-05-15,БЫТ-004,Бытовая химия,0,18,187.91
2026-05-16,БЫТ-004,Бытовая химия,2,16,187.91
2026-05-17,БЫТ-004,Бытовая химия,1,15,187.91
2026-05-18,БЫТ-004,Бытовая химия,2,18,187.91
2026-05-19,БЫТ-004,Бытовая химия,2,16,187.91
2026-05-20,БЫТ-004,Бытовая химия,1,15,187.91
2026-05-21,БЫТ-004,Бытовая химия,0,15,187.91
2026-05-22,БЫТ-004,Бытовая химия,1,14,187.91
2026-05-23,БЫТ-004,Бытовая химия,5,9,187.91
2026-05-24,БЫТ-004,Бытовая химия,0,9,187.91
2026-05-25,БЫТ-004,Бытовая химия,1,19,187.91
2026-05-26,БЫТ-004,Бытовая химия,0,19,187.91
2026-05-27,БЫТ-004,Бытовая химия,0,19,187.91
2026-05-28,БЫТ-004,Бытовая химия,1,18,187.91
2026-05-29,БЫТ-004,Бытовая химия,0,18,187.91
2026-05-30,БЫТ-004,Бытовая химия,0,18,187.91
2026-05-31,БЫТ-004,Бытовая химия,1,17,187.91
2026-06-01,БЫТ-004,Бытовая химия,0,20,187.91
2026-06-02,БЫТ-004,Бытовая химия,5,15,187.91
2026-06-03,БЫТ-004,Бытовая химия,2,13,187.91
2026-06-04,БЫТ-004,Бытовая химия,0,13,187.91
2026-06-05,БЫТ-004,Бытовая химия,0,13,187.91
2026-06-06,БЫТ-004,Бытовая химия,0,13,187.91
2026-06-07,БЫТ-004,Бытовая химия,0,13,187.91
2026-06-08,БЫТ-004,Бытовая химия,0,20,187.91
2026-06-09,БЫТ-004,Бытовая химия,1,19,187.91
2026-06-10,БЫТ-004,Бытовая химия,0,19,187.91
2026-06-11,БЫТ-004,Бытовая химия,0,19,187.91
2026-06-12,БЫТ-004,Бытовая химия,2,17,187.91
2026-06-13,БЫТ-004,Бытовая химия,1,16,187.91
2026-06-14,БЫТ-004,Бытовая химия,1,15,187.91
2026-06-15,БЫТ-004,Бытовая химия,0,20,187.91
2026-06-16,БЫТ-004,Бытовая химия,0,20,187.91
2026-06-17,БЫТ-004,Бытовая химия,0,20,187.91
2026-06-18,БЫТ-004,Бытовая химия,3,17,187.91
2026-06-19,БЫТ-004,Бытовая химия,0,17,187.91
2026-06-20,БЫТ-004,Бытовая химия,0,17,187.91
2026-06-21,БЫТ-004,Бытовая химия,0,17,187.91
2026-06-22,БЫТ-004,Бытовая химия,1,19,187.91
2026-06-23,БЫТ-004,Бытовая химия,3,16,187.91
2026-06-24,БЫТ-004,Бытовая химия,1,15,187.91
2026-06-25,БЫТ-004,Бытовая химия,4,11,187.91
2026-06-26,БЫТ-004,Бытовая химия,5,6,187.91
2026-06-27,БЫТ-004,Бытовая химия,1,5,187.91
2026-06-28,БЫТ-004,Бытовая химия,2,3,187.91
2026-06-29,БЫТ-004,Бытовая химия,4,16,187.91
2026-06-30,БЫТ-004,Бытовая химия,2,14,187.91
2026-07-01,БЫТ-004,Бытовая химия,0,14,187.91
2026-07-02,БЫТ-004,Бытовая химия,2,12,187.91
2026-07-03,БЫТ-004,Бытовая химия,1,11,187.91
2026-07-04,БЫТ-004,Бытовая химия,0,11,187.91
2026-07-05,БЫТ-004,Бытовая химия,0,11,187.91
2026-07-06,БЫТ-004,Бытовая химия,1,19,187.91
2026-07-07,БЫТ-004,Бытовая химия,1,18,187.91
2026-07-08,БЫТ-004,Бытовая химия,1,17,187.91
2026-07-09,БЫТ-004,Бытовая химия,4,13,187.91
2026-07-10,БЫТ-004,Бытовая химия,2,11,187.91
2026-07-11,БЫТ-004,Бытовая химия,2,9,187.91
2026-07-12,БЫТ-004,Бытовая химия,1,8,187.91
2026-07-13,БЫТ-004,Бытовая химия,2,18,187.91
2026-07-14,БЫТ-004,Бытовая химия,3,15,187.91
2026-07-15,БЫТ-004,Бытовая химия,0,15,187.91
2026-07-16,БЫТ-004,Бытовая химия,0,15,187.91
2026-07-17,БЫТ-004,Бытовая химия,1,14,187.91
2026-07-18,БЫТ-004,Бытовая химия,4,10,187.91
2026-07-19,БЫТ-004,Бытовая химия,5,5,187.91
2026-07-20,БЫТ-004,Бытовая химия,2,18,187.91
2026-07-21,БЫТ-004,Бытовая химия,2,16,187.91
2026-07-22,БЫТ-004,Бытовая химия,2,14,187.91
2026-07-23,БЫТ-004,Бытовая химия,0,14,187.91
2026-07-24,БЫТ-004,Бытовая химия,0,14,187.91
2026-07-25,БЫТ-004,Бытовая химия,2,12,187.91
2026-07-26,БЫТ-004,Бытовая химия,0,12,187.91
2026-07-27,БЫТ-004,Бытовая химия,0,20,187.91
2026-07-28,БЫТ-004,Бытовая химия,1,19,187.91
2026-07-29,БЫТ-004,Бытовая химия,1,18,187.91
2026-07-30,БЫТ-004,Бытовая химия,0,18,187.91
2026-07-31,БЫТ-004,Бытовая химия,0,18,187.91
2026-08-01,БЫТ-004,Бытовая химия,2,16,187.91
2026-08-02,БЫТ-004,Бытовая химия,0,16,187.91
2026-08-03,БЫТ-004,Бытовая химия,1,19,187.91
2026-08-04,БЫТ-004,Бытовая химия,2,17,187.91
2026-08-05,БЫТ-004,Бытовая химия,5,12,187.91
2026-08-06,БЫТ-004,Бытовая химия,3,9,187.91
2026-08-07,БЫТ-004,Бытовая химия,0,9,187.91
2026-08-08,БЫТ-004,Бытовая химия,2,7,187.91
2026-08-09,БЫТ-004,Бытовая химия,1,6,187.91
2026-08-10,БЫТ-004,Бытовая химия,0,20,187.91
2026-08-11,БЫТ-004,Бытовая химия,0,20,187.91
2026-08-12,БЫТ-004,Бытовая химия,0,20,187.91
2026-08-13,БЫТ-004,Бытовая химия,0,20,187.91
2026-08-14,БЫТ-004,Бытовая химия,2,18,187.91
2026-08-15,БЫТ-004,Бытовая химия,0,18,187.91
2026-08-16,БЫТ-004,Бытовая химия,1,17,187.91
2026-08-17,БЫТ-004,Бытовая химия,0,20,187.91
2026-08-18,БЫТ-004,Бытовая химия,0,20,187.91
2026-08-19,БЫТ-004,Бытовая химия,0,20,187.91
2026-08-20,БЫТ-004,Бытовая химия,0,20,187.91
2026-08-21,БЫТ-004,Бытовая химия,0,20,187.91
2026-08-22,БЫТ-004,Бытовая химия,1,19,187.91
2026-08-23,БЫТ-004,Бытовая химия,3,16,187.91
2026-08-24,БЫТ-004,Бытовая химия,2,18,187.91
2026-08-25,БЫТ-004,Бытовая химия,3,15,187.91
2026-08-26,БЫТ-004,Бытовая химия,1,14,187.91
2026-08-27,БЫТ-004,Бытовая химия,0,14,187.91
2026-08-28,БЫТ-004,Бытовая химия,0,14,187.91
2026-08-29,БЫТ-004,Бытовая химия,4,10,187.91
2026-08-30,БЫТ-004,Бытовая химия,3,7,187.91
2026-08-31,БЫТ-004,Бытовая химия,0,20,187.91
2026-09-01,БЫТ-004,Бытовая химия,0,20,187.91
2026-09-02,БЫТ-004,Бытовая химия,1,19,187.91
2026-09-03,БЫТ-004,Бытовая химия,3,16,187.91
2026-09-04,БЫТ-004,Бытовая химия,0,16,187.91
2026-09-05,БЫТ-004,Бытовая химия,1,15,187.91
2026-09-06,БЫТ-004,Бытовая химия,0,15,187.91
2026-09-07,БЫТ-004,Бытовая химия,3,17,187.91
2026-09-08,БЫТ-004,Бытовая химия,0,17,187.91
2026-09-09,БЫТ-004,Бытовая химия,0,17,187.91
2026-09-10,БЫТ-004,Бытовая химия,0,17,187.91
2026-09-11,БЫТ-004,Бытовая химия,0,17,187.91
2026-09-12,БЫТ-004,Бытовая химия,4,13,187.91
2026-09-13,БЫТ-004,Бытовая химия,0,13,187.91
2026-09-14,БЫТ-004,Бытовая химия,2,18,187.91
2026-09-15,БЫТ-004,Бытовая химия,3,15,187.91
2026-09-16,БЫТ-004,Бытовая химия,0,15,187.91
2026-09-17,БЫТ-004,Бытовая химия,0,15,187.91
2026-09-18,БЫТ-004,Бытовая химия,1,14,187.91
2026-09-19,БЫТ-004,Бытовая химия,0,14,187.91
2026-09-20,БЫТ-004,Бытовая химия,3,11,187.91
2026-09-21,БЫТ-004,Бытовая химия,0,20,187.91
2026-09-22,БЫТ-004,Бытовая химия,0,20,187.91
2026-09-23,БЫТ-004,Бытовая химия,2,18,187.91
2026-09-24,БЫТ-004,Бытовая химия,6,12,187.91
2026-09-25,БЫТ-004,Бытовая химия,0,12,187.91
2026-09-26,БЫТ-004,Бытовая химия,1,11,187.91
2026-09-27,БЫТ-004,Бытовая химия,0,11,187.91
2026-09-28,БЫТ-004,Бытовая химия,2,18,187.91
2026-09-29,БЫТ-004,Бытовая химия,1,17,187.91
2026-09-30,БЫТ-004,Бытовая химия,0,17,187.91
2025-06-01,БЫТ-005,Бытовая химия,0,12,160.45
2025-06-02,БЫТ-005,Бытовая химия,0,13,160.45
2025-06-03,БЫТ-005,Бытовая химия,0,13,160.45
2025-06-04,БЫТ-005,Бытовая химия,0,13,160.45
2025-06-05,БЫТ-005,Бытовая химия,0,13,160.45
2025-06-06,БЫТ-005,Бытовая химия,2,11,160.45
2025-06-07,БЫТ-005,Бытовая химия,0,11,160.45
2025-06-08,БЫТ-005,Бытовая химия,1,10,160.45
2025-06-09,БЫТ-005,Бытовая химия,0,13,160.45
2025-06-10,БЫТ-005,Бытовая химия,0,13,160.45
2025-06-11,БЫТ-005,Бытовая химия,2,11,160.45
2025-06-12,БЫТ-005,Бытовая химия,0,11,160.45
2025-06-13,БЫТ-005,Бытовая химия,0,11,160.45
2025-06-14,БЫТ-005,Бытовая химия,0,11,160.45
2025-06-15,БЫТ-005,Бытовая химия,0,11,160.45
2025-06-16,БЫТ-005,Бытовая химия,0,13,160.45
2025-06-17,БЫТ-005,Бытовая химия,0,13,160.45
2025-06-18,БЫТ-005,Бытовая химия,0,13,160.45
2025-06-19,БЫТ-005,Бытовая химия,3,10,160.45
2025-06-20,БЫТ-005,Бытовая химия,0,10,160.45
2025-06-21,БЫТ-005,Бытовая химия,0,10,160.45
2025-06-22,БЫТ-005,Бытовая химия,0,10,160.45
2025-06-23,БЫТ-005,Бытовая химия,2,11,160.45
2025-06-24,БЫТ-005,Бытовая химия,0,11,160.45
2025-06-25,БЫТ-005,Бытовая химия,0,11,160.45
2025-06-26,БЫТ-005,Бытовая химия,0,11,160.45
2025-06-27,БЫТ-005,Бытовая химия,0,11,160.45
2025-06-28,БЫТ-005,Бытовая химия,0,11,160.45
2025-06-29,БЫТ-005,Бытовая химия,0,11,160.45
2025-06-30,БЫТ-005,Бытовая химия,1,12,160.45
2025-07-01,БЫТ-005,Бытовая химия,5,7,160.45
2025-07-02,БЫТ-005,Бытовая химия,0,7,160.45
2025-07-03,БЫТ-005,Бытовая химия,0,7,160.45
2025-07-04,БЫТ-005,Бытовая химия,0,7,160.45
2025-07-05,БЫТ-005,Бытовая химия,2,5,160.45
2025-07-06,БЫТ-005,Бытовая химия,0,5,160.45
2025-07-07,БЫТ-005,Бытовая химия,0,13,160.45
2025-07-08,БЫТ-005,Бытовая химия,0,13,160.45
2025-07-09,БЫТ-005,Бытовая химия,0,13,160.45
2025-07-10,БЫТ-005,Бытовая химия,0,13,160.45
2025-07-11,БЫТ-005,Бытовая химия,2,11,160.45
2025-07-12,БЫТ-005,Бытовая химия,1,10,160.45
2025-07-13,БЫТ-005,Бытовая химия,0,10,160.45
2025-07-14,БЫТ-005,Бытовая химия,3,10,160.45
2025-07-15,БЫТ-005,Бытовая химия,0,10,160.45
2025-07-16,БЫТ-005,Бытовая химия,2,8,160.45
2025-07-17,БЫТ-005,Бытовая химия,0,8,160.45
2025-07-18,БЫТ-005,Бытовая химия,0,8,160.45
2025-07-19,БЫТ-005,Бытовая химия,0,8,160.45
2025-07-20,БЫТ-005,Бытовая химия,2,6,160.45
2025-07-21,БЫТ-005,Бытовая химия,0,13,160.45
2025-07-22,БЫТ-005,Бытовая химия,0,13,160.45
2025-07-23,БЫТ-005,Бытовая химия,0,13,160.45
2025-07-24,БЫТ-005,Бытовая химия,0,13,160.45
2025-07-25,БЫТ-005,Бытовая химия,1,12,160.45
2025-07-26,БЫТ-005,Бытовая химия,0,12,160.45
2025-07-27,БЫТ-005,Бытовая химия,0,12,160.45
2025-07-28,БЫТ-005,Бытовая химия,2,11,160.45
2025-07-29,БЫТ-005,Бытовая химия,3,8,160.45
2025-07-30,БЫТ-005,Бытовая химия,0,8,160.45
2025-07-31,БЫТ-005,Бытовая химия,0,8,160.45
2025-08-01,БЫТ-005,Бытовая химия,0,8,160.45
2025-08-02,БЫТ-005,Бытовая химия,0,8,160.45
2025-08-03,БЫТ-005,Бытовая химия,0,8,160.45
2025-08-04,БЫТ-005,Бытовая химия,0,13,160.45
2025-08-05,БЫТ-005,Бытовая химия,0,13,160.45
2025-08-06,БЫТ-005,Бытовая химия,0,13,160.45
2025-08-07,БЫТ-005,Бытовая химия,1,12,160.45
2025-08-08,БЫТ-005,Бытовая химия,0,12,160.45
2025-08-09,БЫТ-005,Бытовая химия,0,12,160.45
2025-08-10,БЫТ-005,Бытовая химия,0,12,160.45
2025-08-11,БЫТ-005,Бытовая химия,0,13,160.45
2025-08-12,БЫТ-005,Бытовая химия,0,13,160.45
2025-08-13,БЫТ-005,Бытовая химия,0,13,160.45
2025-08-14,БЫТ-005,Бытовая химия,0,13,160.45
2025-08-15,БЫТ-005,Бытовая химия,0,13,160.45
2025-08-16,БЫТ-005,Бытовая химия,0,13,160.45
2025-08-17,БЫТ-005,Бытовая химия,0,13,160.45
2025-08-18,БЫТ-005,Бытовая химия,0,13,160.45
2025-08-19,БЫТ-005,Бытовая химия,0,13,160.45
2025-08-20,БЫТ-005,Бытовая химия,0,13,160.45
2025-08-21,БЫТ-005,Бытовая химия,0,13,160.45
2025-08-22,БЫТ-005,Бытовая химия,1,12,160.45
2025-08-23,БЫТ-005,Бытовая химия,1,11,160.45
2025-08-24,БЫТ-005,Бытовая химия,0,11,160.45
2025-08-25,БЫТ-005,Бытовая химия,0,13,160.45
2025-08-26,БЫТ-005,Бытовая химия,0,13,160.45
2025-08-27,БЫТ-005,Бытовая химия,2,11,160.45
2025-08-28,БЫТ-005,Бытовая химия,0,11,160.45
2025-08-29,БЫТ-005,Бытовая химия,0,11,160.45
2025-08-30,БЫТ-005,Бытовая химия,2,9,160.45
2025-08-31,БЫТ-005,Бытовая химия,0,9,160.45
2025-09-01,БЫТ-005,Бытовая химия,3,10,160.45
2025-09-02,БЫТ-005,Бытовая химия,0,10,160.45
2025-09-03,БЫТ-005,Бытовая химия,0,10,160.45
2025-09-04,БЫТ-005,Бытовая химия,0,10,160.45
2025-09-05,БЫТ-005,Бытовая химия,0,10,160.45
2025-09-06,БЫТ-005,Бытовая химия,0,10,160.45
2025-09-07,БЫТ-005,Бытовая химия,0,10,160.45
2025-09-08,БЫТ-005,Бытовая химия,1,12,160.45
2025-09-09,БЫТ-005,Бытовая химия,4,8,160.45
2025-09-10,БЫТ-005,Бытовая химия,0,8,160.45
2025-09-11,БЫТ-005,Бытовая химия,0,8,160.45
2025-09-12,БЫТ-005,Бытовая химия,0,8,160.45
2025-09-13,БЫТ-005,Бытовая химия,0,8,160.45
2025-09-14,БЫТ-005,Бытовая химия,2,6,160.45
2025-09-15,БЫТ-005,Бытовая химия,0,13,160.45
2025-09-16,БЫТ-005,Бытовая химия,0,13,160.45
2025-09-17,БЫТ-005,Бытовая химия,0,13,160.45
2025-09-18,БЫТ-005,Бытовая химия,2,11,160.45
2025-09-19,БЫТ-005,Бытовая химия,0,11,160.45
2025-09-20,БЫТ-005,Бытовая химия,5,6,160.45
2025-09-21,БЫТ-005,Бытовая химия,0,6,160.45
2025-09-22,БЫТ-005,Бытовая химия,0,13,160.45
2025-09-23,БЫТ-005,Бытовая химия,0,13,160.45
2025-09-24,БЫТ-005,Бытовая химия,0,13,160.45
2025-09-25,БЫТ-005,Бытовая химия,0,13,160.45
2025-09-26,БЫТ-005,Бытовая химия,0,13,160.45
2025-09-27,БЫТ-005,Бытовая химия,4,9,160.45
2025-09-28,БЫТ-005,Бытовая химия,2,7,160.45
2025-09-29,БЫТ-005,Бытовая химия,1,12,160.45
2025-09-30,БЫТ-005,Бытовая химия,0,12,160.45
2025-10-01,БЫТ-005,Бытовая химия,0,12,160.45
2025-10-02,БЫТ-005,Бытовая химия,0,12,160.45
2025-10-03,БЫТ-005,Бытовая химия,0,12,160.45
2025-10-04,БЫТ-005,Бытовая химия,0,12,160.45
2025-10-05,БЫТ-005,Бытовая химия,0,12,160.45
2025-10-06,БЫТ-005,Бытовая химия,2,11,160.45
2025-10-07,БЫТ-005,Бытовая химия,4,7,160.45
2025-10-08,БЫТ-005,Бытовая химия,0,7,160.45
2025-10-09,БЫТ-005,Бытовая химия,0,7,160.45
2025-10-10,БЫТ-005,Бытовая химия,0,7,160.45
2025-10-11,БЫТ-005,Бытовая химия,0,7,160.45
2025-10-12,БЫТ-005,Бытовая химия,0,7,160.45
2025-10-13,БЫТ-005,Бытовая химия,0,13,160.45
2025-10-14,БЫТ-005,Бытовая химия,0,13,160.45
2025-10-15,БЫТ-005,Бытовая химия,2,11,160.45
2025-10-16,БЫТ-005,Бытовая химия,0,11,160.45
2025-10-17,БЫТ-005,Бытовая химия,0,11,160.45
2025-10-18,БЫТ-005,Бытовая химия,0,11,160.45
2025-10-19,БЫТ-005,Бытовая химия,0,11,160.45
2025-10-20,БЫТ-005,Бытовая химия,0,13,160.45
2025-10-21,БЫТ-005,Бытовая химия,0,13,160.45
2025-10-22,БЫТ-005,Бытовая химия,0,13,160.45
2025-10-23,БЫТ-005,Бытовая химия,0,13,160.45
2025-10-24,БЫТ-005,Бытовая химия,0,13,160.45
2025-10-25,БЫТ-005,Бытовая химия,0,13,160.45
2025-10-26,БЫТ-005,Бытовая химия,0,13,160.45
2025-10-27,БЫТ-005,Бытовая химия,0,13,160.45
2025-10-28,БЫТ-005,Бытовая химия,0,13,160.45
2025-10-29,БЫТ-005,Бытовая химия,0,13,160.45
2025-10-30,БЫТ-005,Бытовая химия,0,13,160.45
2025-10-31,БЫТ-005,Бытовая химия,0,13,160.45
2025-11-01,БЫТ-005,Бытовая химия,0,13,160.45
2025-11-02,БЫТ-005,Бытовая химия,0,13,160.45
2025-11-03,БЫТ-005,Бытовая химия,0,13,160.45
2025-11-04,БЫТ-005,Бытовая химия,1,12,160.45
2025-11-05,БЫТ-005,Бытовая химия,0,12,160.45
2025-11-06,БЫТ-005,Бытовая химия,1,11,160.45
2025-11-07,БЫТ-005,Бытовая химия,0,11,160.45
2025-11-08,БЫТ-005,Бытовая химия,0,11,160.45
2025-11-09,БЫТ-005,Бытовая химия,0,11,160.45
2025-11-10,БЫТ-005,Бытовая химия,0,13,160.45
2025-11-11,БЫТ-005,Бытовая химия,0,13,160.45
2025-11-12,БЫТ-005,Бытовая химия,0,13,160.45
2025-11-13,БЫТ-005,Бытовая химия,0,13,160.45
2025-11-14,БЫТ-005,Бытовая химия,0,13,160.45
2025-11-15,БЫТ-005,Бытовая химия,0,13,160.45
2025-11-16,БЫТ-005,Бытовая химия,1,12,160.45
2025-11-17,БЫТ-005,Бытовая химия,3,10,160.45
2025-11-18,БЫТ-005,Бытовая химия,0,10,160.45
2025-11-19,БЫТ-005,Бытовая химия,0,10,160.45
2025-11-20,БЫТ-005,Бытовая химия,0,10,160.45
2025-11-21,БЫТ-005,Бытовая химия,0,10,160.45
2025-11-22,БЫТ-005,Бытовая химия,4,6,160.45
2025-11-23,БЫТ-005,Бытовая химия,0,6,160.45
2025-11-24,БЫТ-005,Бытовая химия,0,13,160.45
2025-11-25,БЫТ-005,Бытовая химия,0,13,160.45
2025-11-26,БЫТ-005,Бытовая химия,0,13,160.45
2025-11-27,БЫТ-005,Бытовая химия,0,13,160.45
2025-11-28,БЫТ-005,Бытовая химия,1,12,160.45
2025-11-29,БЫТ-005,Бытовая химия,2,10,160.45
2025-11-30,БЫТ-005,Бытовая химия,1,9,160.45
2025-12-01,БЫТ-005,Бытовая химия,4,9,160.45
2025-12-02,БЫТ-005,Бытовая химия,0,9,160.45
2025-12-03,БЫТ-005,Бытовая химия,0,9,160.45
2025-12-04,БЫТ-005,Бытовая химия,0,9,160.45
2025-12-05,БЫТ-005,Бытовая химия,0,9,160.45
2025-12-06,БЫТ-005,Бытовая химия,1,8,160.45
2025-12-07,БЫТ-005,Бытовая химия,0,8,160.45
2025-12-08,БЫТ-005,Бытовая химия,0,13,160.45
2025-12-09,БЫТ-005,Бытовая химия,0,13,160.45
2025-12-10,БЫТ-005,Бытовая химия,0,13,160.45
2025-12-11,БЫТ-005,Бытовая химия,1,12,160.45
2025-12-12,БЫТ-005,Бытовая химия,0,12,160.45
2025-12-13,БЫТ-005,Бытовая химия,0,12,160.45
2025-12-14,БЫТ-005,Бытовая химия,0,12,160.45
2025-12-15,БЫТ-005,Бытовая химия,0,13,160.45
2025-12-16,БЫТ-005,Бытовая химия,0,13,160.45
2025-12-17,БЫТ-005,Бытовая химия,0,13,160.45
2025-12-18,БЫТ-005,Бытовая химия,0,13,160.45
2025-12-19,БЫТ-005,Бытовая химия,0,13,160.45
2025-12-20,БЫТ-005,Бытовая химия,0,13,160.45
2025-12-21,БЫТ-005,Бытовая химия,2,11,160.45
2025-12-22,БЫТ-005,Бытовая химия,0,13,160.45
2025-12-23,БЫТ-005,Бытовая химия,0,13,160.45
2025-12-24,БЫТ-005,Бытовая химия,0,13,160.45
2025-12-25,БЫТ-005,Бытовая химия,0,13,160.45
2025-12-26,БЫТ-005,Бытовая химия,5,8,160.45
2025-12-27,БЫТ-005,Бытовая химия,0,8,160.45
2025-12-28,БЫТ-005,Бытовая химия,0,8,160.45
2025-12-29,БЫТ-005,Бытовая химия,0,13,160.45
2025-12-30,БЫТ-005,Бытовая химия,1,12,160.45
2025-12-31,БЫТ-005,Бытовая химия,0,12,160.45
2026-01-01,БЫТ-005,Бытовая химия,1,11,160.45
2026-01-02,БЫТ-005,Бытовая химия,0,11,160.45
2026-01-03,БЫТ-005,Бытовая химия,0,11,160.45
2026-01-04,БЫТ-005,Бытовая химия,0,11,160.45
2026-01-05,БЫТ-005,Бытовая химия,0,13,160.45
2026-01-06,БЫТ-005,Бытовая химия,1,12,160.45
2026-01-07,БЫТ-005,Бытовая химия,1,11,160.45
2026-01-08,БЫТ-005,Бытовая химия,0,11,160.45
2026-01-09,БЫТ-005,Бытовая химия,1,10,160.45
2026-01-10,БЫТ-005,Бытовая химия,1,9,160.45
2026-01-11,БЫТ-005,Бытовая химия,1,8,160.45
2026-01-12,БЫТ-005,Бытовая химия,0,13,160.45
2026-01-13,БЫТ-005,Бытовая химия,0,13,160.45
2026-01-14,БЫТ-005,Бытовая химия,0,13,160.45
2026-01-15,БЫТ-005,Бытовая химия,0,13,160.45
2026-01-16,БЫТ-005,Бытовая химия,0,13,160.45
2026-01-17,БЫТ-005,Бытовая химия,0,13,160.45
2026-01-18,БЫТ-005,Бытовая химия,2,11,160.45
2026-01-19,БЫТ-005,Бытовая химия,0,13,160.45
2026-01-20,БЫТ-005,Бытовая химия,0,13,160.45
2026-01-21,БЫТ-005,Бытовая химия,0,13,160.45
2026-01-22,БЫТ-005,Бытовая химия,0,13,160.45
2026-01-23,БЫТ-005,Бытовая химия,0,13,160.45
2026-01-24,БЫТ-005,Бытовая химия,2,11,160.45
2026-01-25,БЫТ-005,Бытовая химия,0,11,160.45
2026-01-26,БЫТ-005,Бытовая химия,2,11,160.45
2026-01-27,БЫТ-005,Бытовая химия,0,11,160.45
2026-01-28,БЫТ-005,Бытовая химия,1,10,160.45
2026-01-29,БЫТ-005,Бытовая химия,0,10,160.45
2026-01-30,БЫТ-005,Бытовая химия,0,10,160.45
2026-01-31,БЫТ-005,Бытовая химия,2,8,160.45
2026-02-01,БЫТ-005,Бытовая химия,0,8,160.45
2026-02-02,БЫТ-005,Бытовая химия,0,13,160.45
2026-02-03,БЫТ-005,Бытовая химия,0,13,160.45
2026-02-04,БЫТ-005,Бытовая химия,0,13,160.45
2026-02-05,БЫТ-005,Бытовая химия,0,13,160.45
2026-02-06,БЫТ-005,Бытовая химия,0,13,160.45
2026-02-07,БЫТ-005,Бытовая химия,3,10,160.45
2026-02-08,БЫТ-005,Бытовая химия,0,10,160.45
2026-02-09,БЫТ-005,Бытовая химия,0,13,160.45
2026-02-10,БЫТ-005,Бытовая химия,0,13,160.45
2026-02-11,БЫТ-005,Бытовая химия,0,13,160.45
2026-02-12,БЫТ-005,Бытовая химия,3,10,160.45
2026-02-13,БЫТ-005,Бытовая химия,0,10,160.45
2026-02-14,БЫТ-005,Бытовая химия,2,8,160.45
2026-02-15,БЫТ-005,Бытовая химия,1,7,160.45
2026-02-16,БЫТ-005,Бытовая химия,1,12,160.45
2026-02-17,БЫТ-005,Бытовая химия,2,10,160.45
2026-02-18,БЫТ-005,Бытовая химия,0,10,160.45
2026-02-19,БЫТ-005,Бытовая химия,0,10,160.45
2026-02-20,БЫТ-005,Бытовая химия,1,9,160.45
2026-02-21,БЫТ-005,Бытовая химия,2,7,160.45
2026-02-22,БЫТ-005,Бытовая химия,1,6,160.45
2026-02-23,БЫТ-005,Бытовая химия,0,13,160.45
2026-02-24,БЫТ-005,Бытовая химия,0,13,160.45
2026-02-25,БЫТ-005,Бытовая химия,0,13,160.45
2026-02-26,БЫТ-005,Бытовая химия,0,13,160.45
2026-02-27,БЫТ-005,Бытовая химия,0,13,160.45
2026-02-28,БЫТ-005,Бытовая химия,0,13,160.45
2026-03-01,БЫТ-005,Бытовая химия,0,13,160.45
2026-03-02,БЫТ-005,Бытовая химия,0,13,160.45
2026-03-03,БЫТ-005,Бытовая химия,1,12,160.45
2026-03-04,БЫТ-005,Бытовая химия,0,12,160.45
2026-03-05,БЫТ-005,Бытовая химия,0,12,160.45
2026-03-06,БЫТ-005,Бытовая химия,5,7,160.45
2026-03-07,БЫТ-005,Бытовая химия,4,3,160.45
2026-03-08,БЫТ-005,Бытовая химия,0,3,160.45
2026-03-09,БЫТ-005,Бытовая химия,3,10,160.45
2026-03-10,БЫТ-005,Бытовая химия,5,5,160.45
2026-03-11,БЫТ-005,Бытовая химия,0,5,160.45
2026-03-12,БЫТ-005,Бытовая химия,0,5,160.45
2026-03-13,БЫТ-005,Бытовая химия,0,5,160.45
2026-03-14,БЫТ-005,Бытовая химия,3,2,160.45
2026-03-15,БЫТ-005,Бытовая химия,0,2,160.45
2026-03-16,БЫТ-005,Бытовая химия,0,13,160.45
2026-03-17,БЫТ-005,Бытовая химия,0,13,160.45
2026-03-18,БЫТ-005,Бытовая химия,2,11,160.45
2026-03-19,БЫТ-005,Бытовая химия,0,11,160.45
2026-03-20,БЫТ-005,Бытовая химия,0,11,160.45
2026-03-21,БЫТ-005,Бытовая химия,0,11,160.45
2026-03-22,БЫТ-005,Бытовая химия,0,11,160.45
2026-03-23,БЫТ-005,Бытовая химия,2,11,160.45
2026-03-24,БЫТ-005,Бытовая химия,0,11,160.45
2026-03-25,БЫТ-005,Бытовая химия,3,8,160.45
2026-03-26,БЫТ-005,Бытовая химия,0,8,160.45
2026-03-27,БЫТ-005,Бытовая химия,0,8,160.45
2026-03-28,БЫТ-005,Бытовая химия,0,8,160.45
2026-03-29,БЫТ-005,Бытовая химия,0,8,160.45
2026-03-30,БЫТ-005,Бытовая химия,0,13,160.45
2026-03-31,БЫТ-005,Бытовая химия,0,13,160.45
2026-04-01,БЫТ-005,Бытовая химия,2,11,160.45
2026-04-02,БЫТ-005,Бытовая химия,0,11,160.45
2026-04-03,БЫТ-005,Бытовая химия,0,11,160.45
2026-04-04,БЫТ-005,Бытовая химия,2,9,160.45
2026-04-05,БЫТ-005,Бытовая химия,0,9,160.45
2026-04-06,БЫТ-005,Бытовая химия,0,13,160.45
2026-04-07,БЫТ-005,Бытовая химия,1,12,160.45
2026-04-08,БЫТ-005,Бытовая химия,2,10,160.45
2026-04-09,БЫТ-005,Бытовая химия,0,10,160.45
2026-04-10,БЫТ-005,Бытовая химия,0,10,160.45
2026-04-11,БЫТ-005,Бытовая химия,0,10,160.45
2026-04-12,БЫТ-005,Бытовая химия,1,9,160.45
2026-04-13,БЫТ-005,Бытовая химия,0,13,160.45
2026-04-14,БЫТ-005,Бытовая химия,0,13,160.45
2026-04-15,БЫТ-005,Бытовая химия,0,13,160.45
2026-04-16,БЫТ-005,Бытовая химия,0,13,160.45
2026-04-17,БЫТ-005,Бытовая химия,1,12,160.45
2026-04-18,БЫТ-005,Бытовая химия,0,12,160.45
2026-04-19,БЫТ-005,Бытовая химия,1,11,160.45
2026-04-20,БЫТ-005,Бытовая химия,0,13,160.45
2026-04-21,БЫТ-005,Бытовая химия,0,13,160.45
2026-04-22,БЫТ-005,Бытовая химия,1,12,160.45
2026-04-23,БЫТ-005,Бытовая химия,4,8,160.45
2026-04-24,БЫТ-005,Бытовая химия,2,6,160.45
2026-04-25,БЫТ-005,Бытовая химия,1,5,160.45
2026-04-26,БЫТ-005,Бытовая химия,4,1,160.45
2026-04-27,БЫТ-005,Бытовая химия,0,13,160.45
2026-04-28,БЫТ-005,Бытовая химия,0,13,160.45
2026-04-29,БЫТ-005,Бытовая химия,0,13,160.45
2026-04-30,БЫТ-005,Бытовая химия,0,13,160.45
2026-05-01,БЫТ-005,Бытовая химия,3,10,160.45
2026-05-02,БЫТ-005,Бытовая химия,4,6,160.45
2026-05-03,БЫТ-005,Бытовая химия,1,5,160.45
2026-05-04,БЫТ-005,Бытовая химия,0,13,160.45
2026-05-05,БЫТ-005,Бытовая химия,0,13,160.45
2026-05-06,БЫТ-005,Бытовая химия,0,13,160.45
2026-05-07,БЫТ-005,Бытовая химия,1,12,160.45
2026-05-08,БЫТ-005,Бытовая химия,0,12,160.45
2026-05-09,БЫТ-005,Бытовая химия,0,12,160.45
2026-05-10,БЫТ-005,Бытовая химия,0,12,160.45
2026-05-11,БЫТ-005,Бытовая химия,0,13,160.45
2026-05-12,БЫТ-005,Бытовая химия,3,10,160.45
2026-05-13,БЫТ-005,Бытовая химия,1,9,160.45
2026-05-14,БЫТ-005,Бытовая химия,0,9,160.45
2026-05-15,БЫТ-005,Бытовая химия,1,8,160.45
2026-05-16,БЫТ-005,Бытовая химия,2,6,160.45
2026-05-17,БЫТ-005,Бытовая химия,1,5,160.45
2026-05-18,БЫТ-005,Бытовая химия,0,13,160.45
2026-05-19,БЫТ-005,Бытовая химия,2,11,160.45
2026-05-20,БЫТ-005,Бытовая химия,0,11,160.45
2026-05-21,БЫТ-005,Бытовая химия,0,11,160.45
2026-05-22,БЫТ-005,Бытовая химия,2,9,160.45
2026-05-23,БЫТ-005,Бытовая химия,0,9,160.45
2026-05-24,БЫТ-005,Бытовая химия,0,9,160.45
2026-05-25,БЫТ-005,Бытовая химия,0,13,160.45
2026-05-26,БЫТ-005,Бытовая химия,0,13,160.45
2026-05-27,БЫТ-005,Бытовая химия,0,13,160.45
2026-05-28,БЫТ-005,Бытовая химия,0,13,160.45
2026-05-29,БЫТ-005,Бытовая химия,4,9,160.45
2026-05-30,БЫТ-005,Бытовая химия,0,9,160.45
2026-05-31,БЫТ-005,Бытовая химия,0,9,160.45
2026-06-01,БЫТ-005,Бытовая химия,0,13,160.45
2026-06-02,БЫТ-005,Бытовая химия,3,10,160.45
2026-06-03,БЫТ-005,Бытовая химия,0,10,160.45
2026-06-04,БЫТ-005,Бытовая химия,0,10,160.45
2026-06-05,БЫТ-005,Бытовая химия,0,10,160.45
2026-06-06,БЫТ-005,Бытовая химия,5,5,160.45
2026-06-07,БЫТ-005,Бытовая химия,0,5,160.45
2026-06-08,БЫТ-005,Бытовая химия,0,13,160.45
2026-06-09,БЫТ-005,Бытовая химия,3,10,160.45
2026-06-10,БЫТ-005,Бытовая химия,0,10,160.45
2026-06-11,БЫТ-005,Бытовая химия,1,9,160.45
2026-06-12,БЫТ-005,Бытовая химия,3,6,160.45
2026-06-13,БЫТ-005,Бытовая химия,0,6,160.45
2026-06-14,БЫТ-005,Бытовая химия,0,6,160.45
2026-06-15,БЫТ-005,Бытовая химия,0,13,160.45
2026-06-16,БЫТ-005,Бытовая химия,0,13,160.45
2026-06-17,БЫТ-005,Бытовая химия,0,13,160.45
2026-06-18,БЫТ-005,Бытовая химия,0,13,160.45
2026-06-19,БЫТ-005,Бытовая химия,1,12,160.45
2026-06-20,БЫТ-005,Бытовая химия,0,12,160.45
2026-06-21,БЫТ-005,Бытовая химия,1,11,160.45
2026-06-22,БЫТ-005,Бытовая химия,0,13,160.45
2026-06-23,БЫТ-005,Бытовая химия,0,13,160.45
2026-06-24,БЫТ-005,Бытовая химия,0,13,160.45
2026-06-25,БЫТ-005,Бытовая химия,0,13,160.45
2026-06-26,БЫТ-005,Бытовая химия,0,13,160.45
2026-06-27,БЫТ-005,Бытовая химия,0,13,160.45
2026-06-28,БЫТ-005,Бытовая химия,0,13,160.45
2026-06-29,БЫТ-005,Бытовая химия,0,13,160.45
2026-06-30,БЫТ-005,Бытовая химия,2,11,160.45
2026-07-01,БЫТ-005,Бытовая химия,0,11,160.45
2026-07-02,БЫТ-005,Бытовая химия,0,11,160.45
2026-07-03,БЫТ-005,Бытовая химия,1,10,160.45
2026-07-04,БЫТ-005,Бытовая химия,0,10,160.45
2026-07-05,БЫТ-005,Бытовая химия,0,10,160.45
2026-07-06,БЫТ-005,Бытовая химия,0,13,160.45
2026-07-07,БЫТ-005,Бытовая химия,1,12,160.45
2026-07-08,БЫТ-005,Бытовая химия,0,12,160.45
2026-07-09,БЫТ-005,Бытовая химия,0,12,160.45
2026-07-10,БЫТ-005,Бытовая химия,0,12,160.45
2026-07-11,БЫТ-005,Бытовая химия,0,12,160.45
2026-07-12,БЫТ-005,Бытовая химия,0,12,160.45
2026-07-13,БЫТ-005,Бытовая химия,0,13,160.45
2026-07-14,БЫТ-005,Бытовая химия,2,11,160.45
2026-07-15,БЫТ-005,Бытовая химия,0,11,160.45
2026-07-16,БЫТ-005,Бытовая химия,0,11,160.45
2026-07-17,БЫТ-005,Бытовая химия,4,7,160.45
2026-07-18,БЫТ-005,Бытовая химия,0,7,160.45
2026-07-19,БЫТ-005,Бытовая химия,0,7,160.45
2026-07-20,БЫТ-005,Бытовая химия,0,13,160.45
2026-07-21,БЫТ-005,Бытовая химия,0,13,160.45
2026-07-22,БЫТ-005,Бытовая химия,0,13,160.45
2026-07-23,БЫТ-005,Бытовая химия,0,13,160.45
2026-07-24,БЫТ-005,Бытовая химия,0,13,160.45
2026-07-25,БЫТ-005,Бытовая химия,2,11,160.45
2026-07-26,БЫТ-005,Бытовая химия,0,11,160.45
2026-07-27,БЫТ-005,Бытовая химия,2,11,160.45
2026-07-28,БЫТ-005,Бытовая химия,0,11,160.45
2026-07-29,БЫТ-005,Бытовая химия,0,11,160.45
2026-07-30,БЫТ-005,Бытовая химия,0,11,160.45
2026-07-31,БЫТ-005,Бытовая химия,0,11,160.45
2026-08-01,БЫТ-005,Бытовая химия,2,9,160.45
2026-08-02,БЫТ-005,Бытовая химия,0,9,160.45
2026-08-03,БЫТ-005,Бытовая химия,0,13,160.45
2026-08-04,БЫТ-005,Бытовая химия,0,13,160.45
2026-08-05,БЫТ-005,Бытовая химия,0,13,160.45
2026-08-06,БЫТ-005,Бытовая химия,0,13,160.45
2026-08-07,БЫТ-005,Бытовая химия,4,9,160.45
2026-08-08,БЫТ-005,Бытовая химия,0,9,160.45
2026-08-09,БЫТ-005,Бытовая химия,0,9,160.45
2026-08-10,БЫТ-005,Бытовая химия,0,13,160.45
2026-08-11,БЫТ-005,Бытовая химия,0,13,160.45
2026-08-12,БЫТ-005,Бытовая химия,0,13,160.45
2026-08-13,БЫТ-005,Бытовая химия,0,13,160.45
2026-08-14,БЫТ-005,Бытовая химия,3,10,160.45
2026-08-15,БЫТ-005,Бытовая химия,0,10,160.45
2026-08-16,БЫТ-005,Бытовая химия,0,10,160.45
2026-08-17,БЫТ-005,Бытовая химия,0,13,160.45
2026-08-18,БЫТ-005,Бытовая химия,0,13,160.45
2026-08-19,БЫТ-005,Бытовая химия,2,11,160.45
2026-08-20,БЫТ-005,Бытовая химия,0,11,160.45
2026-08-21,БЫТ-005,Бытовая химия,0,11,160.45
2026-08-22,БЫТ-005,Бытовая химия,0,11,160.45
2026-08-23,БЫТ-005,Бытовая химия,0,11,160.45
2026-08-24,БЫТ-005,Бытовая химия,3,10,160.45
2026-08-25,БЫТ-005,Бытовая химия,0,10,160.45
2026-08-26,БЫТ-005,Бытовая химия,0,10,160.45
2026-08-27,БЫТ-005,Бытовая химия,0,10,160.45
2026-08-28,БЫТ-005,Бытовая химия,0,10,160.45
2026-08-29,БЫТ-005,Бытовая химия,1,9,160.45
2026-08-30,БЫТ-005,Бытовая химия,0,9,160.45
2026-08-31,БЫТ-005,Бытовая химия,2,11,160.45
2026-09-01,БЫТ-005,Бытовая химия,2,9,160.45
2026-09-02,БЫТ-005,Бытовая химия,0,9,160.45
2026-09-03,БЫТ-005,Бытовая химия,3,6,160.45
2026-09-04,БЫТ-005,Бытовая химия,0,6,160.45
2026-09-05,БЫТ-005,Бытовая химия,0,6,160.45
2026-09-06,БЫТ-005,Бытовая химия,0,6,160.45
2026-09-07,БЫТ-005,Бытовая химия,2,11,160.45
2026-09-08,БЫТ-005,Бытовая химия,0,11,160.45
2026-09-09,БЫТ-005,Бытовая химия,4,7,160.45
2026-09-10,БЫТ-005,Бытовая химия,4,3,160.45
2026-09-11,БЫТ-005,Бытовая химия,0,3,160.45
2026-09-12,БЫТ-005,Бытовая химия,0,3,160.45
2026-09-13,БЫТ-005,Бытовая химия,0,3,160.45
2026-09-14,БЫТ-005,Бытовая химия,0,13,160.45
2026-09-15,БЫТ-005,Бытовая химия,0,13,160.45
2026-09-16,БЫТ-005,Бытовая химия,0,13,160.45
2026-09-17,БЫТ-005,Бытовая химия,0,13,160.45
2026-09-18,БЫТ-005,Бытовая химия,1,12,160.45
2026-09-19,БЫТ-005,Бытовая химия,0,12,160.45
2026-09-20,БЫТ-005,Бытовая химия,0,12,160.45
2026-09-21,БЫТ-005,Бытовая химия,0,13,160.45
2026-09-22,БЫТ-005,Бытовая химия,1,12,160.45
2026-09-23,БЫТ-005,Бытовая химия,0,12,160.45
2026-09-24,БЫТ-005,Бытовая химия,0,12,160.45
2026-09-25,БЫТ-005,Бытовая химия,0,12,160.45
2026-09-26,БЫТ-005,Бытовая химия,0,12,160.45
2026-09-27,БЫТ-005,Бытовая химия,0,12,160.45
2026-09-28,БЫТ-005,Бытовая химия,2,11,160.45
2026-09-29,БЫТ-005,Бытовая химия,1,10,160.45
2026-09-30,БЫТ-005,Бытовая химия,0,10,160.45
2025-06-01,БЫТ-006,Бытовая химия,0,8,108.53
2025-06-02,БЫТ-006,Бытовая химия,0,8,108.53
2025-06-03,БЫТ-006,Бытовая химия,1,7,108.53
2025-06-04,БЫТ-006,Бытовая химия,1,6,108.53
2025-06-05,БЫТ-006,Бытовая химия,2,4,108.53
2025-06-06,БЫТ-006,Бытовая химия,0,4,108.53
2025-06-07,БЫТ-006,Бытовая химия,0,4,108.53
2025-06-08,БЫТ-006,Бытовая химия,0,4,108.53
2025-06-09,БЫТ-006,Бытовая химия,3,4,108.53
2025-06-10,БЫТ-006,Бытовая химия,0,4,108.53
2025-06-11,БЫТ-006,Бытовая химия,1,3,108.53
2025-06-12,БЫТ-006,Бытовая химия,0,3,108.53
2025-06-13,БЫТ-006,Бытовая химия,0,3,108.53
2025-06-14,БЫТ-006,Бытовая химия,0,3,108.53
2025-06-15,БЫТ-006,Бытовая химия,3,0,108.53
2025-06-16,БЫТ-006,Бытовая химия,0,7,108.53
2025-06-17,БЫТ-006,Бытовая химия,0,7,108.53
2025-06-18,БЫТ-006,Бытовая химия,0,7,108.53
2025-06-19,БЫТ-006,Бытовая химия,0,7,108.53
2025-06-20,БЫТ-006,Бытовая химия,0,7,108.53
2025-06-21,БЫТ-006,Бытовая химия,0,7,108.53
2025-06-22,БЫТ-006,Бытовая химия,0,7,108.53
2025-06-23,БЫТ-006,Бытовая химия,0,7,108.53
2025-06-24,БЫТ-006,Бытовая химия,0,7,108.53
2025-06-25,БЫТ-006,Бытовая химия,0,7,108.53
2025-06-26,БЫТ-006,Бытовая химия,0,7,108.53
2025-06-27,БЫТ-006,Бытовая химия,0,7,108.53
2025-06-28,БЫТ-006,Бытовая химия,0,7,108.53
2025-06-29,БЫТ-006,Бытовая химия,2,5,108.53
2025-06-30,БЫТ-006,Бытовая химия,0,7,108.53
2025-07-01,БЫТ-006,Бытовая химия,0,7,108.53
2025-07-02,БЫТ-006,Бытовая химия,0,7,108.53
2025-07-03,БЫТ-006,Бытовая химия,7,0,108.53
2025-07-04,БЫТ-006,Бытовая химия,0,0,108.53
2025-07-05,БЫТ-006,Бытовая химия,0,0,108.53
2025-07-06,БЫТ-006,Бытовая химия,0,0,108.53
2025-07-07,БЫТ-006,Бытовая химия,0,7,108.53
2025-07-08,БЫТ-006,Бытовая химия,0,7,108.53
2025-07-09,БЫТ-006,Бытовая химия,0,7,108.53
2025-07-10,БЫТ-006,Бытовая химия,4,3,108.53
2025-07-11,БЫТ-006,Бытовая химия,0,3,108.53
2025-07-12,БЫТ-006,Бытовая химия,0,3,108.53
2025-07-13,БЫТ-006,Бытовая химия,0,3,108.53
2025-07-14,БЫТ-006,Бытовая химия,0,7,108.53
2025-07-15,БЫТ-006,Бытовая химия,0,7,108.53
2025-07-16,БЫТ-006,Бытовая химия,0,7,108.53
2025-07-17,БЫТ-006,Бытовая химия,0,7,108.53
2025-07-18,БЫТ-006,Бытовая химия,2,5,108.53
2025-07-19,БЫТ-006,Бытовая химия,0,5,108.53
2025-07-20,БЫТ-006,Бытовая химия,0,5,108.53
2025-07-21,БЫТ-006,Бытовая химия,2,5,108.53
2025-07-22,БЫТ-006,Бытовая химия,0,5,108.53
2025-07-23,БЫТ-006,Бытовая химия,1,4,108.53
2025-07-24,БЫТ-006,Бытовая химия,0,4,108.53
2025-07-25,БЫТ-006,Бытовая химия,0,4,108.53
2025-07-26,БЫТ-006,Бытовая химия,4,0,108.53
2025-07-27,БЫТ-006,Бытовая химия,0,0,108.53
2025-07-28,БЫТ-006,Бытовая химия,0,7,108.53
2025-07-29,БЫТ-006,Бытовая химия,0,7,108.53
2025-07-30,БЫТ-006,Бытовая химия,0,7,108.53
2025-07-31,БЫТ-006,Бытовая химия,0,7,108.53
2025-08-01,БЫТ-006,Бытовая химия,0,7,108.53
2025-08-02,БЫТ-006,Бытовая химия,0,7,108.53
2025-08-03,БЫТ-006,Бытовая химия,0,7,108.53
2025-08-04,БЫТ-006,Бытовая химия,0,7,108.53
2025-08-05,БЫТ-006,Бытовая химия,0,7,108.53
2025-08-06,БЫТ-006,Бытовая химия,0,7,108.53
2025-08-07,БЫТ-006,Бытовая химия,0,7,108.53
2025-08-08,БЫТ-006,Бытовая химия,0,7,108.53
2025-08-09,БЫТ-006,Бытовая химия,0,7,108.53
2025-08-10,БЫТ-006,Бытовая химия,0,7,108.53
2025-08-11,БЫТ-006,Бытовая химия,0,7,108.53
2025-08-12,БЫТ-006,Бытовая химия,0,7,108.53
2025-08-13,БЫТ-006,Бытовая химия,0,7,108.53
2025-08-14,БЫТ-006,Бытовая химия,0,7,108.53
2025-08-15,БЫТ-006,Бытовая химия,0,7,108.53
2025-08-16,БЫТ-006,Бытовая химия,3,4,108.53
2025-08-17,БЫТ-006,Бытовая химия,0,4,108.53
2025-08-18,БЫТ-006,Бытовая химия,0,7,108.53
2025-08-19,БЫТ-006,Бытовая химия,0,7,108.53
2025-08-20,БЫТ-006,Бытовая химия,0,7,108.53
2025-08-21,БЫТ-006,Бытовая химия,0,7,108.53
2025-08-22,БЫТ-006,Бытовая химия,3,4,108.53
2025-08-23,БЫТ-006,Бытовая химия,0,4,108.53
2025-08-24,БЫТ-006,Бытовая химия,0,4,108.53
2025-08-25,БЫТ-006,Бытовая химия,0,7,108.53
2025-08-26,БЫТ-006,Бытовая химия,0,7,108.53
2025-08-27,БЫТ-006,Бытовая химия,0,7,108.53
2025-08-28,БЫТ-006,Бытовая химия,0,7,108.53
2025-08-29,БЫТ-006,Бытовая химия,0,7,108.53
2025-08-30,БЫТ-006,Бытовая химия,3,4,108.53
2025-08-31,БЫТ-006,Бытовая химия,3,1,108.53
2025-09-01,БЫТ-006,Бытовая химия,0,7,108.53
2025-09-02,БЫТ-006,Бытовая химия,0,7,108.53
2025-09-03,БЫТ-006,Бытовая химия,1,6,108.53
2025-09-04,БЫТ-006,Бытовая химия,0,6,108.53
2025-09-05,БЫТ-006,Бытовая химия,0,6,108.53
2025-09-06,БЫТ-006,Бытовая химия,0,6,108.53
2025-09-07,БЫТ-006,Бытовая химия,0,6,108.53
2025-09-08,БЫТ-006,Бытовая химия,0,7,108.53
2025-09-09,БЫТ-006,Бытовая химия,0,7,108.53
2025-09-10,БЫТ-006,Бытовая химия,0,7,108.53
2025-09-11,БЫТ-006,Бытовая химия,0,7,108.53
2025-09-12,БЫТ-006,Бытовая химия,0,7,108.53
2025-09-13,БЫТ-006,Бытовая химия,0,7,108.53
2025-09-14,БЫТ-006,Бытовая химия,0,7,108.53
2025-09-15,БЫТ-006,Бытовая химия,0,7,108.53
2025-09-16,БЫТ-006,Бытовая химия,0,7,108.53
2025-09-17,БЫТ-006,Бытовая химия,0,7,108.53
2025-09-18,БЫТ-006,Бытовая химия,0,7,108.53
2025-09-19,БЫТ-006,Бытовая химия,0,7,108.53
2025-09-20,БЫТ-006,Бытовая химия,0,7,108.53
2025-09-21,БЫТ-006,Бытовая химия,2,5,108.53
2025-09-22,БЫТ-006,Бытовая химия,0,7,108.53
2025-09-23,БЫТ-006,Бытовая химия,0,7,108.53
2025-09-24,БЫТ-006,Бытовая химия,0,7,108.53
2025-09-25,БЫТ-006,Бытовая химия,1,6,108.53
2025-09-26,БЫТ-006,Бытовая химия,0,6,108.53
2025-09-27,БЫТ-006,Бытовая химия,0,6,108.53
2025-09-28,БЫТ-006,Бытовая химия,2,4,108.53
2025-09-29,БЫТ-006,Бытовая химия,7,0,108.53
2025-09-30,БЫТ-006,Бытовая химия,0,0,108.53
2025-10-01,БЫТ-006,Бытовая химия,0,0,108.53
2025-10-02,БЫТ-006,Бытовая химия,0,0,108.53
2025-10-03,БЫТ-006,Бытовая химия,0,0,108.53
2025-10-04,БЫТ-006,Бытовая химия,0,0,108.53
2025-10-05,БЫТ-006,Бытовая химия,0,0,108.53
2025-10-06,БЫТ-006,Бытовая химия,0,7,108.53
2025-10-07,БЫТ-006,Бытовая химия,0,7,108.53
2025-10-08,БЫТ-006,Бытовая химия,0,7,108.53
2025-10-09,БЫТ-006,Бытовая химия,0,7,108.53
2025-10-10,БЫТ-006,Бытовая химия,4,3,108.53
2025-10-11,БЫТ-006,Бытовая химия,0,3,108.53
2025-10-12,БЫТ-006,Бытовая химия,0,3,108.53
2025-10-13,БЫТ-006,Бытовая химия,0,7,108.53
2025-10-14,БЫТ-006,Бытовая химия,0,7,108.53
2025-10-15,БЫТ-006,Бытовая химия,2,5,108.53
2025-10-16,БЫТ-006,Бытовая химия,0,5,108.53
2025-10-17,БЫТ-006,Бытовая химия,0,5,108.53
2025-10-18,БЫТ-006,Бытовая химия,0,5,108.53
2025-10-19,БЫТ-006,Бытовая химия,0,5,108.53
2025-10-20,БЫТ-006,Бытовая химия,0,7,108.53
2025-10-21,БЫТ-006,Бытовая химия,0,7,108.53
2025-10-22,БЫТ-006,Бытовая химия,0,7,108.53
2025-10-23,БЫТ-006,Бытовая химия,0,7,108.53
2025-10-24,БЫТ-006,Бытовая химия,5,2,108.53
2025-10-25,БЫТ-006,Бытовая химия,0,2,108.53
2025-10-26,БЫТ-006,Бытовая химия,0,2,108.53
2025-10-27,БЫТ-006,Бытовая химия,0,7,108.53
2025-10-28,БЫТ-006,Бытовая химия,3,4,108.53
2025-10-29,БЫТ-006,Бытовая химия,0,4,108.53
2025-10-30,БЫТ-006,Бытовая химия,0,4,108.53
2025-10-31,БЫТ-006,Бытовая химия,0,4,108.53
2025-11-01,БЫТ-006,Бытовая химия,0,4,108.53
2025-11-02,БЫТ-006,Бытовая химия,0,4,108.53
2025-11-03,БЫТ-006,Бытовая химия,0,7,108.53
2025-11-04,БЫТ-006,Бытовая химия,0,7,108.53
2025-11-05,БЫТ-006,Бытовая химия,0,7,108.53
2025-11-06,БЫТ-006,Бытовая химия,0,7,108.53
2025-11-07,БЫТ-006,Бытовая химия,0,7,108.53
2025-11-08,БЫТ-006,Бытовая химия,0,7,108.53
2025-11-09,БЫТ-006,Бытовая химия,0,7,108.53
2025-11-10,БЫТ-006,Бытовая химия,0,7,108.53
2025-11-11,БЫТ-006,Бытовая химия,0,7,108.53
2025-11-12,БЫТ-006,Бытовая химия,0,7,108.53
2025-11-13,БЫТ-006,Бытовая химия,0,7,108.53
2025-11-14,БЫТ-006,Бытовая химия,0,7,108.53
2025-11-15,БЫТ-006,Бытовая химия,3,4,108.53
2025-11-16,БЫТ-006,Бытовая химия,0,4,108.53
2025-11-17,БЫТ-006,Бытовая химия,3,4,108.53
2025-11-18,БЫТ-006,Бытовая химия,0,4,108.53
2025-11-19,БЫТ-006,Бытовая химия,0,4,108.53
2025-11-20,БЫТ-006,Бытовая химия,0,4,108.53
2025-11-21,БЫТ-006,Бытовая химия,0,4,108.53
2025-11-22,БЫТ-006,Бытовая химия,0,4,108.53
2025-11-23,БЫТ-006,Бытовая химия,0,4,108.53
2025-11-24,БЫТ-006,Бытовая химия,0,7,108.53
2025-11-25,БЫТ-006,Бытовая химия,0,7,108.53
2025-11-26,БЫТ-006,Бытовая химия,0,7,108.53
2025-11-27,БЫТ-006,Бытовая химия,0,7,108.53
2025-11-28,БЫТ-006,Бытовая химия,0,7,108.53
2025-11-29,БЫТ-006,Бытовая химия,0,7,108.53
2025-11-30,БЫТ-006,Бытовая химия,0,7,108.53
2025-12-01,БЫТ-006,Бытовая химия,0,7,108.53
2025-12-02,БЫТ-006,Бытовая химия,0,7,108.53
2025-12-03,БЫТ-006,Бытовая химия,0,7,108.53
2025-12-04,БЫТ-006,Бытовая химия,0,7,108.53
2025-12-05,БЫТ-006,Бытовая химия,4,3,108.53
2025-12-06,БЫТ-006,Бытовая химия,0,3,108.53
2025-12-07,БЫТ-006,Бытовая химия,0,3,108.53
2025-12-08,БЫТ-006,Бытовая химия,0,7,108.53
2025-12-09,БЫТ-006,Бытовая химия,0,7,108.53
2025-12-10,БЫТ-006,Бытовая химия,0,7,108.53
2025-12-11,БЫТ-006,Бытовая химия,0,7,108.53
2025-12-12,БЫТ-006,Бытовая химия,0,7,108.53
2025-12-13,БЫТ-006,Бытовая химия,0,7,108.53
2025-12-14,БЫТ-006,Бытовая химия,0,7,108.53
2025-12-15,БЫТ-006,Бытовая химия,0,7,108.53
2025-12-16,БЫТ-006,Бытовая химия,0,7,108.53
2025-12-17,БЫТ-006,Бытовая химия,0,7,108.53
2025-12-18,БЫТ-006,Бытовая химия,0,7,108.53
2025-12-19,БЫТ-006,Бытовая химия,0,7,108.53
2025-12-20,БЫТ-006,Бытовая химия,0,7,108.53
2025-12-21,БЫТ-006,Бытовая химия,0,7,108.53
2025-12-22,БЫТ-006,Бытовая химия,0,7,108.53
2025-12-23,БЫТ-006,Бытовая химия,0,7,108.53
2025-12-24,БЫТ-006,Бытовая химия,0,7,108.53
2025-12-25,БЫТ-006,Бытовая химия,0,7,108.53
2025-12-26,БЫТ-006,Бытовая химия,0,7,108.53
2025-12-27,БЫТ-006,Бытовая химия,0,7,108.53
2025-12-28,БЫТ-006,Бытовая химия,0,7,108.53
2025-12-29,БЫТ-006,Бытовая химия,4,3,108.53
2025-12-30,БЫТ-006,Бытовая химия,0,3,108.53
2025-12-31,БЫТ-006,Бытовая химия,0,3,108.53
2026-01-01,БЫТ-006,Бытовая химия,0,3,108.53
2026-01-02,БЫТ-006,Бытовая химия,0,3,108.53
2026-01-03,БЫТ-006,Бытовая химия,0,3,108.53
2026-01-04,БЫТ-006,Бытовая химия,0,3,108.53
2026-01-05,БЫТ-006,Бытовая химия,0,7,108.53
2026-01-06,БЫТ-006,Бытовая химия,0,7,108.53
2026-01-07,БЫТ-006,Бытовая химия,0,7,108.53
2026-01-08,БЫТ-006,Бытовая химия,0,7,108.53
2026-01-09,БЫТ-006,Бытовая химия,0,7,108.53
2026-01-10,БЫТ-006,Бытовая химия,0,7,108.53
2026-01-11,БЫТ-006,Бытовая химия,0,7,108.53
2026-01-12,БЫТ-006,Бытовая химия,0,7,108.53
2026-01-13,БЫТ-006,Бытовая химия,0,7,108.53
2026-01-14,БЫТ-006,Бытовая химия,0,7,108.53
2026-01-15,БЫТ-006,Бытовая химия,0,7,108.53
2026-01-16,БЫТ-006,Бытовая химия,0,7,108.53
2026-01-17,БЫТ-006,Бытовая химия,0,7,108.53
2026-01-18,БЫТ-006,Бытовая химия,0,7,108.53
2026-01-19,БЫТ-006,Бытовая химия,4,3,108.53
2026-01-20,БЫТ-006,Бытовая химия,0,3,108.53
2026-01-21,БЫТ-006,Бытовая химия,3,0,108.53
2026-01-22,БЫТ-006,Бытовая химия,0,0,108.53
2026-01-23,БЫТ-006,Бытовая химия,0,0,108.53
2026-01-24,БЫТ-006,Бытовая химия,0,0,108.53
2026-01-25,БЫТ-006,Бытовая химия,0,0,108.53
2026-01-26,БЫТ-006,Бытовая химия,0,7,108.53
2026-01-27,БЫТ-006,Бытовая химия,0,7,108.53
2026-01-28,БЫТ-006,Бытовая химия,0,7,108.53
2026-01-29,БЫТ-006,Бытовая химия,0,7,108.53
2026-01-30,БЫТ-006,Бытовая химия,0,7,108.53
2026-01-31,БЫТ-006,Бытовая химия,0,7,108.53
2026-02-01,БЫТ-006,Бытовая химия,1,6,108.53
2026-02-02,БЫТ-006,Бытовая химия,0,7,108.53
2026-02-03,БЫТ-006,Бытовая химия,0,7,108.53
2026-02-04,БЫТ-006,Бытовая химия,0,7,108.53
2026-02-05,БЫТ-006,Бытовая химия,0,7,108.53
2026-02-06,БЫТ-006,Бытовая химия,1,6,108.53
2026-02-07,БЫТ-006,Бытовая химия,0,6,108.53
2026-02-08,БЫТ-006,Бытовая химия,0,6,108.53
2026-02-09,БЫТ-006,Бытовая химия,0,7,108.53
2026-02-10,БЫТ-006,Бытовая химия,0,7,108.53
2026-02-11,БЫТ-006,Бытовая химия,0,7,108.53
2026-02-12,БЫТ-006,Бытовая химия,0,7,108.53
2026-02-13,БЫТ-006,Бытовая химия,0,7,108.53
2026-02-14,БЫТ-006,Бытовая химия,0,7,108.53
2026-02-15,БЫТ-006,Бытовая химия,0,7,108.53
2026-02-16,БЫТ-006,Бытовая химия,2,5,108.53
2026-02-17,БЫТ-006,Бытовая химия,0,5,108.53
2026-02-18,БЫТ-006,Бытовая химия,2,3,108.53
2026-02-19,БЫТ-006,Бытовая химия,0,3,108.53
2026-02-20,БЫТ-006,Бытовая химия,0,3,108.53
2026-02-21,БЫТ-006,Бытовая химия,0,3,108.53
2026-02-22,БЫТ-006,Бытовая химия,0,3,108.53
2026-02-23,БЫТ-006,Бытовая химия,0,7,108.53
2026-02-24,БЫТ-006,Бытовая химия,2,5,108.53
2026-02-25,БЫТ-006,Бытовая химия,0,5,108.53
2026-02-26,БЫТ-006,Бытовая химия,3,2,108.53
2026-02-27,БЫТ-006,Бытовая химия,0,2,108.53
2026-02-28,БЫТ-006,Бытовая химия,0,2,108.53
2026-03-01,БЫТ-006,Бытовая химия,0,2,108.53
2026-03-02,БЫТ-006,Бытовая химия,0,7,108.53
2026-03-03,БЫТ-006,Бытовая химия,0,7,108.53
2026-03-04,БЫТ-006,Бытовая химия,0,7,108.53
2026-03-05,БЫТ-006,Бытовая химия,0,7,108.53
2026-03-06,БЫТ-006,Бытовая химия,0,7,108.53
2026-03-07,БЫТ-006,Бытовая химия,0,7,108.53
2026-03-08,БЫТ-006,Бытовая химия,0,7,108.53
2026-03-09,БЫТ-006,Бытовая химия,0,7,108.53
2026-03-10,БЫТ-006,Бытовая химия,0,7,108.53
2026-03-11,БЫТ-006,Бытовая химия,0,7,108.53
2026-03-12,БЫТ-006,Бытовая химия,0,7,108.53
2026-03-13,БЫТ-006,Бытовая химия,0,7,108.53
2026-03-14,БЫТ-006,Бытовая химия,0,7,108.53
2026-03-15,БЫТ-006,Бытовая химия,2,5,108.53
2026-03-16,БЫТ-006,Бытовая химия,0,7,108.53
2026-03-17,БЫТ-006,Бытовая химия,2,5,108.53
2026-03-18,БЫТ-006,Бытовая химия,2,3,108.53
2026-03-19,БЫТ-006,Бытовая химия,0,3,108.53
2026-03-20,БЫТ-006,Бытовая химия,0,3,108.53
2026-03-21,БЫТ-006,Бытовая химия,0,3,108.53
2026-03-22,БЫТ-006,Бытовая химия,0,3,108.53
2026-03-23,БЫТ-006,Бытовая химия,0,7,108.53
2026-03-24,БЫТ-006,Бытовая химия,0,7,108.53
2026-03-25,БЫТ-006,Бытовая химия,4,3,108.53
2026-03-26,БЫТ-006,Бытовая химия,0,3,108.53
2026-03-27,БЫТ-006,Бытовая химия,0,3,108.53
2026-03-28,БЫТ-006,Бытовая химия,0,3,108.53
2026-03-29,БЫТ-006,Бытовая химия,0,3,108.53
2026-03-30,БЫТ-006,Бытовая химия,0,7,108.53
2026-03-31,БЫТ-006,Бытовая химия,0,7,108.53
2026-04-01,БЫТ-006,Бытовая химия,0,7,108.53
2026-04-02,БЫТ-006,Бытовая химия,0,7,108.53
2026-04-03,БЫТ-006,Бытовая химия,0,7,108.53
2026-04-04,БЫТ-006,Бытовая химия,0,7,108.53
2026-04-05,БЫТ-006,Бытовая химия,0,7,108.53
2026-04-06,БЫТ-006,Бытовая химия,0,7,108.53
2026-04-07,БЫТ-006,Бытовая химия,0,7,108.53
2026-04-08,БЫТ-006,Бытовая химия,0,7,108.53
2026-04-09,БЫТ-006,Бытовая химия,0,7,108.53
2026-04-10,БЫТ-006,Бытовая химия,0,7,108.53
2026-04-11,БЫТ-006,Бытовая химия,0,7,108.53
2026-04-12,БЫТ-006,Бытовая химия,0,7,108.53
2026-04-13,БЫТ-006,Бытовая химия,0,7,108.53
2026-04-14,БЫТ-006,Бытовая химия,0,7,108.53
2026-04-15,БЫТ-006,Бытовая химия,0,7,108.53
2026-04-16,БЫТ-006,Бытовая химия,0,7,108.53
2026-04-17,БЫТ-006,Бытовая химия,0,7,108.53
2026-04-18,БЫТ-006,Бытовая химия,0,7,108.53
2026-04-19,БЫТ-006,Бытовая химия,1,6,108.53
2026-04-20,БЫТ-006,Бытовая химия,0,7,108.53
2026-04-21,БЫТ-006,Бытовая химия,0,7,108.53
2026-04-22,БЫТ-006,Бытовая химия,1,6,108.53
2026-04-23,БЫТ-006,Бытовая химия,0,6,108.53
2026-04-24,БЫТ-006,Бытовая химия,0,6,108.53
2026-04-25,БЫТ-006,Бытовая химия,0,6,108.53
2026-04-26,БЫТ-006,Бытовая химия,0,6,108.53
2026-04-27,БЫТ-006,Бытовая химия,0,7,108.53
2026-04-28,БЫТ-006,Бытовая химия,0,7,108.53
2026-04-29,БЫТ-006,Бытовая химия,0,7,108.53
2026-04-30,БЫТ-006,Бытовая химия,0,7,108.53
2026-05-01,БЫТ-006,Бытовая химия,0,7,108.53
2026-05-02,БЫТ-006,Бытовая химия,1,6,108.53
2026-05-03,БЫТ-006,Бытовая химия,0,6,108.53
2026-05-04,БЫТ-006,Бытовая химия,0,7,108.53
2026-05-05,БЫТ-006,Бытовая химия,1,6,108.53
2026-05-06,БЫТ-006,Бытовая химия,0,6,108.53
2026-05-07,БЫТ-006,Бытовая химия,0,6,108.53
2026-05-08,БЫТ-006,Бытовая химия,0,6,108.53
2026-05-09,БЫТ-006,Бытовая химия,0,6,108.53
2026-05-10,БЫТ-006,Бытовая химия,2,4,108.53
2026-05-11,БЫТ-006,Бытовая химия,0,7,108.53
2026-05-12,БЫТ-006,Бытовая химия,0,7,108.53
2026-05-13,БЫТ-006,Бытовая химия,0,7,108.53
2026-05-14,БЫТ-006,Бытовая химия,0,7,108.53
2026-05-15,БЫТ-006,Бытовая химия,0,7,108.53
2026-05-16,БЫТ-006,Бытовая химия,0,7,108.53
2026-05-17,БЫТ-006,Бытовая химия,0,7,108.53
2026-05-18,БЫТ-006,Бытовая химия,0,7,108.53
2026-05-19,БЫТ-006,Бытовая химия,0,7,108.53
2026-05-20,БЫТ-006,Бытовая химия,0,7,108.53
2026-05-21,БЫТ-006,Бытовая химия,0,7,108.53
2026-05-22,БЫТ-006,Бытовая химия,0,7,108.53
2026-05-23,БЫТ-006,Бытовая химия,0,7,108.53
2026-05-24,БЫТ-006,Бытовая химия,0,7,108.53
2026-05-25,БЫТ-006,Бытовая химия,0,7,108.53
2026-05-26,БЫТ-006,Бытовая химия,2,5,108.53
2026-05-27,БЫТ-006,Бытовая химия,0,5,108.53
2026-05-28,БЫТ-006,Бытовая химия,0,5,108.53
2026-05-29,БЫТ-006,Бытовая химия,0,5,108.53
2026-05-30,БЫТ-006,Бытовая химия,0,5,108.53
2026-05-31,БЫТ-006,Бытовая химия,0,5,108.53
2026-06-01,БЫТ-006,Бытовая химия,2,5,108.53
2026-06-02,БЫТ-006,Бытовая химия,0,5,108.53
2026-06-03,БЫТ-006,Бытовая химия,0,5,108.53
2026-06-04,БЫТ-006,Бытовая химия,0,5,108.53
2026-06-05,БЫТ-006,Бытовая химия,0,5,108.53
2026-06-06,БЫТ-006,Бытовая химия,0,5,108.53
2026-06-07,БЫТ-006,Бытовая химия,0,5,108.53
2026-06-08,БЫТ-006,Бытовая химия,0,7,108.53
2026-06-09,БЫТ-006,Бытовая химия,0,7,108.53
2026-06-10,БЫТ-006,Бытовая химия,0,7,108.53
2026-06-11,БЫТ-006,Бытовая химия,5,2,108.53
2026-06-12,БЫТ-006,Бытовая химия,0,2,108.53
2026-06-13,БЫТ-006,Бытовая химия,0,2,108.53
2026-06-14,БЫТ-006,Бытовая химия,0,2,108.53
2026-06-15,БЫТ-006,Бытовая химия,0,7,108.53
2026-06-16,БЫТ-006,Бытовая химия,2,5,108.53
2026-06-17,БЫТ-006,Бытовая химия,0,5,108.53
2026-06-18,БЫТ-006,Бытовая химия,0,5,108.53
2026-06-19,БЫТ-006,Бытовая химия,0,5,108.53
2026-06-20,БЫТ-006,Бытовая химия,0,5,108.53
2026-06-21,БЫТ-006,Бытовая химия,0,5,108.53
2026-06-22,БЫТ-006,Бытовая химия,0,7,108.53
2026-06-23,БЫТ-006,Бытовая химия,0,7,108.53
2026-06-24,БЫТ-006,Бытовая химия,0,7,108.53
2026-06-25,БЫТ-006,Бытовая химия,0,7,108.53
2026-06-26,БЫТ-006,Бытовая химия,0,7,108.53
2026-06-27,БЫТ-006,Бытовая химия,0,7,108.53
2026-06-28,БЫТ-006,Бытовая химия,0,7,108.53
2026-06-29,БЫТ-006,Бытовая химия,0,7,108.53
2026-06-30,БЫТ-006,Бытовая химия,0,7,108.53
2026-07-01,БЫТ-006,Бытовая химия,0,7,108.53
2026-07-02,БЫТ-006,Бытовая химия,0,7,108.53
2026-07-03,БЫТ-006,Бытовая химия,0,7,108.53
2026-07-04,БЫТ-006,Бытовая химия,0,7,108.53
2026-07-05,БЫТ-006,Бытовая химия,0,7,108.53
2026-07-06,БЫТ-006,Бытовая химия,0,7,108.53
2026-07-07,БЫТ-006,Бытовая химия,0,7,108.53
2026-07-08,БЫТ-006,Бытовая химия,0,7,108.53
2026-07-09,БЫТ-006,Бытовая химия,0,7,108.53
2026-07-10,БЫТ-006,Бытовая химия,2,5,108.53
2026-07-11,БЫТ-006,Бытовая химия,0,5,108.53
2026-07-12,БЫТ-006,Бытовая химия,3,2,108.53
2026-07-13,БЫТ-006,Бытовая химия,0,7,108.53
2026-07-14,БЫТ-006,Бытовая химия,0,7,108.53
2026-07-15,БЫТ-006,Бытовая химия,1,6,108.53
2026-07-16,БЫТ-006,Бытовая химия,0,6,108.53
2026-07-17,БЫТ-006,Бытовая химия,0,6,108.53
2026-07-18,БЫТ-006,Бытовая химия,0,6,108.53
2026-07-19,БЫТ-006,Бытовая химия,0,6,108.53
2026-07-20,БЫТ-006,Бытовая химия,0,7,108.53
2026-07-21,БЫТ-006,Бытовая химия,0,7,108.53
2026-07-22,БЫТ-006,Бытовая химия,0,7,108.53
2026-07-23,БЫТ-006,Бытовая химия,0,7,108.53
2026-07-24,БЫТ-006,Бытовая химия,0,7,108.53
2026-07-25,БЫТ-006,Бытовая химия,0,7,108.53
2026-07-26,БЫТ-006,Бытовая химия,0,7,108.53
2026-07-27,БЫТ-006,Бытовая химия,0,7,108.53
2026-07-28,БЫТ-006,Бытовая химия,0,7,108.53
2026-07-29,БЫТ-006,Бытовая химия,0,7,108.53
2026-07-30,БЫТ-006,Бытовая химия,1,6,108.53
2026-07-31,БЫТ-006,Бытовая химия,0,6,108.53
2026-08-01,БЫТ-006,Бытовая химия,4,2,108.53
2026-08-02,БЫТ-006,Бытовая химия,1,1,108.53
2026-08-03,БЫТ-006,Бытовая химия,0,7,108.53
2026-08-04,БЫТ-006,Бытовая химия,0,7,108.53
2026-08-05,БЫТ-006,Бытовая химия,0,7,108.53
2026-08-06,БЫТ-006,Бытовая химия,0,7,108.53
2026-08-07,БЫТ-006,Бытовая химия,0,7,108.53
2026-08-08,БЫТ-006,Бытовая химия,0,7,108.53
2026-08-09,БЫТ-006,Бытовая химия,0,7,108.53
2026-08-10,БЫТ-006,Бытовая химия,0,7,108.53
2026-08-11,БЫТ-006,Бытовая химия,0,7,108.53
2026-08-12,БЫТ-006,Бытовая химия,0,7,108.53
2026-08-13,БЫТ-006,Бытовая химия,0,7,108.53
2026-08-14,БЫТ-006,Бытовая химия,0,7,108.53
2026-08-15,БЫТ-006,Бытовая химия,0,7,108.53
2026-08-16,БЫТ-006,Бытовая химия,0,7,108.53
2026-08-17,БЫТ-006,Бытовая химия,0,7,108.53
2026-08-18,БЫТ-006,Бытовая химия,0,7,108.53
2026-08-19,БЫТ-006,Бытовая химия,0,7,108.53
2026-08-20,БЫТ-006,Бытовая химия,0,7,108.53
2026-08-21,БЫТ-006,Бытовая химия,0,7,108.53
2026-08-22,БЫТ-006,Бытовая химия,0,7,108.53
2026-08-23,БЫТ-006,Бытовая химия,0,7,108.53
2026-08-24,БЫТ-006,Бытовая химия,0,7,108.53
2026-08-25,БЫТ-006,Бытовая химия,0,7,108.53
2026-08-26,БЫТ-006,Бытовая химия,0,7,108.53
2026-08-27,БЫТ-006,Бытовая химия,0,7,108.53
2026-08-28,БЫТ-006,Бытовая химия,0,7,108.53
2026-08-29,БЫТ-006,Бытовая химия,0,7,108.53
2026-08-30,БЫТ-006,Бытовая химия,0,7,108.53
2026-08-31,БЫТ-006,Бытовая химия,0,7,108.53
2026-09-01,БЫТ-006,Бытовая химия,0,7,108.53
2026-09-02,БЫТ-006,Бытовая химия,0,7,108.53
2026-09-03,БЫТ-006,Бытовая химия,0,7,108.53
2026-09-04,БЫТ-006,Бытовая химия,0,7,108.53
2026-09-05,БЫТ-006,Бытовая химия,0,7,108.53
2026-09-06,БЫТ-006,Бытовая химия,1,6,108.53
2026-09-07,БЫТ-006,Бытовая химия,0,7,108.53
2026-09-08,БЫТ-006,Бытовая химия,0,7,108.53
2026-09-09,БЫТ-006,Бытовая химия,2,5,108.53
2026-09-10,БЫТ-006,Бытовая химия,0,5,108.53
2026-09-11,БЫТ-006,Бытовая химия,0,5,108.53
2026-09-12,БЫТ-006,Бытовая химия,1,4,108.53
2026-09-13,БЫТ-006,Бытовая химия,0,4,108.53
2026-09-14,БЫТ-006,Бытовая химия,0,7,108.53
2026-09-15,БЫТ-006,Бытовая химия,0,7,108.53
2026-09-16,БЫТ-006,Бытовая химия,0,7,108.53
2026-09-17,БЫТ-006,Бытовая химия,0,7,108.53
2026-09-18,БЫТ-006,Бытовая химия,0,7,108.53
2026-09-19,БЫТ-006,Бытовая химия,0,7,108.53
2026-09-20,БЫТ-006,Бытовая химия,0,7,108.53
2026-09-21,БЫТ-006,Бытовая химия,0,7,108.53
2026-09-22,БЫТ-006,Бытовая химия,0,7,108.53
2026-09-23,БЫТ-006,Бытовая химия,0,7,108.53
2026-09-24,БЫТ-006,Бытовая химия,0,7,108.53
2026-09-25,БЫТ-006,Бытовая химия,0,7,108.53
2026-09-26,БЫТ-006,Бытовая химия,2,5,108.53
2026-09-27,БЫТ-006,Бытовая химия,0,5,108.53
2026-09-28,БЫТ-006,Бытовая химия,0,7,108.53
2026-09-29,БЫТ-006,Бытовая химия,0,7,108.53
2026-09-30,БЫТ-006,Бытовая химия,0,7,108.53
2025-06-01,БЫТ-007,Бытовая химия,2,22,143.07
2025-06-02,БЫТ-007,Бытовая химия,0,28,143.07
2025-06-03,БЫТ-007,Бытовая химия,0,28,143.07
2025-06-04,БЫТ-007,Бытовая химия,0,28,143.07
2025-06-05,БЫТ-007,Бытовая химия,1,27,143.07
2025-06-06,БЫТ-007,Бытовая химия,2,25,143.07
2025-06-07,БЫТ-007,Бытовая химия,0,25,143.07
2025-06-08,БЫТ-007,Бытовая химия,3,22,143.07
2025-06-09,БЫТ-007,Бытовая химия,2,26,143.07
2025-06-10,БЫТ-007,Бытовая химия,0,26,143.07
2025-06-11,БЫТ-007,Бытовая химия,2,24,143.07
2025-06-12,БЫТ-007,Бытовая химия,3,21,143.07
2025-06-13,БЫТ-007,Бытовая химия,6,15,143.07
2025-06-14,БЫТ-007,Бытовая химия,2,13,143.07
2025-06-15,БЫТ-007,Бытовая химия,1,12,143.07
2025-06-16,БЫТ-007,Бытовая химия,2,26,143.07
2025-06-17,БЫТ-007,Бытовая химия,0,26,143.07
2025-06-18,БЫТ-007,Бытовая химия,0,26,143.07
2025-06-19,БЫТ-007,Бытовая химия,0,26,143.07
2025-06-20,БЫТ-007,Бытовая химия,1,25,143.07
2025-06-21,БЫТ-007,Бытовая химия,1,24,143.07
2025-06-22,БЫТ-007,Бытовая химия,1,23,143.07
2025-06-23,БЫТ-007,Бытовая химия,0,28,143.07
2025-06-24,БЫТ-007,Бытовая химия,0,28,143.07
2025-06-25,БЫТ-007,Бытовая химия,0,28,143.07
2025-06-26,БЫТ-007,Бытовая химия,0,28,143.07
2025-06-27,БЫТ-007,Бытовая химия,3,25,143.07
2025-06-28,БЫТ-007,Бытовая химия,4,21,143.07
2025-06-29,БЫТ-007,Бытовая химия,1,20,143.07
2025-06-30,БЫТ-007,Бытовая химия,4,24,143.07
2025-07-01,БЫТ-007,Бытовая химия,2,22,143.07
2025-07-02,БЫТ-007,Бытовая химия,3,19,143.07
2025-07-03,БЫТ-007,Бытовая химия,2,17,143.07
2025-07-04,БЫТ-007,Бытовая химия,4,13,143.07
2025-07-05,БЫТ-007,Бытовая химия,2,11,143.07
2025-07-06,БЫТ-007,Бытовая химия,0,11,143.07
2025-07-07,БЫТ-007,Бытовая химия,1,27,143.07
2025-07-08,БЫТ-007,Бытовая химия,1,26,143.07
2025-07-09,БЫТ-007,Бытовая химия,0,26,143.07
2025-07-10,БЫТ-007,Бытовая химия,2,24,143.07
2025-07-11,БЫТ-007,Бытовая химия,3,21,143.07
2025-07-12,БЫТ-007,Бытовая химия,2,19,143.07
2025-07-13,БЫТ-007,Бытовая химия,1,18,143.07
2025-07-14,БЫТ-007,Бытовая химия,1,27,143.07
2025-07-15,БЫТ-007,Бытовая химия,2,25,143.07
2025-07-16,БЫТ-007,Бытовая химия,2,23,143.07
2025-07-17,БЫТ-007,Бытовая химия,0,23,143.07
2025-07-18,БЫТ-007,Бытовая химия,2,21,143.07
2025-07-19,БЫТ-007,Бытовая химия,0,21,143.07
2025-07-20,БЫТ-007,Бытовая химия,0,21,143.07
2025-07-21,БЫТ-007,Бытовая химия,1,27,143.07
2025-07-22,БЫТ-007,Бытовая химия,2,25,143.07
2025-07-23,БЫТ-007,Бытовая химия,1,24,143.07
2025-07-24,БЫТ-007,Бытовая химия,0,24,143.07
2025-07-25,БЫТ-007,Бытовая химия,0,24,143.07
2025-07-26,БЫТ-007,Бытовая химия,3,21,143.07
2025-07-27,БЫТ-007,Бытовая химия,1,20,143.07
2025-07-28,БЫТ-007,Бытовая химия,0,28,143.07
2025-07-29,БЫТ-007,Бытовая химия,0,28,143.07
2025-07-30,БЫТ-007,Бытовая химия,0,28,143.07
2025-07-31,БЫТ-007,Бытовая химия,0,28,143.07
2025-08-01,БЫТ-007,Бытовая химия,2,26,143.07
2025-08-02,БЫТ-007,Бытовая химия,1,25,143.07
2025-08-03,БЫТ-007,Бытовая химия,0,25,143.07
2025-08-04,БЫТ-007,Бытовая химия,2,26,143.07
2025-08-05,БЫТ-007,Бытовая химия,0,26,143.07
2025-08-06,БЫТ-007,Бытовая химия,1,25,143.07
2025-08-07,БЫТ-007,Бытовая химия,0,25,143.07
2025-08-08,БЫТ-007,Бытовая химия,1,24,143.07
2025-08-09,БЫТ-007,Бытовая химия,1,23,143.07
2025-08-10,БЫТ-007,Бытовая химия,0,23,143.07
2025-08-11,БЫТ-007,Бытовая химия,1,27,143.07
2025-08-12,БЫТ-007,Бытовая химия,2,25,143.07
2025-08-13,БЫТ-007,Бытовая химия,2,23,143.07
2025-08-14,БЫТ-007,Бытовая химия,3,20,143.07
2025-08-15,БЫТ-007,Бытовая химия,0,20,143.07
2025-08-16,БЫТ-007,Бытовая химия,1,19,143.07
2025-08-17,БЫТ-007,Бытовая химия,3,16,143.07
2025-08-18,БЫТ-007,Бытовая химия,1,27,143.07
2025-08-19,БЫТ-007,Бытовая химия,0,27,143.07
2025-08-20,БЫТ-007,Бытовая химия,0,27,143.07
2025-08-21,БЫТ-007,Бытовая химия,3,24,143.07
2025-08-22,БЫТ-007,Бытовая химия,0,24,143.07
2025-08-23,БЫТ-007,Бытовая химия,1,23,143.07
2025-08-24,БЫТ-007,Бытовая химия,1,22,143.07
2025-08-25,БЫТ-007,Бытовая химия,3,25,143.07
2025-08-26,БЫТ-007,Бытовая химия,0,25,143.07
2025-08-27,БЫТ-007,Бытовая химия,0,25,143.07
2025-08-28,БЫТ-007,Бытовая химия,5,20,143.07
2025-08-29,БЫТ-007,Бытовая химия,3,17,143.07
2025-08-30,БЫТ-007,Бытовая химия,0,17,143.07
2025-08-31,БЫТ-007,Бытовая химия,1,16,143.07
2025-09-01,БЫТ-007,Бытовая химия,3,25,143.07
2025-09-02,БЫТ-007,Бытовая химия,0,25,143.07
2025-09-03,БЫТ-007,Бытовая химия,0,25,143.07
2025-09-04,БЫТ-007,Бытовая химия,1,24,143.07
2025-09-05,БЫТ-007,Бытовая химия,2,22,143.07
2025-09-06,БЫТ-007,Бытовая химия,1,21,143.07
2025-09-07,БЫТ-007,Бытовая химия,3,18,143.07
2025-09-08,БЫТ-007,Бытовая химия,2,26,143.07
2025-09-09,БЫТ-007,Бытовая химия,1,25,143.07
2025-09-10,БЫТ-007,Бытовая химия,2,23,143.07
2025-09-11,БЫТ-007,Бытовая химия,0,23,143.07
2025-09-12,БЫТ-007,Бытовая химия,2,21,143.07
2025-09-13,БЫТ-007,Бытовая химия,2,19,143.07
2025-09-14,БЫТ-007,Бытовая химия,2,17,143.07
2025-09-15,БЫТ-007,Бытовая химия,5,23,143.07
2025-09-16,БЫТ-007,Бытовая химия,2,21,143.07
2025-09-17,БЫТ-007,Бытовая химия,4,17,143.07
2025-09-18,БЫТ-007,Бытовая химия,0,17,143.07
2025-09-19,БЫТ-007,Бытовая химия,2,15,143.07
2025-09-20,БЫТ-007,Бытовая химия,3,12,143.07
2025-09-21,БЫТ-007,Бытовая химия,4,8,143.07
2025-09-22,БЫТ-007,Бытовая химия,3,25,143.07
2025-09-23,БЫТ-007,Бытовая химия,0,25,143.07
2025-09-24,БЫТ-007,Бытовая химия,4,21,143.07
2025-09-25,БЫТ-007,Бытовая химия,0,21,143.07
2025-09-26,БЫТ-007,Бытовая химия,2,19,143.07
2025-09-27,БЫТ-007,Бытовая химия,0,19,143.07
2025-09-28,БЫТ-007,Бытовая химия,1,18,143.07
2025-09-29,БЫТ-007,Бытовая химия,2,26,143.07
2025-09-30,БЫТ-007,Бытовая химия,1,25,143.07
2025-10-01,БЫТ-007,Бытовая химия,2,23,143.07
2025-10-02,БЫТ-007,Бытовая химия,3,20,143.07
2025-10-03,БЫТ-007,Бытовая химия,3,17,143.07
2025-10-04,БЫТ-007,Бытовая химия,3,14,143.07
2025-10-05,БЫТ-007,Бытовая химия,1,13,143.07
2025-10-06,БЫТ-007,Бытовая химия,0,28,143.07
2025-10-07,БЫТ-007,Бытовая химия,3,25,143.07
2025-10-08,БЫТ-007,Бытовая химия,2,23,143.07
2025-10-09,БЫТ-007,Бытовая химия,0,23,143.07
2025-10-10,БЫТ-007,Бытовая химия,0,23,143.07
2025-10-11,БЫТ-007,Бытовая химия,1,22,143.07
2025-10-12,БЫТ-007,Бытовая химия,3,19,143.07
2025-10-13,БЫТ-007,Бытовая химия,0,28,143.07
2025-10-14,БЫТ-007,Бытовая химия,3,25,143.07
2025-10-15,БЫТ-007,Бытовая химия,0,25,143.07
2025-10-16,БЫТ-007,Бытовая химия,0,25,143.07
2025-10-17,БЫТ-007,Бытовая химия,1,24,143.07
2025-10-18,БЫТ-007,Бытовая химия,2,22,143.07
2025-10-19,БЫТ-007,Бытовая химия,0,22,143.07
2025-10-20,БЫТ-007,Бытовая химия,0,28,143.07
2025-10-21,БЫТ-007,Бытовая химия,3,25,143.07
2025-10-22,БЫТ-007,Бытовая химия,1,24,143.07
2025-10-23,БЫТ-007,Бытовая химия,0,24,143.07
2025-10-24,БЫТ-007,Бытовая химия,2,22,143.07
2025-10-25,БЫТ-007,Бытовая химия,3,19,143.07
2025-10-26,БЫТ-007,Бытовая химия,5,14,143.07
2025-10-27,БЫТ-007,Бытовая химия,0,28,143.07
2025-10-28,БЫТ-007,Бытовая химия,0,28,143.07
2025-10-29,БЫТ-007,Бытовая химия,0,28,143.07
2025-10-30,БЫТ-007,Бытовая химия,0,28,143.07
2025-10-31,БЫТ-007,Бытовая химия,0,28,143.07
2025-11-01,БЫТ-007,Бытовая химия,2,26,143.07
2025-11-02,БЫТ-007,Бытовая химия,0,26,143.07
2025-11-03,БЫТ-007,Бытовая химия,0,28,143.07
2025-11-04,БЫТ-007,Бытовая химия,4,24,143.07
2025-11-05,БЫТ-007,Бытовая химия,1,23,143.07
2025-11-06,БЫТ-007,Бытовая химия,0,23,143.07
2025-11-07,БЫТ-007,Бытовая химия,3,20,143.07
2025-11-08,БЫТ-007,Бытовая химия,0,20,143.07
2025-11-09,БЫТ-007,Бытовая химия,2,18,143.07
2025-11-10,БЫТ-007,Бытовая химия,0,28,143.07
2025-11-11,БЫТ-007,Бытовая химия,0,28,143.07
2025-11-12,БЫТ-007,Бытовая химия,0,28,143.07
2025-11-13,БЫТ-007,Бытовая химия,0,28,143.07
2025-11-14,БЫТ-007,Бытовая химия,3,25,143.07
2025-11-15,БЫТ-007,Бытовая химия,0,25,143.07
2025-11-16,БЫТ-007,Бытовая химия,3,22,143.07
2025-11-17,БЫТ-007,Бытовая химия,0,28,143.07
2025-11-18,БЫТ-007,Бытовая химия,3,25,143.07
2025-11-19,БЫТ-007,Бытовая химия,0,25,143.07
2025-11-20,БЫТ-007,Бытовая химия,0,25,143.07
2025-11-21,БЫТ-007,Бытовая химия,1,24,143.07
2025-11-22,БЫТ-007,Бытовая химия,1,23,143.07
2025-11-23,БЫТ-007,Бытовая химия,1,22,143.07
2025-11-24,БЫТ-007,Бытовая химия,1,27,143.07
2025-11-25,БЫТ-007,Бытовая химия,0,27,143.07
2025-11-26,БЫТ-007,Бытовая химия,0,27,143.07
2025-11-27,БЫТ-007,Бытовая химия,0,27,143.07
2025-11-28,БЫТ-007,Бытовая химия,0,27,143.07
2025-11-29,БЫТ-007,Бытовая химия,1,26,143.07
2025-11-30,БЫТ-007,Бытовая химия,4,22,143.07
2025-12-01,БЫТ-007,Бытовая химия,0,28,143.07
2025-12-02,БЫТ-007,Бытовая химия,1,27,143.07
2025-12-03,БЫТ-007,Бытовая химия,4,23,143.07
2025-12-04,БЫТ-007,Бытовая химия,3,20,143.07
2025-12-05,БЫТ-007,Бытовая химия,2,18,143.07
2025-12-06,БЫТ-007,Бытовая химия,1,17,143.07
2025-12-07,БЫТ-007,Бытовая химия,1,16,143.07
2025-12-08,БЫТ-007,Бытовая химия,5,23,143.07
2025-12-09,БЫТ-007,Бытовая химия,0,23,143.07
2025-12-10,БЫТ-007,Бытовая химия,4,19,143.07
2025-12-11,БЫТ-007,Бытовая химия,0,19,143.07
2025-12-12,БЫТ-007,Бытовая химия,1,18,143.07
2025-12-13,БЫТ-007,Бытовая химия,3,15,143.07
2025-12-14,БЫТ-007,Бытовая химия,2,13,143.07
2025-12-15,БЫТ-007,Бытовая химия,0,28,143.07
2025-12-16,БЫТ-007,Бытовая химия,2,26,143.07
2025-12-17,БЫТ-007,Бытовая химия,3,23,143.07
2025-12-18,БЫТ-007,Бытовая химия,1,22,143.07
2025-12-19,БЫТ-007,Бытовая химия,0,22,143.07
2025-12-20,БЫТ-007,Бытовая химия,1,21,143.07
2025-12-21,БЫТ-007,Бытовая химия,0,21,143.07
2025-12-22,БЫТ-007,Бытовая химия,0,28,143.07
2025-12-23,БЫТ-007,Бытовая химия,0,28,143.07
2025-12-24,БЫТ-007,Бытовая химия,0,28,143.07
2025-12-25,БЫТ-007,Бытовая химия,0,28,143.07
2025-12-26,БЫТ-007,Бытовая химия,0,28,143.07
2025-12-27,БЫТ-007,Бытовая химия,0,28,143.07
2025-12-28,БЫТ-007,Бытовая химия,1,27,143.07
2025-12-29,БЫТ-007,Бытовая химия,4,24,143.07
2025-12-30,БЫТ-007,Бытовая химия,4,20,143.07
2025-12-31,БЫТ-007,Бытовая химия,2,18,143.07
2026-01-01,БЫТ-007,Бытовая химия,2,16,143.07
2026-01-02,БЫТ-007,Бытовая химия,0,16,143.07
2026-01-03,БЫТ-007,Бытовая химия,2,14,143.07
2026-01-04,БЫТ-007,Бытовая химия,2,12,143.07
2026-01-05,БЫТ-007,Бытовая химия,0,28,143.07
2026-01-06,БЫТ-007,Бытовая химия,0,28,143.07
2026-01-07,БЫТ-007,Бытовая химия,0,28,143.07
2026-01-08,БЫТ-007,Бытовая химия,4,24,143.07
2026-01-09,БЫТ-007,Бытовая химия,4,20,143.07
2026-01-10,БЫТ-007,Бытовая химия,1,19,143.07
2026-01-11,БЫТ-007,Бытовая химия,0,19,143.07
2026-01-12,БЫТ-007,Бытовая химия,0,28,143.07
2026-01-13,БЫТ-007,Бытовая химия,3,25,143.07
2026-01-14,БЫТ-007,Бытовая химия,0,25,143.07
2026-01-15,БЫТ-007,Бытовая химия,0,25,143.07
2026-01-16,БЫТ-007,Бытовая химия,0,25,143.07
2026-01-17,БЫТ-007,Бытовая химия,2,23,143.07
2026-01-18,БЫТ-007,Бытовая химия,4,19,143.07
2026-01-19,БЫТ-007,Бытовая химия,0,28,143.07
2026-01-20,БЫТ-007,Бытовая химия,0,28,143.07
2026-01-21,БЫТ-007,Бытовая химия,0,28,143.07
2026-01-22,БЫТ-007,Бытовая химия,0,28,143.07
2026-01-23,БЫТ-007,Бытовая химия,0,28,143.07
2026-01-24,БЫТ-007,Бытовая химия,1,27,143.07
2026-01-25,БЫТ-007,Бытовая химия,0,27,143.07
2026-01-26,БЫТ-007,Бытовая химия,0,28,143.07
2026-01-27,БЫТ-007,Бытовая химия,2,26,143.07
2026-01-28,БЫТ-007,Бытовая химия,0,26,143.07
2026-01-29,БЫТ-007,Бытовая химия,5,21,143.07
2026-01-30,БЫТ-007,Бытовая химия,3,18,143.07
2026-01-31,БЫТ-007,Бытовая химия,2,16,143.07
2026-02-01,БЫТ-007,Бытовая химия,3,13,143.07
2026-02-02,БЫТ-007,Бытовая химия,0,28,143.07
2026-02-03,БЫТ-007,Бытовая химия,0,28,143.07
2026-02-04,БЫТ-007,Бытовая химия,4,24,143.07
2026-02-05,БЫТ-007,Бытовая химия,0,24,143.07
2026-02-06,БЫТ-007,Бытовая химия,0,24,143.07
2026-02-07,БЫТ-007,Бытовая химия,0,24,143.07
2026-02-08,БЫТ-007,Бытовая химия,1,23,143.07
2026-02-09,БЫТ-007,Бытовая химия,2,26,143.07
2026-02-10,БЫТ-007,Бытовая химия,0,26,143.07
2026-02-11,БЫТ-007,Бытовая химия,1,25,143.07
2026-02-12,БЫТ-007,Бытовая химия,1,24,143.07
2026-02-13,БЫТ-007,Бытовая химия,0,24,143.07
2026-02-14,БЫТ-007,Бытовая химия,1,23,143.07
2026-02-15,БЫТ-007,Бытовая химия,1,22,143.07
2026-02-16,БЫТ-007,Бытовая химия,0,28,143.07
2026-02-17,БЫТ-007,Бытовая химия,1,27,143.07
2026-02-18,БЫТ-007,Бытовая химия,0,27,143.07
2026-02-19,БЫТ-007,Бытовая химия,2,25,143.07
2026-02-20,БЫТ-007,Бытовая химия,2,23,143.07
2026-02-21,БЫТ-007,Бытовая химия,2,21,143.07
2026-02-22,БЫТ-007,Бытовая химия,2,19,143.07
2026-02-23,БЫТ-007,Бытовая химия,1,27,143.07
2026-02-24,БЫТ-007,Бытовая химия,0,27,143.07
2026-02-25,БЫТ-007,Бытовая химия,0,27,143.07
2026-02-26,БЫТ-007,Бытовая химия,1,26,143.07
2026-02-27,БЫТ-007,Бытовая химия,0,26,143.07
2026-02-28,БЫТ-007,Бытовая химия,6,20,143.07
2026-03-01,БЫТ-007,Бытовая химия,4,16,143.07
2026-03-02,БЫТ-007,Бытовая химия,0,28,143.07
2026-03-03,БЫТ-007,Бытовая химия,1,27,143.07
2026-03-04,БЫТ-007,Бытовая химия,0,27,143.07
2026-03-05,БЫТ-007,Бытовая химия,0,27,143.07
2026-03-06,БЫТ-007,Бытовая химия,0,27,143.07
2026-03-07,БЫТ-007,Бытовая химия,1,26,143.07
2026-03-08,БЫТ-007,Бытовая химия,2,24,143.07
2026-03-09,БЫТ-007,Бытовая химия,1,27,143.07
2026-03-10,БЫТ-007,Бытовая химия,1,26,143.07
2026-03-11,БЫТ-007,Бытовая химия,0,26,143.07
2026-03-12,БЫТ-007,Бытовая химия,2,24,143.07
2026-03-13,БЫТ-007,Бытовая химия,1,23,143.07
2026-03-14,БЫТ-007,Бытовая химия,0,23,143.07
2026-03-15,БЫТ-007,Бытовая химия,0,23,143.07
2026-03-16,БЫТ-007,Бытовая химия,1,27,143.07
2026-03-17,БЫТ-007,Бытовая химия,5,22,143.07
2026-03-18,БЫТ-007,Бытовая химия,1,21,143.07
2026-03-19,БЫТ-007,Бытовая химия,3,18,143.07
2026-03-20,БЫТ-007,Бытовая химия,2,16,143.07
2026-03-21,БЫТ-007,Бытовая химия,2,14,143.07
2026-03-22,БЫТ-007,Бытовая химия,5,9,143.07
2026-03-23,БЫТ-007,Бытовая химия,0,28,143.07
2026-03-24,БЫТ-007,Бытовая химия,3,25,143.07
2026-03-25,БЫТ-007,Бытовая химия,0,25,143.07
2026-03-26,БЫТ-007,Бытовая химия,1,24,143.07
2026-03-27,БЫТ-007,Бытовая химия,0,24,143.07
2026-03-28,БЫТ-007,Бытовая химия,0,24,143.07
2026-03-29,БЫТ-007,Бытовая химия,2,22,143.07
2026-03-30,БЫТ-007,Бытовая химия,2,26,143.07
2026-03-31,БЫТ-007,Бытовая химия,5,21,143.07
2026-04-01,БЫТ-007,Бытовая химия,0,21,143.07
2026-04-02,БЫТ-007,Бытовая химия,2,19,143.07
2026-04-03,БЫТ-007,Бытовая химия,2,17,143.07
2026-04-04,БЫТ-007,Бытовая химия,3,14,143.07
2026-04-05,БЫТ-007,Бытовая химия,6,8,143.07
2026-04-06,БЫТ-007,Бытовая химия,2,26,143.07
2026-04-07,БЫТ-007,Бытовая химия,3,23,143.07
2026-04-08,БЫТ-007,Бытовая химия,4,19,143.07
2026-04-09,БЫТ-007,Бытовая химия,0,19,143.07
2026-04-10,БЫТ-007,Бытовая химия,1,18,143.07
2026-04-11,БЫТ-007,Бытовая химия,2,16,143.07
2026-04-12,БЫТ-007,Бытовая химия,1,15,143.07
2026-04-13,БЫТ-007,Бытовая химия,3,25,143.07
2026-04-14,БЫТ-007,Бытовая химия,0,25,143.07
2026-04-15,БЫТ-007,Бытовая химия,3,22,143.07
2026-04-16,БЫТ-007,Бытовая химия,1,21,143.07
2026-04-17,БЫТ-007,Бытовая химия,4,17,143.07
2026-04-18,БЫТ-007,Бытовая химия,3,14,143.07
2026-04-19,БЫТ-007,Бытовая химия,0,14,143.07
2026-04-20,БЫТ-007,Бытовая химия,1,27,143.07
2026-04-21,БЫТ-007,Бытовая химия,1,26,143.07
2026-04-22,БЫТ-007,Бытовая химия,4,22,143.07
2026-04-23,БЫТ-007,Бытовая химия,0,22,143.07
2026-04-24,БЫТ-007,Бытовая химия,2,20,143.07
2026-04-25,БЫТ-007,Бытовая химия,3,17,143.07
2026-04-26,БЫТ-007,Бытовая химия,3,14,143.07
2026-04-27,БЫТ-007,Бытовая химия,3,25,143.07
2026-04-28,БЫТ-007,Бытовая химия,3,22,143.07
2026-04-29,БЫТ-007,Бытовая химия,1,21,143.07
2026-04-30,БЫТ-007,Бытовая химия,0,21,143.07
2026-05-01,БЫТ-007,Бытовая химия,0,21,143.07
2026-05-02,БЫТ-007,Бытовая химия,2,19,143.07
2026-05-03,БЫТ-007,Бытовая химия,1,18,143.07
2026-05-04,БЫТ-007,Бытовая химия,0,28,143.07
2026-05-05,БЫТ-007,Бытовая химия,0,28,143.07
2026-05-06,БЫТ-007,Бытовая химия,3,25,143.07
2026-05-07,БЫТ-007,Бытовая химия,3,22,143.07
2026-05-08,БЫТ-007,Бытовая химия,2,20,143.07
2026-05-09,БЫТ-007,Бытовая химия,0,20,143.07
2026-05-10,БЫТ-007,Бытовая химия,1,19,143.07
2026-05-11,БЫТ-007,Бытовая химия,0,28,143.07
2026-05-12,БЫТ-007,Бытовая химия,1,27,143.07
2026-05-13,БЫТ-007,Бытовая химия,4,23,143.07
2026-05-14,БЫТ-007,Бытовая химия,0,23,143.07
2026-05-15,БЫТ-007,Бытовая химия,1,22,143.07
2026-05-16,БЫТ-007,Бытовая химия,2,20,143.07
2026-05-17,БЫТ-007,Бытовая химия,2,18,143.07
2026-05-18,БЫТ-007,Бытовая химия,5,23,143.07
2026-05-19,БЫТ-007,Бытовая химия,4,19,143.07
2026-05-20,БЫТ-007,Бытовая химия,2,17,143.07
2026-05-21,БЫТ-007,Бытовая химия,0,17,143.07
2026-05-22,БЫТ-007,Бытовая химия,6,11,143.07
2026-05-23,БЫТ-007,Бытовая химия,1,10,143.07
2026-05-24,БЫТ-007,Бытовая химия,1,9,143.07
2026-05-25,БЫТ-007,Бытовая химия,4,24,143.07
2026-05-26,БЫТ-007,Бытовая химия,0,24,143.07
2026-05-27,БЫТ-007,Бытовая химия,0,24,143.07
2026-05-28,БЫТ-007,Бытовая химия,5,19,143.07
2026-05-29,БЫТ-007,Бытовая химия,0,19,143.07
2026-05-30,БЫТ-007,Бытовая химия,2,17,143.07
2026-05-31,БЫТ-007,Бытовая химия,1,16,143.07
2026-06-01,БЫТ-007,Бытовая химия,4,24,143.07
2026-06-02,БЫТ-007,Бытовая химия,1,23,143.07
2026-06-03,БЫТ-007,Бытовая химия,0,23,143.07
2026-06-04,БЫТ-007,Бытовая химия,2,21,143.07
2026-06-05,БЫТ-007,Бытовая химия,0,21,143.07
2026-06-06,БЫТ-007,Бытовая химия,2,19,143.07
2026-06-07,БЫТ-007,Бытовая химия,4,15,143.07
2026-06-08,БЫТ-007,Бытовая химия,2,26,143.07
2026-06-09,БЫТ-007,Бытовая химия,3,23,143.07
2026-06-10,БЫТ-007,Бытовая химия,0,23,143.07
2026-06-11,БЫТ-007,Бытовая химия,0,23,143.07
2026-06-12,БЫТ-007,Бытовая химия,4,19,143.07
2026-06-13,БЫТ-007,Бытовая химия,4,15,143.07
2026-06-14,БЫТ-007,Бытовая химия,1,14,143.07
2026-06-15,БЫТ-007,Бытовая химия,3,25,143.07
2026-06-16,БЫТ-007,Бытовая химия,2,23,143.07
2026-06-17,БЫТ-007,Бытовая химия,1,22,143.07
2026-06-18,БЫТ-007,Бытовая химия,1,21,143.07
2026-06-19,БЫТ-007,Бытовая химия,1,20,143.07
2026-06-20,БЫТ-007,Бытовая химия,1,19,143.07
2026-06-21,БЫТ-007,Бытовая химия,0,19,143.07
2026-06-22,БЫТ-007,Бытовая химия,1,27,143.07
2026-06-23,БЫТ-007,Бытовая химия,0,27,143.07
2026-06-24,БЫТ-007,Бытовая химия,0,27,143.07
2026-06-25,БЫТ-007,Бытовая химия,2,25,143.07
2026-06-26,БЫТ-007,Бытовая химия,6,19,143.07
2026-06-27,БЫТ-007,Бытовая химия,1,18,143.07
2026-06-28,БЫТ-007,Бытовая химия,1,17,143.07
2026-06-29,БЫТ-007,Бытовая химия,2,26,143.07
2026-06-30,БЫТ-007,Бытовая химия,0,26,143.07
2026-07-01,БЫТ-007,Бытовая химия,2,24,143.07
2026-07-02,БЫТ-007,Бытовая химия,0,24,143.07
2026-07-03,БЫТ-007,Бытовая химия,1,23,143.07
2026-07-04,БЫТ-007,Бытовая химия,4,19,143.07
2026-07-05,БЫТ-007,Бытовая химия,1,18,143.07
2026-07-06,БЫТ-007,Бытовая химия,1,27,143.07
2026-07-07,БЫТ-007,Бытовая химия,1,26,143.07
2026-07-08,БЫТ-007,Бытовая химия,0,26,143.07
2026-07-09,БЫТ-007,Бытовая химия,0,26,143.07
2026-07-10,БЫТ-007,Бытовая химия,1,25,143.07
2026-07-11,БЫТ-007,Бытовая химия,1,24,143.07
2026-07-12,БЫТ-007,Бытовая химия,2,22,143.07
2026-07-13,БЫТ-007,Бытовая химия,5,23,143.07
2026-07-14,БЫТ-007,Бытовая химия,3,20,143.07
2026-07-15,БЫТ-007,Бытовая химия,2,18,143.07
2026-07-16,БЫТ-007,Бытовая химия,1,17,143.07
2026-07-17,БЫТ-007,Бытовая химия,1,16,143.07
2026-07-18,БЫТ-007,Бытовая химия,2,14,143.07
2026-07-19,БЫТ-007,Бытовая химия,2,12,143.07
2026-07-20,БЫТ-007,Бытовая химия,4,24,143.07
2026-07-21,БЫТ-007,Бытовая химия,4,20,143.07
2026-07-22,БЫТ-007,Бытовая химия,2,18,143.07
2026-07-23,БЫТ-007,Бытовая химия,5,13,143.07
2026-07-24,БЫТ-007,Бытовая химия,1,12,143.07
2026-07-25,БЫТ-007,Бытовая химия,5,7,143.07
2026-07-26,БЫТ-007,Бытовая химия,2,5,143.07
2026-07-27,БЫТ-007,Бытовая химия,0,28,143.07
2026-07-28,БЫТ-007,Бытовая химия,0,28,143.07
2026-07-29,БЫТ-007,Бытовая химия,0,28,143.07
2026-07-30,БЫТ-007,Бытовая химия,2,26,143.07
2026-07-31,БЫТ-007,Бытовая химия,1,25,143.07
2026-08-01,БЫТ-007,Бытовая химия,1,24,143.07
2026-08-02,БЫТ-007,Бытовая химия,0,24,143.07
2026-08-03,БЫТ-007,Бытовая химия,0,28,143.07
2026-08-04,БЫТ-007,Бытовая химия,6,22,143.07
2026-08-05,БЫТ-007,Бытовая химия,5,17,143.07
2026-08-06,БЫТ-007,Бытовая химия,1,16,143.07
2026-08-07,БЫТ-007,Бытовая химия,5,11,143.07
2026-08-08,БЫТ-007,Бытовая химия,2,9,143.07
2026-08-09,БЫТ-007,Бытовая химия,2,7,143.07
2026-08-10,БЫТ-007,Бытовая химия,3,25,143.07
2026-08-11,БЫТ-007,Бытовая химия,4,21,143.07
2026-08-12,БЫТ-007,Бытовая химия,0,21,143.07
2026-08-13,БЫТ-007,Бытовая химия,1,20,143.07
2026-08-14,БЫТ-007,Бытовая химия,1,19,143.07
2026-08-15,БЫТ-007,Бытовая химия,2,17,143.07
2026-08-16,БЫТ-007,Бытовая химия,3,14,143.07
2026-08-17,БЫТ-007,Бытовая химия,1,27,143.07
2026-08-18,БЫТ-007,Бытовая химия,2,25,143.07
2026-08-19,БЫТ-007,Бытовая химия,1,24,143.07
2026-08-20,БЫТ-007,Бытовая химия,1,23,143.07
2026-08-21,БЫТ-007,Бытовая химия,4,19,143.07
2026-08-22,БЫТ-007,Бытовая химия,1,18,143.07
2026-08-23,БЫТ-007,Бытовая химия,0,18,143.07
2026-08-24,БЫТ-007,Бытовая химия,2,26,143.07
2026-08-25,БЫТ-007,Бытовая химия,0,26,143.07
2026-08-26,БЫТ-007,Бытовая химия,0,26,143.07
2026-08-27,БЫТ-007,Бытовая химия,0,26,143.07
2026-08-28,БЫТ-007,Бытовая химия,1,25,143.07
2026-08-29,БЫТ-007,Бытовая химия,1,24,143.07
2026-08-30,БЫТ-007,Бытовая химия,5,19,143.07
2026-08-31,БЫТ-007,Бытовая химия,3,25,143.07
2026-09-01,БЫТ-007,Бытовая химия,5,20,143.07
2026-09-02,БЫТ-007,Бытовая химия,4,16,143.07
2026-09-03,БЫТ-007,Бытовая химия,1,15,143.07
2026-09-04,БЫТ-007,Бытовая химия,2,13,143.07
2026-09-05,БЫТ-007,Бытовая химия,1,12,143.07
2026-09-06,БЫТ-007,Бытовая химия,3,9,143.07
2026-09-07,БЫТ-007,Бытовая химия,0,28,143.07
2026-09-08,БЫТ-007,Бытовая химия,0,28,143.07
2026-09-09,БЫТ-007,Бытовая химия,1,27,143.07
2026-09-10,БЫТ-007,Бытовая химия,0,27,143.07
2026-09-11,БЫТ-007,Бытовая химия,1,26,143.07
2026-09-12,БЫТ-007,Бытовая химия,1,25,143.07
2026-09-13,БЫТ-007,Бытовая химия,7,18,143.07
2026-09-14,БЫТ-007,Бытовая химия,0,28,143.07
2026-09-15,БЫТ-007,Бытовая химия,0,28,143.07
2026-09-16,БЫТ-007,Бытовая химия,0,28,143.07
2026-09-17,БЫТ-007,Бытовая химия,0,28,143.07
2026-09-18,БЫТ-007,Бытовая химия,0,28,143.07
2026-09-19,БЫТ-007,Бытовая химия,1,27,143.07
2026-09-20,БЫТ-007,Бытовая химия,1,26,143.07
2026-09-21,БЫТ-007,Бытовая химия,0,28,143.07
2026-09-22,БЫТ-007,Бытовая химия,3,25,143.07
2026-09-23,БЫТ-007,Бытовая химия,0,25,143.07
2026-09-24,БЫТ-007,Бытовая химия,3,22,143.07
2026-09-25,БЫТ-007,Бытовая химия,3,19,143.07
2026-09-26,БЫТ-007,Бытовая химия,1,18,143.07
2026-09-27,БЫТ-007,Бытовая химия,1,17,143.07
2026-09-28,БЫТ-007,Бытовая химия,2,26,143.07
2026-09-29,БЫТ-007,Бытовая химия,3,23,143.07
2026-09-30,БЫТ-007,Бытовая химия,6,17,143.07
2025-06-01,БЫТ-008,Бытовая химия,2,34,152.25
2025-06-02,БЫТ-008,Бытовая химия,0,44,152.25
2025-06-03,БЫТ-008,Бытовая химия,3,41,152.25
2025-06-04,БЫТ-008,Бытовая химия,0,41,152.25
2025-06-05,БЫТ-008,Бытовая химия,2,39,152.25
2025-06-06,БЫТ-008,Бытовая химия,3,36,152.25
2025-06-07,БЫТ-008,Бытовая химия,0,36,152.25
2025-06-08,БЫТ-008,Бытовая химия,2,34,152.25
2025-06-09,БЫТ-008,Бытовая химия,2,42,152.25
2025-06-10,БЫТ-008,Бытовая химия,3,39,152.25
2025-06-11,БЫТ-008,Бытовая химия,5,34,152.25
2025-06-12,БЫТ-008,Бытовая химия,1,33,152.25
2025-06-13,БЫТ-008,Бытовая химия,3,30,152.25
2025-06-14,БЫТ-008,Бытовая химия,4,26,152.25
2025-06-15,БЫТ-008,Бытовая химия,1,25,152.25
2025-06-16,БЫТ-008,Бытовая химия,2,42,152.25
2025-06-17,БЫТ-008,Бытовая химия,3,39,152.25
2025-06-18,БЫТ-008,Бытовая химия,3,36,152.25
2025-06-19,БЫТ-008,Бытовая химия,4,32,152.25
2025-06-20,БЫТ-008,Бытовая химия,4,28,152.25
2025-06-21,БЫТ-008,Бытовая химия,2,26,152.25
2025-06-22,БЫТ-008,Бытовая химия,3,23,152.25
2025-06-23,БЫТ-008,Бытовая химия,1,43,152.25
2025-06-24,БЫТ-008,Бытовая химия,1,42,152.25
2025-06-25,БЫТ-008,Бытовая химия,3,39,152.25
2025-06-26,БЫТ-008,Бытовая химия,5,34,152.25
2025-06-27,БЫТ-008,Бытовая химия,2,32,152.25
2025-06-28,БЫТ-008,Бытовая химия,4,28,152.25
2025-06-29,БЫТ-008,Бытовая химия,2,26,152.25
2025-06-30,БЫТ-008,Бытовая химия,1,43,152.25
2025-07-01,БЫТ-008,Бытовая химия,0,43,152.25
2025-07-02,БЫТ-008,Бытовая химия,4,39,152.25
2025-07-03,БЫТ-008,Бытовая химия,1,38,152.25
2025-07-04,БЫТ-008,Бытовая химия,3,35,152.25
2025-07-05,БЫТ-008,Бытовая химия,0,35,152.25
2025-07-06,БЫТ-008,Бытовая химия,0,35,152.25
2025-07-07,БЫТ-008,Бытовая химия,3,41,152.25
2025-07-08,БЫТ-008,Бытовая химия,0,41,152.25
2025-07-09,БЫТ-008,Бытовая химия,1,40,152.25
2025-07-10,БЫТ-008,Бытовая химия,0,40,152.25
2025-07-11,БЫТ-008,Бытовая химия,0,40,152.25
2025-07-12,БЫТ-008,Бытовая химия,2,38,152.25
2025-07-13,БЫТ-008,Бытовая химия,2,36,152.25
2025-07-14,БЫТ-008,Бытовая химия,4,40,152.25
2025-07-15,БЫТ-008,Бытовая химия,1,39,152.25
2025-07-16,БЫТ-008,Бытовая химия,4,35,152.25
2025-07-17,БЫТ-008,Бытовая химия,3,32,152.25
2025-07-18,БЫТ-008,Бытовая химия,1,31,152.25
2025-07-19,БЫТ-008,Бытовая химия,0,31,152.25
2025-07-20,БЫТ-008,Бытовая химия,0,31,152.25
2025-07-21,БЫТ-008,Бытовая химия,3,41,152.25
2025-07-22,БЫТ-008,Бытовая химия,0,41,152.25
2025-07-23,БЫТ-008,Бытовая химия,4,37,152.25
2025-07-24,БЫТ-008,Бытовая химия,1,36,152.25
2025-07-25,БЫТ-008,Бытовая химия,1,35,152.25
2025-07-26,БЫТ-008,Бытовая химия,1,34,152.25
2025-07-27,БЫТ-008,Бытовая химия,2,32,152.25
2025-07-28,БЫТ-008,Бытовая химия,2,42,152.25
2025-07-29,БЫТ-008,Бытовая химия,2,40,152.25
2025-07-30,БЫТ-008,Бытовая химия,4,36,152.25
2025-07-31,БЫТ-008,Бытовая химия,2,34,152.25
2025-08-01,БЫТ-008,Бытовая химия,1,33,152.25
2025-08-02,БЫТ-008,Бытовая химия,4,29,152.25
2025-08-03,БЫТ-008,Бытовая химия,1,28,152.25
2025-08-04,БЫТ-008,Бытовая химия,4,40,152.25
2025-08-05,БЫТ-008,Бытовая химия,0,40,152.25
2025-08-06,БЫТ-008,Бытовая химия,1,39,152.25
2025-08-07,БЫТ-008,Бытовая химия,3,36,152.25
2025-08-08,БЫТ-008,Бытовая химия,3,33,152.25
2025-08-09,БЫТ-008,Бытовая химия,1,32,152.25
2025-08-10,БЫТ-008,Бытовая химия,1,31,152.25
2025-08-11,БЫТ-008,Бытовая химия,0,44,152.25
2025-08-12,БЫТ-008,Бытовая химия,3,41,152.25
2025-08-13,БЫТ-008,Бытовая химия,4,37,152.25
2025-08-14,БЫТ-008,Бытовая химия,2,35,152.25
2025-08-15,БЫТ-008,Бытовая химия,3,32,152.25
2025-08-16,БЫТ-008,Бытовая химия,1,31,152.25
2025-08-17,БЫТ-008,Бытовая химия,3,28,152.25
2025-08-18,БЫТ-008,Бытовая химия,5,39,152.25
2025-08-19,БЫТ-008,Бытовая химия,1,38,152.25
2025-08-20,БЫТ-008,Бытовая химия,1,37,152.25
2025-08-21,БЫТ-008,Бытовая химия,0,37,152.25
2025-08-22,БЫТ-008,Бытовая химия,3,34,152.25
2025-08-23,БЫТ-008,Бытовая химия,3,31,152.25
2025-08-24,БЫТ-008,Бытовая химия,6,25,152.25
2025-08-25,БЫТ-008,Бытовая химия,3,41,152.25
2025-08-26,БЫТ-008,Бытовая химия,2,39,152.25
2025-08-27,БЫТ-008,Бытовая химия,1,38,152.25
2025-08-28,БЫТ-008,Бытовая химия,1,37,152.25
2025-08-29,БЫТ-008,Бытовая химия,2,35,152.25
2025-08-30,БЫТ-008,Бытовая химия,2,33,152.25
2025-08-31,БЫТ-008,Бытовая химия,6,27,152.25
2025-09-01,БЫТ-008,Бытовая химия,0,44,152.25
2025-09-02,БЫТ-008,Бытовая химия,3,41,152.25
2025-09-03,БЫТ-008,Бытовая химия,4,37,152.25
2025-09-04,БЫТ-008,Бытовая химия,3,34,152.25
2025-09-05,БЫТ-008,Бытовая химия,4,30,152.25
2025-09-06,БЫТ-008,Бытовая химия,2,28,152.25
2025-09-07,БЫТ-008,Бытовая химия,4,24,152.25
2025-09-08,БЫТ-008,Бытовая химия,4,40,152.25
2025-09-09,БЫТ-008,Бытовая химия,3,37,152.25
2025-09-10,БЫТ-008,Бытовая химия,0,37,152.25
2025-09-11,БЫТ-008,Бытовая химия,1,36,152.25
2025-09-12,БЫТ-008,Бытовая химия,2,34,152.25
2025-09-13,БЫТ-008,Бытовая химия,2,32,152.25
2025-09-14,БЫТ-008,Бытовая химия,0,32,152.25
2025-09-15,БЫТ-008,Бытовая химия,1,43,152.25
2025-09-16,БЫТ-008,Бытовая химия,3,40,152.25
2025-09-17,БЫТ-008,Бытовая химия,1,39,152.25
2025-09-18,БЫТ-008,Бытовая химия,3,36,152.25
2025-09-19,БЫТ-008,Бытовая химия,3,33,152.25
2025-09-20,БЫТ-008,Бытовая химия,1,32,152.25
2025-09-21,БЫТ-008,Бытовая химия,1,31,152.25
2025-09-22,БЫТ-008,Бытовая химия,3,41,152.25
2025-09-23,БЫТ-008,Бытовая химия,2,39,152.25
2025-09-24,БЫТ-008,Бытовая химия,1,38,152.25
2025-09-25,БЫТ-008,Бытовая химия,3,35,152.25
2025-09-26,БЫТ-008,Бытовая химия,2,33,152.25
2025-09-27,БЫТ-008,Бытовая химия,2,31,152.25
2025-09-28,БЫТ-008,Бытовая химия,0,31,152.25
2025-09-29,БЫТ-008,Бытовая химия,4,40,152.25
2025-09-30,БЫТ-008,Бытовая химия,1,39,152.25
2025-10-01,БЫТ-008,Бытовая химия,2,37,152.25
2025-10-02,БЫТ-008,Бытовая химия,2,35,152.25
2025-10-03,БЫТ-008,Бытовая химия,4,31,152.25
2025-10-04,БЫТ-008,Бытовая химия,1,30,152.25
2025-10-05,БЫТ-008,Бытовая химия,1,29,152.25
2025-10-06,БЫТ-008,Бытовая химия,3,41,152.25
2025-10-07,БЫТ-008,Бытовая химия,2,39,152.25
2025-10-08,БЫТ-008,Бытовая химия,3,36,152.25
2025-10-09,БЫТ-008,Бытовая химия,2,34,152.25
2025-10-10,БЫТ-008,Бытовая химия,2,32,152.25
2025-10-11,БЫТ-008,Бытовая химия,1,31,152.25
2025-10-12,БЫТ-008,Бытовая химия,2,29,152.25
2025-10-13,БЫТ-008,Бытовая химия,2,42,152.25
2025-10-14,БЫТ-008,Бытовая химия,0,42,152.25
2025-10-15,БЫТ-008,Бытовая химия,4,38,152.25
2025-10-16,БЫТ-008,Бытовая химия,2,36,152.25
2025-10-17,БЫТ-008,Бытовая химия,4,32,152.25
2025-10-18,БЫТ-008,Бытовая химия,3,29,152.25
2025-10-19,БЫТ-008,Бытовая химия,3,26,152.25
2025-10-20,БЫТ-008,Бытовая химия,1,43,152.25
2025-10-21,БЫТ-008,Бытовая химия,3,40,152.25
2025-10-22,БЫТ-008,Бытовая химия,1,39,152.25
2025-10-23,БЫТ-008,Бытовая химия,3,36,152.25
2025-10-24,БЫТ-008,Бытовая химия,4,32,152.25
2025-10-25,БЫТ-008,Бытовая химия,0,32,152.25
2025-10-26,БЫТ-008,Бытовая химия,3,29,152.25
2025-10-27,БЫТ-008,Бытовая химия,2,42,152.25
2025-10-28,БЫТ-008,Бытовая химия,1,41,152.25
2025-10-29,БЫТ-008,Бытовая химия,3,38,152.25
2025-10-30,БЫТ-008,Бытовая химия,0,38,152.25
2025-10-31,БЫТ-008,Бытовая химия,6,32,152.25
2025-11-01,БЫТ-008,Бытовая химия,1,31,152.25
2025-11-02,БЫТ-008,Бытовая химия,1,30,152.25
2025-11-03,БЫТ-008,Бытовая химия,1,43,152.25
2025-11-04,БЫТ-008,Бытовая химия,0,43,152.25
2025-11-05,БЫТ-008,Бытовая химия,3,40,152.25
2025-11-06,БЫТ-008,Бытовая химия,1,39,152.25
2025-11-07,БЫТ-008,Бытовая химия,4,35,152.25
2025-11-08,БЫТ-008,Бытовая химия,0,35,152.25
2025-11-09,БЫТ-008,Бытовая химия,2,33,152.25
2025-11-10,БЫТ-008,Бытовая химия,2,42,152.25
2025-11-11,БЫТ-008,Бытовая химия,3,39,152.25
2025-11-12,БЫТ-008,Бытовая химия,3,36,152.25
2025-11-13,БЫТ-008,Бытовая химия,1,35,152.25
2025-11-14,БЫТ-008,Бытовая химия,1,34,152.25
2025-11-15,БЫТ-008,Бытовая химия,1,33,152.25
2025-11-16,БЫТ-008,Бытовая химия,3,30,152.25
2025-11-17,БЫТ-008,Бытовая химия,1,43,152.25
2025-11-18,БЫТ-008,Бытовая химия,3,40,152.25
2025-11-19,БЫТ-008,Бытовая химия,3,37,152.25
2025-11-20,БЫТ-008,Бытовая химия,0,37,152.25
2025-11-21,БЫТ-008,Бытовая химия,3,34,152.25
2025-11-22,БЫТ-008,Бытовая химия,2,32,152.25
2025-11-23,БЫТ-008,Бытовая химия,2,30,152.25
2025-11-24,БЫТ-008,Бытовая химия,2,42,152.25
2025-11-25,БЫТ-008,Бытовая химия,1,41,152.25
2025-11-26,БЫТ-008,Бытовая химия,4,37,152.25
2025-11-27,БЫТ-008,Бытовая химия,0,37,152.25
2025-11-28,БЫТ-008,Бытовая химия,0,37,152.25
2025-11-29,БЫТ-008,Бытовая химия,3,34,152.25
2025-11-30,БЫТ-008,Бытовая химия,2,32,152.25
2025-12-01,БЫТ-008,Бытовая химия,1,43,152.25
2025-12-02,БЫТ-008,Бытовая химия,0,43,152.25
2025-12-03,БЫТ-008,Бытовая химия,4,39,152.25
2025-12-04,БЫТ-008,Бытовая химия,0,39,152.25
2025-12-05,БЫТ-008,Бытовая химия,3,36,152.25
2025-12-06,БЫТ-008,Бытовая химия,0,36,152.25
2025-12-07,БЫТ-008,Бытовая химия,2,34,152.25
2025-12-08,БЫТ-008,Бытовая химия,3,41,152.25
2025-12-09,БЫТ-008,Бытовая химия,4,37,152.25
2025-12-10,БЫТ-008,Бытовая химия,0,37,152.25
2025-12-11,БЫТ-008,Бытовая химия,2,35,152.25
2025-12-12,БЫТ-008,Бытовая химия,0,35,152.25
2025-12-13,БЫТ-008,Бытовая химия,0,35,152.25
2025-12-14,БЫТ-008,Бытовая химия,3,32,152.25
2025-12-15,БЫТ-008,Бытовая химия,5,39,152.25
2025-12-16,БЫТ-008,Бытовая химия,2,37,152.25
2025-12-17,БЫТ-008,Бытовая химия,4,33,152.25
2025-12-18,БЫТ-008,Бытовая химия,1,32,152.25
2025-12-19,БЫТ-008,Бытовая химия,2,30,152.25
2025-12-20,БЫТ-008,Бытовая химия,1,29,152.25
2025-12-21,БЫТ-008,Бытовая химия,0,29,152.25
2025-12-22,БЫТ-008,Бытовая химия,5,39,152.25
2025-12-23,БЫТ-008,Бытовая химия,2,37,152.25
2025-12-24,БЫТ-008,Бытовая химия,3,34,152.25
2025-12-25,БЫТ-008,Бытовая химия,2,32,152.25
2025-12-26,БЫТ-008,Бытовая химия,2,30,152.25
2025-12-27,БЫТ-008,Бытовая химия,1,29,152.25
2025-12-28,БЫТ-008,Бытовая химия,1,28,152.25
2025-12-29,БЫТ-008,Бытовая химия,1,43,152.25
2025-12-30,БЫТ-008,Бытовая химия,0,43,152.25
2025-12-31,БЫТ-008,Бытовая химия,0,43,152.25
2026-01-01,БЫТ-008,Бытовая химия,0,43,152.25
2026-01-02,БЫТ-008,Бытовая химия,3,40,152.25
2026-01-03,БЫТ-008,Бытовая химия,4,36,152.25
2026-01-04,БЫТ-008,Бытовая химия,4,32,152.25
2026-01-05,БЫТ-008,Бытовая химия,1,43,152.25
2026-01-06,БЫТ-008,Бытовая химия,1,42,152.25
2026-01-07,БЫТ-008,Бытовая химия,2,40,152.25
2026-01-08,БЫТ-008,Бытовая химия,2,38,152.25
2026-01-09,БЫТ-008,Бытовая химия,5,33,152.25
2026-01-10,БЫТ-008,Бытовая химия,0,33,152.25
2026-01-11,БЫТ-008,Бытовая химия,0,33,152.25
2026-01-12,БЫТ-008,Бытовая химия,0,44,152.25
2026-01-13,БЫТ-008,Бытовая химия,3,41,152.25
2026-01-14,БЫТ-008,Бытовая химия,4,37,152.25
2026-01-15,БЫТ-008,Бытовая химия,2,35,152.25
2026-01-16,БЫТ-008,Бытовая химия,3,32,152.25
2026-01-17,БЫТ-008,Бытовая химия,0,32,152.25
2026-01-18,БЫТ-008,Бытовая химия,3,29,152.25
2026-01-19,БЫТ-008,Бытовая химия,3,41,152.25
2026-01-20,БЫТ-008,Бытовая химия,4,37,152.25
2026-01-21,БЫТ-008,Бытовая химия,1,36,152.25
2026-01-22,БЫТ-008,Бытовая химия,3,33,152.25
2026-01-23,БЫТ-008,Бытовая химия,0,33,152.25
2026-01-24,БЫТ-008,Бытовая химия,3,30,152.25
2026-01-25,БЫТ-008,Бытовая химия,0,30,152.25
2026-01-26,БЫТ-008,Бытовая химия,3,41,152.25
2026-01-27,БЫТ-008,Бытовая химия,1,40,152.25
2026-01-28,БЫТ-008,Бытовая химия,2,38,152.25
2026-01-29,БЫТ-008,Бытовая химия,4,34,152.25
2026-01-30,БЫТ-008,Бытовая химия,2,32,152.25
2026-01-31,БЫТ-008,Бытовая химия,0,32,152.25
2026-02-01,БЫТ-008,Бытовая химия,2,30,152.25
2026-02-02,БЫТ-008,Бытовая химия,0,44,152.25
2026-02-03,БЫТ-008,Бытовая химия,3,41,152.25
2026-02-04,БЫТ-008,Бытовая химия,1,40,152.25
2026-02-05,БЫТ-008,Бытовая химия,1,39,152.25
2026-02-06,БЫТ-008,Бытовая химия,2,37,152.25
2026-02-07,БЫТ-008,Бытовая химия,1,36,152.25
2026-02-08,БЫТ-008,Бытовая химия,1,35,152.25
2026-02-09,БЫТ-008,Бытовая химия,0,44,152.25
2026-02-10,БЫТ-008,Бытовая химия,0,44,152.25
2026-02-11,БЫТ-008,Бытовая химия,1,43,152.25
2026-02-12,БЫТ-008,Бытовая химия,1,42,152.25
2026-02-13,БЫТ-008,Бытовая химия,3,39,152.25
2026-02-14,БЫТ-008,Бытовая химия,2,37,152.25
2026-02-15,БЫТ-008,Бытовая химия,2,35,152.25
2026-02-16,БЫТ-008,Бытовая химия,3,41,152.25
2026-02-17,БЫТ-008,Бытовая химия,1,40,152.25
2026-02-18,БЫТ-008,Бытовая химия,4,36,152.25
2026-02-19,БЫТ-008,Бытовая химия,3,33,152.25
2026-02-20,БЫТ-008,Бытовая химия,1,32,152.25
2026-02-21,БЫТ-008,Бытовая химия,3,29,152.25
2026-02-22,БЫТ-008,Бытовая химия,2,27,152.25
2026-02-23,БЫТ-008,Бытовая химия,6,38,152.25
2026-02-24,БЫТ-008,Бытовая химия,0,38,152.25
2026-02-25,БЫТ-008,Бытовая химия,1,37,152.25
2026-02-26,БЫТ-008,Бытовая химия,3,34,152.25
2026-02-27,БЫТ-008,Бытовая химия,3,31,152.25
2026-02-28,БЫТ-008,Бытовая химия,3,28,152.25
2026-03-01,БЫТ-008,Бытовая химия,3,25,152.25
2026-03-02,БЫТ-008,Бытовая химия,2,42,152.25
2026-03-03,БЫТ-008,Бытовая химия,1,41,152.25
2026-03-04,БЫТ-008,Бытовая химия,4,37,152.25
2026-03-05,БЫТ-008,Бытовая химия,4,33,152.25
2026-03-06,БЫТ-008,Бытовая химия,2,31,152.25
2026-03-07,БЫТ-008,Бытовая химия,4,27,152.25
2026-03-08,БЫТ-008,Бытовая химия,1,26,152.25
2026-03-09,БЫТ-008,Бытовая химия,1,43,152.25
2026-03-10,БЫТ-008,Бытовая химия,2,41,152.25
2026-03-11,БЫТ-008,Бытовая химия,2,39,152.25
2026-03-12,БЫТ-008,Бытовая химия,0,39,152.25
2026-03-13,БЫТ-008,Бытовая химия,0,39,152.25
2026-03-14,БЫТ-008,Бытовая химия,2,37,152.25
2026-03-15,БЫТ-008,Бытовая химия,3,34,152.25
2026-03-16,БЫТ-008,Бытовая химия,1,43,152.25
2026-03-17,БЫТ-008,Бытовая химия,0,43,152.25
2026-03-18,БЫТ-008,Бытовая химия,1,42,152.25
2026-03-19,БЫТ-008,Бытовая химия,2,40,152.25
2026-03-20,БЫТ-008,Бытовая химия,2,38,152.25
2026-03-21,БЫТ-008,Бытовая химия,3,35,152.25
2026-03-22,БЫТ-008,Бытовая химия,0,35,152.25
2026-03-23,БЫТ-008,Бытовая химия,5,39,152.25
2026-03-24,БЫТ-008,Бытовая химия,2,37,152.25
2026-03-25,БЫТ-008,Бытовая химия,0,37,152.25
2026-03-26,БЫТ-008,Бытовая химия,3,34,152.25
2026-03-27,БЫТ-008,Бытовая химия,1,33,152.25
2026-03-28,БЫТ-008,Бытовая химия,1,32,152.25
2026-03-29,БЫТ-008,Бытовая химия,0,32,152.25
2026-03-30,БЫТ-008,Бытовая химия,2,42,152.25
2026-03-31,БЫТ-008,Бытовая химия,1,41,152.25
2026-04-01,БЫТ-008,Бытовая химия,1,40,152.25
2026-04-02,БЫТ-008,Бытовая химия,1,39,152.25
2026-04-03,БЫТ-008,Бытовая химия,2,37,152.25
2026-04-04,БЫТ-008,Бытовая химия,4,33,152.25
2026-04-05,БЫТ-008,Бытовая химия,1,32,152.25
2026-04-06,БЫТ-008,Бытовая химия,3,41,152.25
2026-04-07,БЫТ-008,Бытовая химия,2,39,152.25
2026-04-08,БЫТ-008,Бытовая химия,2,37,152.25
2026-04-09,БЫТ-008,Бытовая химия,2,35,152.25
2026-04-10,БЫТ-008,Бытовая химия,1,34,152.25
2026-04-11,БЫТ-008,Бытовая химия,2,32,152.25
2026-04-12,БЫТ-008,Бытовая химия,0,32,152.25
2026-04-13,БЫТ-008,Бытовая химия,1,43,152.25
2026-04-14,БЫТ-008,Бытовая химия,2,41,152.25
2026-04-15,БЫТ-008,Бытовая химия,3,38,152.25
2026-04-16,БЫТ-008,Бытовая химия,2,36,152.25
2026-04-17,БЫТ-008,Бытовая химия,4,32,152.25
2026-04-18,БЫТ-008,Бытовая химия,1,31,152.25
2026-04-19,БЫТ-008,Бытовая химия,3,28,152.25
2026-04-20,БЫТ-008,Бытовая химия,1,43,152.25
2026-04-21,БЫТ-008,Бытовая химия,5,38,152.25
2026-04-22,БЫТ-008,Бытовая химия,2,36,152.25
2026-04-23,БЫТ-008,Бытовая химия,3,33,152.25
2026-04-24,БЫТ-008,Бытовая химия,1,32,152.25
2026-04-25,БЫТ-008,Бытовая химия,2,30,152.25
2026-04-26,БЫТ-008,Бытовая химия,1,29,152.25
2026-04-27,БЫТ-008,Бытовая химия,1,43,152.25
2026-04-28,БЫТ-008,Бытовая химия,2,41,152.25
2026-04-29,БЫТ-008,Бытовая химия,3,38,152.25
2026-04-30,БЫТ-008,Бытовая химия,1,37,152.25
2026-05-01,БЫТ-008,Бытовая химия,2,35,152.25
2026-05-02,БЫТ-008,Бытовая химия,2,33,152.25
2026-05-03,БЫТ-008,Бытовая химия,0,33,152.25
2026-05-04,БЫТ-008,Бытовая химия,0,44,152.25
2026-05-05,БЫТ-008,Бытовая химия,1,43,152.25
2026-05-06,БЫТ-008,Бытовая химия,1,42,152.25
2026-05-07,БЫТ-008,Бытовая химия,4,38,152.25
2026-05-08,БЫТ-008,Бытовая химия,3,35,152.25
2026-05-09,БЫТ-008,Бытовая химия,1,34,152.25
2026-05-10,БЫТ-008,Бытовая химия,3,31,152.25
2026-05-11,БЫТ-008,Бытовая химия,3,41,152.25
2026-05-12,БЫТ-008,Бытовая химия,4,37,152.25
2026-05-13,БЫТ-008,Бытовая химия,0,37,152.25
2026-05-14,БЫТ-008,Бытовая химия,0,37,152.25
2026-05-15,БЫТ-008,Бытовая химия,4,33,152.25
2026-05-16,БЫТ-008,Бытовая химия,1,32,152.25
2026-05-17,БЫТ-008,Бытовая химия,3,29,152.25
2026-05-18,БЫТ-008,Бытовая химия,5,39,152.25
2026-05-19,БЫТ-008,Бытовая химия,1,38,152.25
2026-05-20,БЫТ-008,Бытовая химия,4,34,152.25
2026-05-21,БЫТ-008,Бытовая химия,3,31,152.25
2026-05-22,БЫТ-008,Бытовая химия,0,31,152.25
2026-05-23,БЫТ-008,Бытовая химия,4,27,152.25
2026-05-24,БЫТ-008,Бытовая химия,0,27,152.25
2026-05-25,БЫТ-008,Бытовая химия,3,41,152.25
2026-05-26,БЫТ-008,Бытовая химия,2,39,152.25
2026-05-27,БЫТ-008,Бытовая химия,1,38,152.25
2026-05-28,БЫТ-008,Бытовая химия,5,33,152.25
2026-05-29,БЫТ-008,Бытовая химия,1,32,152.25
2026-05-30,БЫТ-008,Бытовая химия,3,29,152.25
2026-05-31,БЫТ-008,Бытовая химия,2,27,152.25
2026-06-01,БЫТ-008,Бытовая химия,2,42,152.25
2026-06-02,БЫТ-008,Бытовая химия,3,39,152.25
2026-06-03,БЫТ-008,Бытовая химия,2,37,152.25
2026-06-04,БЫТ-008,Бытовая химия,6,31,152.25
2026-06-05,БЫТ-008,Бытовая химия,3,28,152.25
2026-06-06,БЫТ-008,Бытовая химия,0,28,152.25
2026-06-07,БЫТ-008,Бытовая химия,3,25,152.25
2026-06-08,БЫТ-008,Бытовая химия,1,43,152.25
2026-06-09,БЫТ-008,Бытовая химия,1,42,152.25
2026-06-10,БЫТ-008,Бытовая химия,1,41,152.25
2026-06-11,БЫТ-008,Бытовая химия,0,41,152.25
2026-06-12,БЫТ-008,Бытовая химия,1,40,152.25
2026-06-13,БЫТ-008,Бытовая химия,0,40,152.25
2026-06-14,БЫТ-008,Бытовая химия,3,37,152.25
2026-06-15,БЫТ-008,Бытовая химия,3,41,152.25
2026-06-16,БЫТ-008,Бытовая химия,1,40,152.25
2026-06-17,БЫТ-008,Бытовая химия,4,36,152.25
2026-06-18,БЫТ-008,Бытовая химия,2,34,152.25
2026-06-19,БЫТ-008,Бытовая химия,2,32,152.25
2026-06-20,БЫТ-008,Бытовая химия,2,30,152.25
2026-06-21,БЫТ-008,Бытовая химия,3,27,152.25
2026-06-22,БЫТ-008,Бытовая химия,2,42,152.25
2026-06-23,БЫТ-008,Бытовая химия,0,42,152.25
2026-06-24,БЫТ-008,Бытовая химия,2,40,152.25
2026-06-25,БЫТ-008,Бытовая химия,0,40,152.25
2026-06-26,БЫТ-008,Бытовая химия,5,35,152.25
2026-06-27,БЫТ-008,Бытовая химия,1,34,152.25
2026-06-28,БЫТ-008,Бытовая химия,3,31,152.25
2026-06-29,БЫТ-008,Бытовая химия,2,42,152.25
2026-06-30,БЫТ-008,Бытовая химия,2,40,152.25
2026-07-01,БЫТ-008,Бытовая химия,0,40,152.25
2026-07-02,БЫТ-008,Бытовая химия,6,34,152.25
2026-07-03,БЫТ-008,Бытовая химия,3,31,152.25
2026-07-04,БЫТ-008,Бытовая химия,0,31,152.25
2026-07-05,БЫТ-008,Бытовая химия,2,29,152.25
2026-07-06,БЫТ-008,Бытовая химия,1,43,152.25
2026-07-07,БЫТ-008,Бытовая химия,5,38,152.25
2026-07-08,БЫТ-008,Бытовая химия,3,35,152.25
2026-07-09,БЫТ-008,Бытовая химия,0,35,152.25
2026-07-10,БЫТ-008,Бытовая химия,1,34,152.25
2026-07-11,БЫТ-008,Бытовая химия,2,32,152.25
2026-07-12,БЫТ-008,Бытовая химия,2,30,152.25
2026-07-13,БЫТ-008,Бытовая химия,0,44,152.25
2026-07-14,БЫТ-008,Бытовая химия,0,44,152.25
2026-07-15,БЫТ-008,Бытовая химия,1,43,152.25
2026-07-16,БЫТ-008,Бытовая химия,2,41,152.25
2026-07-17,БЫТ-008,Бытовая химия,1,40,152.25
2026-07-18,БЫТ-008,Бытовая химия,1,39,152.25
2026-07-19,БЫТ-008,Бытовая химия,2,37,152.25
2026-07-20,БЫТ-008,Бытовая химия,3,41,152.25
2026-07-21,БЫТ-008,Бытовая химия,2,39,152.25
2026-07-22,БЫТ-008,Бытовая химия,3,36,152.25
2026-07-23,БЫТ-008,Бытовая химия,0,36,152.25
2026-07-24,БЫТ-008,Бытовая химия,2,34,152.25
2026-07-25,БЫТ-008,Бытовая химия,4,30,152.25
2026-07-26,БЫТ-008,Бытовая химия,3,27,152.25
2026-07-27,БЫТ-008,Бытовая химия,3,41,152.25
2026-07-28,БЫТ-008,Бытовая химия,0,41,152.25
2026-07-29,БЫТ-008,Бытовая химия,1,40,152.25
2026-07-30,БЫТ-008,Бытовая химия,2,38,152.25
2026-07-31,БЫТ-008,Бытовая химия,2,36,152.25
2026-08-01,БЫТ-008,Бытовая химия,2,34,152.25
2026-08-02,БЫТ-008,Бытовая химия,2,32,152.25
2026-08-03,БЫТ-008,Бытовая химия,1,43,152.25
2026-08-04,БЫТ-008,Бытовая химия,2,41,152.25
2026-08-05,БЫТ-008,Бытовая химия,4,37,152.25
2026-08-06,БЫТ-008,Бытовая химия,5,32,152.25
2026-08-07,БЫТ-008,Бытовая химия,4,28,152.25
2026-08-08,БЫТ-008,Бытовая химия,4,24,152.25
2026-08-09,БЫТ-008,Бытовая химия,1,23,152.25
2026-08-10,БЫТ-008,Бытовая химия,3,41,152.25
2026-08-11,БЫТ-008,Бытовая химия,2,39,152.25
2026-08-12,БЫТ-008,Бытовая химия,1,38,152.25
2026-08-13,БЫТ-008,Бытовая химия,2,36,152.25
2026-08-14,БЫТ-008,Бытовая химия,0,36,152.25
2026-08-15,БЫТ-008,Бытовая химия,1,35,152.25
2026-08-16,БЫТ-008,Бытовая химия,3,32,152.25
2026-08-17,БЫТ-008,Бытовая химия,2,42,152.25
2026-08-18,БЫТ-008,Бытовая химия,7,35,152.25
2026-08-19,БЫТ-008,Бытовая химия,3,32,152.25
2026-08-20,БЫТ-008,Бытовая химия,2,30,152.25
2026-08-21,БЫТ-008,Бытовая химия,0,30,152.25
2026-08-22,БЫТ-008,Бытовая химия,1,29,152.25
2026-08-23,БЫТ-008,Бытовая химия,2,27,152.25
2026-08-24,БЫТ-008,Бытовая химия,3,41,152.25
2026-08-25,БЫТ-008,Бытовая химия,0,41,152.25
2026-08-26,БЫТ-008,Бытовая химия,5,36,152.25
2026-08-27,БЫТ-008,Бытовая химия,0,36,152.25
2026-08-28,БЫТ-008,Бытовая химия,0,36,152.25
2026-08-29,БЫТ-008,Бытовая химия,3,33,152.25
2026-08-30,БЫТ-008,Бытовая химия,3,30,152.25
2026-08-31,БЫТ-008,Бытовая химия,0,44,152.25
2026-09-01,БЫТ-008,Бытовая химия,1,43,152.25
2026-09-02,БЫТ-008,Бытовая химия,4,39,152.25
2026-09-03,БЫТ-008,Бытовая химия,1,38,152.25
2026-09-04,БЫТ-008,Бытовая химия,0,38,152.25
2026-09-05,БЫТ-008,Бытовая химия,2,36,152.25
2026-09-06,БЫТ-008,Бытовая химия,2,34,152.25
2026-09-07,БЫТ-008,Бытовая химия,3,41,152.25
2026-09-08,БЫТ-008,Бытовая химия,1,40,152.25
2026-09-09,БЫТ-008,Бытовая химия,2,38,152.25
2026-09-10,БЫТ-008,Бытовая химия,3,35,152.25
2026-09-11,БЫТ-008,Бытовая химия,6,29,152.25
2026-09-12,БЫТ-008,Бытовая химия,3,26,152.25
2026-09-13,БЫТ-008,Бытовая химия,0,26,152.25
2026-09-14,БЫТ-008,Бытовая химия,1,43,152.25
2026-09-15,БЫТ-008,Бытовая химия,3,40,152.25
2026-09-16,БЫТ-008,Бытовая химия,1,39,152.25
2026-09-17,БЫТ-008,Бытовая химия,1,38,152.25
2026-09-18,БЫТ-008,Бытовая химия,0,38,152.25
2026-09-19,БЫТ-008,Бытовая химия,1,37,152.25
2026-09-20,БЫТ-008,Бытовая химия,0,37,152.25
2026-09-21,БЫТ-008,Бытовая химия,4,40,152.25
2026-09-22,БЫТ-008,Бытовая химия,2,38,152.25
2026-09-23,БЫТ-008,Бытовая химия,5,33,152.25
2026-09-24,БЫТ-008,Бытовая химия,1,32,152.25
2026-09-25,БЫТ-008,Бытовая химия,1,31,152.25
2026-09-26,БЫТ-008,Бытовая химия,3,28,152.25
2026-09-27,БЫТ-008,Бытовая химия,2,26,152.25
2026-09-28,БЫТ-008,Бытовая химия,0,44,152.25
2026-09-29,БЫТ-008,Бытовая химия,2,42,152.25
2026-09-30,БЫТ-008,Бытовая химия,2,40,152.25
2025-06-01,БЫТ-009,Бытовая химия,2,15,104.46
2025-06-02,БЫТ-009,Бытовая химия,0,18,104.46
2025-06-03,БЫТ-009,Бытовая химия,0,18,104.46
2025-06-04,БЫТ-009,Бытовая химия,2,16,104.46
2025-06-05,БЫТ-009,Бытовая химия,0,16,104.46
2025-06-06,БЫТ-009,Бытовая химия,0,16,104.46
2025-06-07,БЫТ-009,Бытовая химия,2,14,104.46
2025-06-08,БЫТ-009,Бытовая химия,1,13,104.46
2025-06-09,БЫТ-009,Бытовая химия,0,18,104.46
2025-06-10,БЫТ-009,Бытовая химия,3,15,104.46
2025-06-11,БЫТ-009,Бытовая химия,1,14,104.46
2025-06-12,БЫТ-009,Бытовая химия,2,12,104.46
2025-06-13,БЫТ-009,Бытовая химия,0,12,104.46
2025-06-14,БЫТ-009,Бытовая химия,0,12,104.46
2025-06-15,БЫТ-009,Бытовая химия,0,12,104.46
2025-06-16,БЫТ-009,Бытовая химия,0,18,104.46
2025-06-17,БЫТ-009,Бытовая химия,0,18,104.46
2025-06-18,БЫТ-009,Бытовая химия,0,18,104.46
2025-06-19,БЫТ-009,Бытовая химия,2,16,104.46
2025-06-20,БЫТ-009,Бытовая химия,1,15,104.46
2025-06-21,БЫТ-009,Бытовая химия,0,15,104.46
2025-06-22,БЫТ-009,Бытовая химия,1,14,104.46
2025-06-23,БЫТ-009,Бытовая химия,0,18,104.46
2025-06-24,БЫТ-009,Бытовая химия,0,18,104.46
2025-06-25,БЫТ-009,Бытовая химия,0,18,104.46
2025-06-26,БЫТ-009,Бытовая химия,0,18,104.46
2025-06-27,БЫТ-009,Бытовая химия,3,15,104.46
2025-06-28,БЫТ-009,Бытовая химия,0,15,104.46
2025-06-29,БЫТ-009,Бытовая химия,1,14,104.46
2025-06-30,БЫТ-009,Бытовая химия,3,15,104.46
2025-07-01,БЫТ-009,Бытовая химия,0,15,104.46
2025-07-02,БЫТ-009,Бытовая химия,0,15,104.46
2025-07-03,БЫТ-009,Бытовая химия,0,15,104.46
2025-07-04,БЫТ-009,Бытовая химия,1,14,104.46
2025-07-05,БЫТ-009,Бытовая химия,0,14,104.46
2025-07-06,БЫТ-009,Бытовая химия,0,14,104.46
2025-07-07,БЫТ-009,Бытовая химия,0,18,104.46
2025-07-08,БЫТ-009,Бытовая химия,6,12,104.46
2025-07-09,БЫТ-009,Бытовая химия,0,12,104.46
2025-07-10,БЫТ-009,Бытовая химия,0,12,104.46
2025-07-11,БЫТ-009,Бытовая химия,0,12,104.46
2025-07-12,БЫТ-009,Бытовая химия,2,10,104.46
2025-07-13,БЫТ-009,Бытовая химия,0,10,104.46
2025-07-14,БЫТ-009,Бытовая химия,0,18,104.46
2025-07-15,БЫТ-009,Бытовая химия,2,16,104.46
2025-07-16,БЫТ-009,Бытовая химия,1,15,104.46
2025-07-17,БЫТ-009,Бытовая химия,2,13,104.46
2025-07-18,БЫТ-009,Бытовая химия,2,11,104.46
2025-07-19,БЫТ-009,Бытовая химия,2,9,104.46
2025-07-20,БЫТ-009,Бытовая химия,3,6,104.46
2025-07-21,БЫТ-009,Бытовая химия,0,18,104.46
2025-07-22,БЫТ-009,Бытовая химия,5,13,104.46
2025-07-23,БЫТ-009,Бытовая химия,0,13,104.46
2025-07-24,БЫТ-009,Бытовая химия,0,13,104.46
2025-07-25,БЫТ-009,Бытовая химия,2,11,104.46
2025-07-26,БЫТ-009,Бытовая химия,1,10,104.46
2025-07-27,БЫТ-009,Бытовая химия,0,10,104.46
2025-07-28,БЫТ-009,Бытовая химия,0,18,104.46
2025-07-29,БЫТ-009,Бытовая химия,0,18,104.46
2025-07-30,БЫТ-009,Бытовая химия,0,18,104.46
2025-07-31,БЫТ-009,Бытовая химия,0,18,104.46
2025-08-01,БЫТ-009,Бытовая химия,4,14,104.46
2025-08-02,БЫТ-009,Бытовая химия,0,14,104.46
2025-08-03,БЫТ-009,Бытовая химия,1,13,104.46
2025-08-04,БЫТ-009,Бытовая химия,1,17,104.46
2025-08-05,БЫТ-009,Бытовая химия,1,16,104.46
2025-08-06,БЫТ-009,Бытовая химия,0,16,104.46
2025-08-07,БЫТ-009,Бытовая химия,2,14,104.46
2025-08-08,БЫТ-009,Бытовая химия,0,14,104.46
2025-08-09,БЫТ-009,Бытовая химия,0,14,104.46
2025-08-10,БЫТ-009,Бытовая химия,3,11,104.46
2025-08-11,БЫТ-009,Бытовая химия,3,15,104.46
2025-08-12,БЫТ-009,Бытовая химия,0,15,104.46
2025-08-13,БЫТ-009,Бытовая химия,0,15,104.46
2025-08-14,БЫТ-009,Бытовая химия,0,15,104.46
2025-08-15,БЫТ-009,Бытовая химия,4,11,104.46
2025-08-16,БЫТ-009,Бытовая химия,0,11,104.46
2025-08-17,БЫТ-009,Бытовая химия,0,11,104.46
2025-08-18,БЫТ-009,Бытовая химия,2,16,104.46
2025-08-19,БЫТ-009,Бытовая химия,0,16,104.46
2025-08-20,БЫТ-009,Бытовая химия,0,16,104.46
2025-08-21,БЫТ-009,Бытовая химия,0,16,104.46
2025-08-22,БЫТ-009,Бытовая химия,0,16,104.46
2025-08-23,БЫТ-009,Бытовая химия,1,15,104.46
2025-08-24,БЫТ-009,Бытовая химия,1,14,104.46
2025-08-25,БЫТ-009,Бытовая химия,0,18,104.46
2025-08-26,БЫТ-009,Бытовая химия,0,18,104.46
2025-08-27,БЫТ-009,Бытовая химия,2,16,104.46
2025-08-28,БЫТ-009,Бытовая химия,0,16,104.46
2025-08-29,БЫТ-009,Бытовая химия,0,16,104.46
2025-08-30,БЫТ-009,Бытовая химия,2,14,104.46
2025-08-31,БЫТ-009,Бытовая химия,0,14,104.46
2025-09-01,БЫТ-009,Бытовая химия,0,18,104.46
2025-09-02,БЫТ-009,Бытовая химия,0,18,104.46
2025-09-03,БЫТ-009,Бытовая химия,6,12,104.46
2025-09-04,БЫТ-009,Бытовая химия,0,12,104.46
2025-09-05,БЫТ-009,Бытовая химия,0,12,104.46
2025-09-06,БЫТ-009,Бытовая химия,0,12,104.46
2025-09-07,БЫТ-009,Бытовая химия,4,8,104.46
2025-09-08,БЫТ-009,Бытовая химия,0,18,104.46
2025-09-09,БЫТ-009,Бытовая химия,0,18,104.46
2025-09-10,БЫТ-009,Бытовая химия,0,18,104.46
2025-09-11,БЫТ-009,Бытовая химия,0,18,104.46
2025-09-12,БЫТ-009,Бытовая химия,3,15,104.46
2025-09-13,БЫТ-009,Бытовая химия,0,15,104.46
2025-09-14,БЫТ-009,Бытовая химия,0,15,104.46
2025-09-15,БЫТ-009,Бытовая химия,3,15,104.46
2025-09-16,БЫТ-009,Бытовая химия,0,15,104.46
2025-09-17,БЫТ-009,Бытовая химия,0,15,104.46
2025-09-18,БЫТ-009,Бытовая химия,5,10,104.46
2025-09-19,БЫТ-009,Бытовая химия,0,10,104.46
2025-09-20,БЫТ-009,Бытовая химия,0,10,104.46
2025-09-21,БЫТ-009,Бытовая химия,0,10,104.46
2025-09-22,БЫТ-009,Бытовая химия,0,18,104.46
2025-09-23,БЫТ-009,Бытовая химия,0,18,104.46
2025-09-24,БЫТ-009,Бытовая химия,0,18,104.46
2025-09-25,БЫТ-009,Бытовая химия,2,16,104.46
2025-09-26,БЫТ-009,Бытовая химия,0,16,104.46
2025-09-27,БЫТ-009,Бытовая химия,0,16,104.46
2025-09-28,БЫТ-009,Бытовая химия,3,13,104.46
2025-09-29,БЫТ-009,Бытовая химия,0,18,104.46
2025-09-30,БЫТ-009,Бытовая химия,0,18,104.46
2025-10-01,БЫТ-009,Бытовая химия,0,18,104.46
2025-10-02,БЫТ-009,Бытовая химия,0,18,104.46
2025-10-03,БЫТ-009,Бытовая химия,2,16,104.46
2025-10-04,БЫТ-009,Бытовая химия,1,15,104.46
2025-10-05,БЫТ-009,Бытовая химия,0,15,104.46
2025-10-06,БЫТ-009,Бытовая химия,0,18,104.46
2025-10-07,БЫТ-009,Бытовая химия,0,18,104.46
2025-10-08,БЫТ-009,Бытовая химия,0,18,104.46
2025-10-09,БЫТ-009,Бытовая химия,0,18,104.46
2025-10-10,БЫТ-009,Бытовая химия,1,17,104.46
2025-10-11,БЫТ-009,Бытовая химия,0,17,104.46
2025-10-12,БЫТ-009,Бытовая химия,0,17,104.46
2025-10-13,БЫТ-009,Бытовая химия,1,17,104.46
2025-10-14,БЫТ-009,Бытовая химия,0,17,104.46
2025-10-15,БЫТ-009,Бытовая химия,0,17,104.46
2025-10-16,БЫТ-009,Бытовая химия,0,17,104.46
2025-10-17,БЫТ-009,Бытовая химия,0,17,104.46
2025-10-18,БЫТ-009,Бытовая химия,2,15,104.46
2025-10-19,БЫТ-009,Бытовая химия,0,15,104.46
2025-10-20,БЫТ-009,Бытовая химия,0,18,104.46
2025-10-21,БЫТ-009,Бытовая химия,0,18,104.46
2025-10-22,БЫТ-009,Бытовая химия,1,17,104.46
2025-10-23,БЫТ-009,Бытовая химия,0,17,104.46
2025-10-24,БЫТ-009,Бытовая химия,0,17,104.46
2025-10-25,БЫТ-009,Бытовая химия,0,17,104.46
2025-10-26,БЫТ-009,Бытовая химия,2,15,104.46
2025-10-27,БЫТ-009,Бытовая химия,0,18,104.46
2025-10-28,БЫТ-009,Бытовая химия,1,17,104.46
2025-10-29,БЫТ-009,Бытовая химия,0,17,104.46
2025-10-30,БЫТ-009,Бытовая химия,4,13,104.46
2025-10-31,БЫТ-009,Бытовая химия,8,5,104.46
2025-11-01,БЫТ-009,Бытовая химия,0,5,104.46
2025-11-02,БЫТ-009,Бытовая химия,0,5,104.46
2025-11-03,БЫТ-009,Бытовая химия,0,18,104.46
2025-11-04,БЫТ-009,Бытовая химия,1,17,104.46
2025-11-05,БЫТ-009,Бытовая химия,1,16,104.46
2025-11-06,БЫТ-009,Бытовая химия,0,16,104.46
2025-11-07,БЫТ-009,Бытовая химия,0,16,104.46
2025-11-08,БЫТ-009,Бытовая химия,4,12,104.46
2025-11-09,БЫТ-009,Бытовая химия,0,12,104.46
2025-11-10,БЫТ-009,Бытовая химия,3,15,104.46
2025-11-11,БЫТ-009,Бытовая химия,0,15,104.46
2025-11-12,БЫТ-009,Бытовая химия,1,14,104.46
2025-11-13,БЫТ-009,Бытовая химия,6,8,104.46
2025-11-14,БЫТ-009,Бытовая химия,0,8,104.46
2025-11-15,БЫТ-009,Бытовая химия,2,6,104.46
2025-11-16,БЫТ-009,Бытовая химия,0,6,104.46
2025-11-17,БЫТ-009,Бытовая химия,0,18,104.46
2025-11-18,БЫТ-009,Бытовая химия,1,17,104.46
2025-11-19,БЫТ-009,Бытовая химия,0,17,104.46
2025-11-20,БЫТ-009,Бытовая химия,1,16,104.46
2025-11-21,БЫТ-009,Бытовая химия,5,11,104.46
2025-11-22,БЫТ-009,Бытовая химия,4,7,104.46
2025-11-23,БЫТ-009,Бытовая химия,4,3,104.46
2025-11-24,БЫТ-009,Бытовая химия,0,18,104.46
2025-11-25,БЫТ-009,Бытовая химия,2,16,104.46
2025-11-26,БЫТ-009,Бытовая химия,1,15,104.46
2025-11-27,БЫТ-009,Бытовая химия,0,15,104.46
2025-11-28,БЫТ-009,Бытовая химия,0,15,104.46
2025-11-29,БЫТ-009,Бытовая химия,0,15,104.46
2025-11-30,БЫТ-009,Бытовая химия,1,14,104.46
2025-12-01,БЫТ-009,Бытовая химия,1,17,104.46
2025-12-02,БЫТ-009,Бытовая химия,0,17,104.46
2025-12-03,БЫТ-009,Бытовая химия,0,17,104.46
2025-12-04,БЫТ-009,Бытовая химия,2,15,104.46
2025-12-05,БЫТ-009,Бытовая химия,1,14,104.46
2025-12-06,БЫТ-009,Бытовая химия,0,14,104.46
2025-12-07,БЫТ-009,Бытовая химия,2,12,104.46
2025-12-08,БЫТ-009,Бытовая химия,0,18,104.46
2025-12-09,БЫТ-009,Бытовая химия,0,18,104.46
2025-12-10,БЫТ-009,Бытовая химия,0,18,104.46
2025-12-11,БЫТ-009,Бытовая химия,0,18,104.46
2025-12-12,БЫТ-009,Бытовая химия,0,18,104.46
2025-12-13,БЫТ-009,Бытовая химия,3,15,104.46
2025-12-14,БЫТ-009,Бытовая химия,4,11,104.46
2025-12-15,БЫТ-009,Бытовая химия,0,18,104.46
2025-12-16,БЫТ-009,Бытовая химия,0,18,104.46
2025-12-17,БЫТ-009,Бытовая химия,0,18,104.46
2025-12-18,БЫТ-009,Бытовая химия,0,18,104.46
2025-12-19,БЫТ-009,Бытовая химия,0,18,104.46
2025-12-20,БЫТ-009,Бытовая химия,2,16,104.46
2025-12-21,БЫТ-009,Бытовая химия,0,16,104.46
2025-12-22,БЫТ-009,Бытовая химия,0,18,104.46
2025-12-23,БЫТ-009,Бытовая химия,0,18,104.46
2025-12-24,БЫТ-009,Бытовая химия,2,16,104.46
2025-12-25,БЫТ-009,Бытовая химия,0,16,104.46
2025-12-26,БЫТ-009,Бытовая химия,1,15,104.46
2025-12-27,БЫТ-009,Бытовая химия,1,14,104.46
2025-12-28,БЫТ-009,Бытовая химия,1,13,104.46
2025-12-29,БЫТ-009,Бытовая химия,0,18,104.46
2025-12-30,БЫТ-009,Бытовая химия,5,13,104.46
2025-12-31,БЫТ-009,Бытовая химия,0,13,104.46
2026-01-01,БЫТ-009,Бытовая химия,0,13,104.46
2026-01-02,БЫТ-009,Бытовая химия,0,13,104.46
2026-01-03,БЫТ-009,Бытовая химия,0,13,104.46
2026-01-04,БЫТ-009,Бытовая химия,0,13,104.46
2026-01-05,БЫТ-009,Бытовая химия,0,18,104.46
2026-01-06,БЫТ-009,Бытовая химия,2,16,104.46
2026-01-07,БЫТ-009,Бытовая химия,0,16,104.46
2026-01-08,БЫТ-009,Бытовая химия,1,15,104.46
2026-01-09,БЫТ-009,Бытовая химия,5,10,104.46
2026-01-10,БЫТ-009,Бытовая химия,0,10,104.46
2026-01-11,БЫТ-009,Бытовая химия,3,7,104.46
2026-01-12,БЫТ-009,Бытовая химия,0,18,104.46
2026-01-13,БЫТ-009,Бытовая химия,3,15,104.46
2026-01-14,БЫТ-009,Бытовая химия,0,15,104.46
2026-01-15,БЫТ-009,Бытовая химия,0,15,104.46
2026-01-16,БЫТ-009,Бытовая химия,0,15,104.46
2026-01-17,БЫТ-009,Бытовая химия,1,14,104.46
2026-01-18,БЫТ-009,Бытовая химия,0,14,104.46
2026-01-19,БЫТ-009,Бытовая химия,0,18,104.46
2026-01-20,БЫТ-009,Бытовая химия,0,18,104.46
2026-01-21,БЫТ-009,Бытовая химия,2,16,104.46
2026-01-22,БЫТ-009,Бытовая химия,2,14,104.46
2026-01-23,БЫТ-009,Бытовая химия,0,14,104.46
2026-01-24,БЫТ-009,Бытовая химия,0,14,104.46
2026-01-25,БЫТ-009,Бытовая химия,2,12,104.46
2026-01-26,БЫТ-009,Бытовая химия,0,18,104.46
2026-01-27,БЫТ-009,Бытовая химия,1,17,104.46
2026-01-28,БЫТ-009,Бытовая химия,0,17,104.46
2026-01-29,БЫТ-009,Бытовая химия,0,17,104.46
2026-01-30,БЫТ-009,Бытовая химия,0,17,104.46
2026-01-31,БЫТ-009,Бытовая химия,0,17,104.46
2026-02-01,БЫТ-009,Бытовая химия,1,16,104.46
2026-02-02,БЫТ-009,Бытовая химия,0,18,104.46
2026-02-03,БЫТ-009,Бытовая химия,0,18,104.46
2026-02-04,БЫТ-009,Бытовая химия,1,17,104.46
2026-02-05,БЫТ-009,Бытовая химия,0,17,104.46
2026-02-06,БЫТ-009,Бытовая химия,0,17,104.46
2026-02-07,БЫТ-009,Бытовая химия,3,14,104.46
2026-02-08,БЫТ-009,Бытовая химия,0,14,104.46
2026-02-09,БЫТ-009,Бытовая химия,3,15,104.46
2026-02-10,БЫТ-009,Бытовая химия,0,15,104.46
2026-02-11,БЫТ-009,Бытовая химия,0,15,104.46
2026-02-12,БЫТ-009,Бытовая химия,3,12,104.46
2026-02-13,БЫТ-009,Бытовая химия,0,12,104.46
2026-02-14,БЫТ-009,Бытовая химия,0,12,104.46
2026-02-15,БЫТ-009,Бытовая химия,0,12,104.46
2026-02-16,БЫТ-009,Бытовая химия,0,18,104.46
2026-02-17,БЫТ-009,Бытовая химия,0,18,104.46
2026-02-18,БЫТ-009,Бытовая химия,0,18,104.46
2026-02-19,БЫТ-009,Бытовая химия,0,18,104.46
2026-02-20,БЫТ-009,Бытовая химия,0,18,104.46
2026-02-21,БЫТ-009,Бытовая химия,0,18,104.46
2026-02-22,БЫТ-009,Бытовая химия,2,16,104.46
2026-02-23,БЫТ-009,Бытовая химия,4,14,104.46
2026-02-24,БЫТ-009,Бытовая химия,1,13,104.46
2026-02-25,БЫТ-009,Бытовая химия,0,13,104.46
2026-02-26,БЫТ-009,Бытовая химия,0,13,104.46
2026-02-27,БЫТ-009,Бытовая химия,3,10,104.46
2026-02-28,БЫТ-009,Бытовая химия,2,8,104.46
2026-03-01,БЫТ-009,Бытовая химия,7,1,104.46
2026-03-02,БЫТ-009,Бытовая химия,0,18,104.46
2026-03-03,БЫТ-009,Бытовая химия,0,18,104.46
2026-03-04,БЫТ-009,Бытовая химия,2,16,104.46
2026-03-05,БЫТ-009,Бытовая химия,4,12,104.46
2026-03-06,БЫТ-009,Бытовая химия,3,9,104.46
2026-03-07,БЫТ-009,Бытовая химия,1,8,104.46
2026-03-08,БЫТ-009,Бытовая химия,0,8,104.46
2026-03-09,БЫТ-009,Бытовая химия,0,18,104.46
2026-03-10,БЫТ-009,Бытовая химия,1,17,104.46
2026-03-11,БЫТ-009,Бытовая химия,0,17,104.46
2026-03-12,БЫТ-009,Бытовая химия,0,17,104.46
2026-03-13,БЫТ-009,Бытовая химия,0,17,104.46
2026-03-14,БЫТ-009,Бытовая химия,0,17,104.46
2026-03-15,БЫТ-009,Бытовая химия,0,17,104.46
2026-03-16,БЫТ-009,Бытовая химия,1,17,104.46
2026-03-17,БЫТ-009,Бытовая химия,0,17,104.46
2026-03-18,БЫТ-009,Бытовая химия,5,12,104.46
2026-03-19,БЫТ-009,Бытовая химия,0,12,104.46
2026-03-20,БЫТ-009,Бытовая химия,0,12,104.46
2026-03-21,БЫТ-009,Бытовая химия,2,10,104.46
2026-03-22,БЫТ-009,Бытовая химия,0,10,104.46
2026-03-23,БЫТ-009,Бытовая химия,0,18,104.46
2026-03-24,БЫТ-009,Бытовая химия,4,14,104.46
2026-03-25,БЫТ-009,Бытовая химия,5,9,104.46
2026-03-26,БЫТ-009,Бытовая химия,0,9,104.46
2026-03-27,БЫТ-009,Бытовая химия,0,9,104.46
2026-03-28,БЫТ-009,Бытовая химия,1,8,104.46
2026-03-29,БЫТ-009,Бытовая химия,0,8,104.46
2026-03-30,БЫТ-009,Бытовая химия,0,18,104.46
2026-03-31,БЫТ-009,Бытовая химия,0,18,104.46
2026-04-01,БЫТ-009,Бытовая химия,0,18,104.46
2026-04-02,БЫТ-009,Бытовая химия,0,18,104.46
2026-04-03,БЫТ-009,Бытовая химия,2,16,104.46
2026-04-04,БЫТ-009,Бытовая химия,0,16,104.46
2026-04-05,БЫТ-009,Бытовая химия,1,15,104.46
2026-04-06,БЫТ-009,Бытовая химия,0,18,104.46
2026-04-07,БЫТ-009,Бытовая химия,1,17,104.46
2026-04-08,БЫТ-009,Бытовая химия,2,15,104.46
2026-04-09,БЫТ-009,Бытовая химия,1,14,104.46
2026-04-10,БЫТ-009,Бытовая химия,3,11,104.46
2026-04-11,БЫТ-009,Бытовая химия,0,11,104.46
2026-04-12,БЫТ-009,Бытовая химия,0,11,104.46
2026-04-13,БЫТ-009,Бытовая химия,2,16,104.46
2026-04-14,БЫТ-009,Бытовая химия,1,15,104.46
2026-04-15,БЫТ-009,Бытовая химия,2,13,104.46
2026-04-16,БЫТ-009,Бытовая химия,3,10,104.46
2026-04-17,БЫТ-009,Бытовая химия,0,10,104.46
2026-04-18,БЫТ-009,Бытовая химия,0,10,104.46
2026-04-19,БЫТ-009,Бытовая химия,3,7,104.46
2026-04-20,БЫТ-009,Бытовая химия,0,18,104.46
2026-04-21,БЫТ-009,Бытовая химия,0,18,104.46
2026-04-22,БЫТ-009,Бытовая химия,6,12,104.46
2026-04-23,БЫТ-009,Бытовая химия,0,12,104.46
2026-04-24,БЫТ-009,Бытовая химия,4,8,104.46
2026-04-25,БЫТ-009,Бытовая химия,2,6,104.46
2026-04-26,БЫТ-009,Бытовая химия,1,5,104.46
2026-04-27,БЫТ-009,Бытовая химия,3,15,104.46
2026-04-28,БЫТ-009,Бытовая химия,6,9,104.46
2026-04-29,БЫТ-009,Бытовая химия,0,9,104.46
2026-04-30,БЫТ-009,Бытовая химия,1,8,104.46
2026-05-01,БЫТ-009,Бытовая химия,0,8,104.46
2026-05-02,БЫТ-009,Бытовая химия,4,4,104.46
2026-05-03,БЫТ-009,Бытовая химия,2,2,104.46
2026-05-04,БЫТ-009,Бытовая химия,1,17,104.46
2026-05-05,БЫТ-009,Бытовая химия,0,17,104.46
2026-05-06,БЫТ-009,Бытовая химия,0,17,104.46
2026-05-07,БЫТ-009,Бытовая химия,2,15,104.46
2026-05-08,БЫТ-009,Бытовая химия,0,15,104.46
2026-05-09,БЫТ-009,Бытовая химия,0,15,104.46
2026-05-10,БЫТ-009,Бытовая химия,2,13,104.46
2026-05-11,БЫТ-009,Бытовая химия,1,17,104.46
2026-05-12,БЫТ-009,Бытовая химия,0,17,104.46
2026-05-13,БЫТ-009,Бытовая химия,0,17,104.46
2026-05-14,БЫТ-009,Бытовая химия,0,17,104.46
2026-05-15,БЫТ-009,Бытовая химия,0,17,104.46
2026-05-16,БЫТ-009,Бытовая химия,0,17,104.46
2026-05-17,БЫТ-009,Бытовая химия,1,16,104.46
2026-05-18,БЫТ-009,Бытовая химия,2,16,104.46
2026-05-19,БЫТ-009,Бытовая химия,3,13,104.46
2026-05-20,БЫТ-009,Бытовая химия,0,13,104.46
2026-05-21,БЫТ-009,Бытовая химия,1,12,104.46
2026-05-22,БЫТ-009,Бытовая химия,2,10,104.46
2026-05-23,БЫТ-009,Бытовая химия,1,9,104.46
2026-05-24,БЫТ-009,Бытовая химия,2,7,104.46
2026-05-25,БЫТ-009,Бытовая химия,0,18,104.46
2026-05-26,БЫТ-009,Бытовая химия,3,15,104.46
2026-05-27,БЫТ-009,Бытовая химия,0,15,104.46
2026-05-28,БЫТ-009,Бытовая химия,3,12,104.46
2026-05-29,БЫТ-009,Бытовая химия,5,7,104.46
2026-05-30,БЫТ-009,Бытовая химия,0,7,104.46
2026-05-31,БЫТ-009,Бытовая химия,0,7,104.46
2026-06-01,БЫТ-009,Бытовая химия,1,17,104.46
2026-06-02,БЫТ-009,Бытовая химия,3,14,104.46
2026-06-03,БЫТ-009,Бытовая химия,0,14,104.46
2026-06-04,БЫТ-009,Бытовая химия,0,14,104.46
2026-06-05,БЫТ-009,Бытовая химия,3,11,104.46
2026-06-06,БЫТ-009,Бытовая химия,2,9,104.46
2026-06-07,БЫТ-009,Бытовая химия,1,8,104.46
2026-06-08,БЫТ-009,Бытовая химия,3,15,104.46
2026-06-09,БЫТ-009,Бытовая химия,0,15,104.46
2026-06-10,БЫТ-009,Бытовая химия,1,14,104.46
2026-06-11,БЫТ-009,Бытовая химия,3,11,104.46
2026-06-12,БЫТ-009,Бытовая химия,1,10,104.46
2026-06-13,БЫТ-009,Бытовая химия,0,10,104.46
2026-06-14,БЫТ-009,Бытовая химия,0,10,104.46
2026-06-15,БЫТ-009,Бытовая химия,0,18,104.46
2026-06-16,БЫТ-009,Бытовая химия,0,18,104.46
2026-06-17,БЫТ-009,Бытовая химия,1,17,104.46
2026-06-18,БЫТ-009,Бытовая химия,3,14,104.46
2026-06-19,БЫТ-009,Бытовая химия,0,14,104.46
2026-06-20,БЫТ-009,Бытовая химия,0,14,104.46
2026-06-21,БЫТ-009,Бытовая химия,0,14,104.46
2026-06-22,БЫТ-009,Бытовая химия,0,18,104.46
2026-06-23,БЫТ-009,Бытовая химия,1,17,104.46
2026-06-24,БЫТ-009,Бытовая химия,3,14,104.46
2026-06-25,БЫТ-009,Бытовая химия,0,14,104.46
2026-06-26,БЫТ-009,Бытовая химия,0,14,104.46
2026-06-27,БЫТ-009,Бытовая химия,3,11,104.46
2026-06-28,БЫТ-009,Бытовая химия,1,10,104.46
2026-06-29,БЫТ-009,Бытовая химия,0,18,104.46
2026-06-30,БЫТ-009,Бытовая химия,1,17,104.46
2026-07-01,БЫТ-009,Бытовая химия,2,15,104.46
2026-07-02,БЫТ-009,Бытовая химия,0,15,104.46
2026-07-03,БЫТ-009,Бытовая химия,0,15,104.46
2026-07-04,БЫТ-009,Бытовая химия,0,15,104.46
2026-07-05,БЫТ-009,Бытовая химия,0,15,104.46
2026-07-06,БЫТ-009,Бытовая химия,2,16,104.46
2026-07-07,БЫТ-009,Бытовая химия,0,16,104.46
2026-07-08,БЫТ-009,Бытовая химия,0,16,104.46
2026-07-09,БЫТ-009,Бытовая химия,0,16,104.46
2026-07-10,БЫТ-009,Бытовая химия,3,13,104.46
2026-07-11,БЫТ-009,Бытовая химия,3,10,104.46
2026-07-12,БЫТ-009,Бытовая химия,0,10,104.46
2026-07-13,БЫТ-009,Бытовая химия,0,18,104.46
2026-07-14,БЫТ-009,Бытовая химия,1,17,104.46
2026-07-15,БЫТ-009,Бытовая химия,0,17,104.46
2026-07-16,БЫТ-009,Бытовая химия,1,16,104.46
2026-07-17,БЫТ-009,Бытовая химия,2,14,104.46
2026-07-18,БЫТ-009,Бытовая химия,1,13,104.46
2026-07-19,БЫТ-009,Бытовая химия,2,11,104.46
2026-07-20,БЫТ-009,Бытовая химия,0,18,104.46
2026-07-21,БЫТ-009,Бытовая химия,0,18,104.46
2026-07-22,БЫТ-009,Бытовая химия,0,18,104.46
2026-07-23,БЫТ-009,Бытовая химия,0,18,104.46
2026-07-24,БЫТ-009,Бытовая химия,0,18,104.46
2026-07-25,БЫТ-009,Бытовая химия,1,17,104.46
2026-07-26,БЫТ-009,Бытовая химия,0,17,104.46
2026-07-27,БЫТ-009,Бытовая химия,0,18,104.46
2026-07-28,БЫТ-009,Бытовая химия,4,14,104.46
2026-07-29,БЫТ-009,Бытовая химия,0,14,104.46
2026-07-30,БЫТ-009,Бытовая химия,0,14,104.46
2026-07-31,БЫТ-009,Бытовая химия,0,14,104.46
2026-08-01,БЫТ-009,Бытовая химия,5,9,104.46
2026-08-02,БЫТ-009,Бытовая химия,4,5,104.46
2026-08-03,БЫТ-009,Бытовая химия,0,18,104.46
2026-08-04,БЫТ-009,Бытовая химия,4,14,104.46
2026-08-05,БЫТ-009,Бытовая химия,4,10,104.46
2026-08-06,БЫТ-009,Бытовая химия,3,7,104.46
2026-08-07,БЫТ-009,Бытовая химия,0,7,104.46
2026-08-08,БЫТ-009,Бытовая химия,1,6,104.46
2026-08-09,БЫТ-009,Бытовая химия,0,6,104.46
2026-08-10,БЫТ-009,Бытовая химия,2,16,104.46
2026-08-11,БЫТ-009,Бытовая химия,0,16,104.46
2026-08-12,БЫТ-009,Бытовая химия,2,14,104.46
2026-08-13,БЫТ-009,Бытовая химия,0,14,104.46
2026-08-14,БЫТ-009,Бытовая химия,3,11,104.46
2026-08-15,БЫТ-009,Бытовая химия,0,11,104.46
2026-08-16,БЫТ-009,Бытовая химия,4,7,104.46
2026-08-17,БЫТ-009,Бытовая химия,0,18,104.46
2026-08-18,БЫТ-009,Бытовая химия,0,18,104.46
2026-08-19,БЫТ-009,Бытовая химия,1,17,104.46
2026-08-20,БЫТ-009,Бытовая химия,0,17,104.46
2026-08-21,БЫТ-009,Бытовая химия,0,17,104.46
2026-08-22,БЫТ-009,Бытовая химия,2,15,104.46
2026-08-23,БЫТ-009,Бытовая химия,0,15,104.46
2026-08-24,БЫТ-009,Бытовая химия,7,11,104.46
2026-08-25,БЫТ-009,Бытовая химия,0,11,104.46
2026-08-26,БЫТ-009,Бытовая химия,0,11,104.46
2026-08-27,БЫТ-009,Бытовая химия,5,6,104.46
2026-08-28,БЫТ-009,Бытовая химия,1,5,104.46
2026-08-29,БЫТ-009,Бытовая химия,3,2,104.46
2026-08-30,БЫТ-009,Бытовая химия,0,2,104.46
2026-08-31,БЫТ-009,Бытовая химия,0,18,104.46
2026-09-01,БЫТ-009,Бытовая химия,8,10,104.46
2026-09-02,БЫТ-009,Бытовая химия,0,10,104.46
2026-09-03,БЫТ-009,Бытовая химия,2,8,104.46
2026-09-04,БЫТ-009,Бытовая химия,0,8,104.46
2026-09-05,БЫТ-009,Бытовая химия,0,8,104.46
2026-09-06,БЫТ-009,Бытовая химия,1,7,104.46
2026-09-07,БЫТ-009,Бытовая химия,0,18,104.46
2026-09-08,БЫТ-009,Бытовая химия,0,18,104.46
2026-09-09,БЫТ-009,Бытовая химия,2,16,104.46
2026-09-10,БЫТ-009,Бытовая химия,1,15,104.46
2026-09-11,БЫТ-009,Бытовая химия,0,15,104.46
2026-09-12,БЫТ-009,Бытовая химия,1,14,104.46
2026-09-13,БЫТ-009,Бытовая химия,0,14,104.46
2026-09-14,БЫТ-009,Бытовая химия,0,18,104.46
2026-09-15,БЫТ-009,Бытовая химия,0,18,104.46
2026-09-16,БЫТ-009,Бытовая химия,0,18,104.46
2026-09-17,БЫТ-009,Бытовая химия,6,12,104.46
2026-09-18,БЫТ-009,Бытовая химия,3,9,104.46
2026-09-19,БЫТ-009,Бытовая химия,0,9,104.46
2026-09-20,БЫТ-009,Бытовая химия,0,9,104.46
2026-09-21,БЫТ-009,Бытовая химия,0,18,104.46
2026-09-22,БЫТ-009,Бытовая химия,0,18,104.46
2026-09-23,БЫТ-009,Бытовая химия,0,18,104.46
2026-09-24,БЫТ-009,Бытовая химия,1,17,104.46
2026-09-25,БЫТ-009,Бытовая химия,0,17,104.46
2026-09-26,БЫТ-009,Бытовая химия,1,16,104.46
2026-09-27,БЫТ-009,Бытовая химия,0,16,104.46
2026-09-28,БЫТ-009,Бытовая химия,1,17,104.46
2026-09-29,БЫТ-009,Бытовая химия,0,17,104.46
2026-09-30,БЫТ-009,Бытовая химия,0,17,104.46
2025-06-01,БЫТ-010,Бытовая химия,3,38,113.31
2025-06-02,БЫТ-010,Бытовая химия,4,46,113.31
2025-06-03,БЫТ-010,Бытовая химия,1,45,113.31
2025-06-04,БЫТ-010,Бытовая химия,2,43,113.31
2025-06-05,БЫТ-010,Бытовая химия,0,43,113.31
2025-06-06,БЫТ-010,Бытовая химия,1,42,113.31
2025-06-07,БЫТ-010,Бытовая химия,1,41,113.31
2025-06-08,БЫТ-010,Бытовая химия,1,40,113.31
2025-06-09,БЫТ-010,Бытовая химия,2,48,113.31
2025-06-10,БЫТ-010,Бытовая химия,5,43,113.31
2025-06-11,БЫТ-010,Бытовая химия,1,42,113.31
2025-06-12,БЫТ-010,Бытовая химия,0,42,113.31
2025-06-13,БЫТ-010,Бытовая химия,3,39,113.31
2025-06-14,БЫТ-010,Бытовая химия,2,37,113.31
2025-06-15,БЫТ-010,Бытовая химия,2,35,113.31
2025-06-16,БЫТ-010,Бытовая химия,2,48,113.31
2025-06-17,БЫТ-010,Бытовая химия,1,47,113.31
2025-06-18,БЫТ-010,Бытовая химия,3,44,113.31
2025-06-19,БЫТ-010,Бытовая химия,2,42,113.31
2025-06-20,БЫТ-010,Бытовая химия,2,40,113.31
2025-06-21,БЫТ-010,Бытовая химия,2,38,113.31
2025-06-22,БЫТ-010,Бытовая химия,2,36,113.31
2025-06-23,БЫТ-010,Бытовая химия,5,45,113.31
2025-06-24,БЫТ-010,Бытовая химия,1,44,113.31
2025-06-25,БЫТ-010,Бытовая химия,4,40,113.31
2025-06-26,БЫТ-010,Бытовая химия,0,40,113.31
2025-06-27,БЫТ-010,Бытовая химия,3,37,113.31
2025-06-28,БЫТ-010,Бытовая химия,0,37,113.31
2025-06-29,БЫТ-010,Бытовая химия,5,32,113.31
2025-06-30,БЫТ-010,Бытовая химия,3,47,113.31
2025-07-01,БЫТ-010,Бытовая химия,2,45,113.31
2025-07-02,БЫТ-010,Бытовая химия,3,42,113.31
2025-07-03,БЫТ-010,Бытовая химия,2,40,113.31
2025-07-04,БЫТ-010,Бытовая химия,1,39,113.31
2025-07-05,БЫТ-010,Бытовая химия,1,38,113.31
2025-07-06,БЫТ-010,Бытовая химия,1,37,113.31
2025-07-07,БЫТ-010,Бытовая химия,5,45,113.31
2025-07-08,БЫТ-010,Бытовая химия,2,43,113.31
2025-07-09,БЫТ-010,Бытовая химия,0,43,113.31
2025-07-10,БЫТ-010,Бытовая химия,2,41,113.31
2025-07-11,БЫТ-010,Бытовая химия,1,40,113.31
2025-07-12,БЫТ-010,Бытовая химия,2,38,113.31
2025-07-13,БЫТ-010,Бытовая химия,3,35,113.31
2025-07-14,БЫТ-010,Бытовая химия,2,48,113.31
2025-07-15,БЫТ-010,Бытовая химия,3,45,113.31
2025-07-16,БЫТ-010,Бытовая химия,2,43,113.31
2025-07-17,БЫТ-010,Бытовая химия,3,40,113.31
2025-07-18,БЫТ-010,Бытовая химия,4,36,113.31
2025-07-19,БЫТ-010,Бытовая химия,2,34,113.31
2025-07-20,БЫТ-010,Бытовая химия,4,30,113.31
2025-07-21,БЫТ-010,Бытовая химия,2,48,113.31
2025-07-22,БЫТ-010,Бытовая химия,2,46,113.31
2025-07-23,БЫТ-010,Бытовая химия,0,46,113.31
2025-07-24,БЫТ-010,Бытовая химия,3,43,113.31
2025-07-25,БЫТ-010,Бытовая химия,3,40,113.31
2025-07-26,БЫТ-010,Бытовая химия,2,38,113.31
2025-07-27,БЫТ-010,Бытовая химия,1,37,113.31
2025-07-28,БЫТ-010,Бытовая химия,1,49,113.31
2025-07-29,БЫТ-010,Бытовая химия,1,48,113.31
2025-07-30,БЫТ-010,Бытовая химия,1,47,113.31
2025-07-31,БЫТ-010,Бытовая химия,2,45,113.31
2025-08-01,БЫТ-010,Бытовая химия,2,43,113.31
2025-08-02,БЫТ-010,Бытовая химия,3,40,113.31
2025-08-03,БЫТ-010,Бытовая химия,2,38,113.31
2025-08-04,БЫТ-010,Бытовая химия,5,45,113.31
2025-08-05,БЫТ-010,Бытовая химия,1,44,113.31
2025-08-06,БЫТ-010,Бытовая химия,3,41,113.31
2025-08-07,БЫТ-010,Бытовая химия,2,39,113.31
2025-08-08,БЫТ-010,Бытовая химия,4,35,113.31
2025-08-09,БЫТ-010,Бытовая химия,2,33,113.31
2025-08-10,БЫТ-010,Бытовая химия,2,31,113.31
2025-08-11,БЫТ-010,Бытовая химия,3,47,113.31
2025-08-12,БЫТ-010,Бытовая химия,3,44,113.31
2025-08-13,БЫТ-010,Бытовая химия,4,40,113.31
2025-08-14,БЫТ-010,Бытовая химия,3,37,113.31
2025-08-15,БЫТ-010,Бытовая химия,1,36,113.31
2025-08-16,БЫТ-010,Бытовая химия,1,35,113.31
2025-08-17,БЫТ-010,Бытовая химия,0,35,113.31
2025-08-18,БЫТ-010,Бытовая химия,1,49,113.31
2025-08-19,БЫТ-010,Бытовая химия,2,47,113.31
2025-08-20,БЫТ-010,Бытовая химия,0,47,113.31
2025-08-21,БЫТ-010,Бытовая химия,2,45,113.31
2025-08-22,БЫТ-010,Бытовая химия,0,45,113.31
2025-08-23,БЫТ-010,Бытовая химия,1,44,113.31
2025-08-24,БЫТ-010,Бытовая химия,1,43,113.31
2025-08-25,БЫТ-010,Бытовая химия,0,50,113.31
2025-08-26,БЫТ-010,Бытовая химия,3,47,113.31
2025-08-27,БЫТ-010,Бытовая химия,3,44,113.31
2025-08-28,БЫТ-010,Бытовая химия,1,43,113.31
2025-08-29,БЫТ-010,Бытовая химия,1,42,113.31
2025-08-30,БЫТ-010,Бытовая химия,1,41,113.31
2025-08-31,БЫТ-010,Бытовая химия,5,36,113.31
2025-09-01,БЫТ-010,Бытовая химия,1,49,113.31
2025-09-02,БЫТ-010,Бытовая химия,1,48,113.31
2025-09-03,БЫТ-010,Бытовая химия,0,48,113.31
2025-09-04,БЫТ-010,Бытовая химия,2,46,113.31
2025-09-05,БЫТ-010,Бытовая химия,3,43,113.31
2025-09-06,БЫТ-010,Бытовая химия,6,37,113.31
2025-09-07,БЫТ-010,Бытовая химия,4,33,113.31
2025-09-08,БЫТ-010,Бытовая химия,2,48,113.31
2025-09-09,БЫТ-010,Бытовая химия,1,47,113.31
2025-09-10,БЫТ-010,Бытовая химия,2,45,113.31
2025-09-11,БЫТ-010,Бытовая химия,4,41,113.31
2025-09-12,БЫТ-010,Бытовая химия,4,37,113.31
2025-09-13,БЫТ-010,Бытовая химия,3,34,113.31
2025-09-14,БЫТ-010,Бытовая химия,2,32,113.31
2025-09-15,БЫТ-010,Бытовая химия,3,47,113.31
2025-09-16,БЫТ-010,Бытовая химия,3,44,113.31
2025-09-17,БЫТ-010,Бытовая химия,4,40,113.31
2025-09-18,БЫТ-010,Бытовая химия,4,36,113.31
2025-09-19,БЫТ-010,Бытовая химия,3,33,113.31
2025-09-20,БЫТ-010,Бытовая химия,1,32,113.31
2025-09-21,БЫТ-010,Бытовая химия,1,31,113.31
2025-09-22,БЫТ-010,Бытовая химия,3,47,113.31
2025-09-23,БЫТ-010,Бытовая химия,1,46,113.31
2025-09-24,БЫТ-010,Бытовая химия,3,43,113.31
2025-09-25,БЫТ-010,Бытовая химия,2,41,113.31
2025-09-26,БЫТ-010,Бытовая химия,1,40,113.31
2025-09-27,БЫТ-010,Бытовая химия,0,40,113.31
2025-09-28,БЫТ-010,Бытовая химия,2,38,113.31
2025-09-29,БЫТ-010,Бытовая химия,2,48,113.31
2025-09-30,БЫТ-010,Бытовая химия,1,47,113.31
2025-10-01,БЫТ-010,Бытовая химия,2,45,113.31
2025-10-02,БЫТ-010,Бытовая химия,2,43,113.31
2025-10-03,БЫТ-010,Бытовая химия,3,40,113.31
2025-10-04,БЫТ-010,Бытовая химия,1,39,113.31
2025-10-05,БЫТ-010,Бытовая химия,3,36,113.31
2025-10-06,БЫТ-010,Бытовая химия,3,47,113.31
2025-10-07,БЫТ-010,Бытовая химия,4,43,113.31
2025-10-08,БЫТ-010,Бытовая химия,2,41,113.31
2025-10-09,БЫТ-010,Бытовая химия,5,36,113.31
2025-10-10,БЫТ-010,Бытовая химия,5,31,113.31
2025-10-11,БЫТ-010,Бытовая химия,4,27,113.31
2025-10-12,БЫТ-010,Бытовая химия,0,27,113.31
2025-10-13,БЫТ-010,Бытовая химия,6,44,113.31
2025-10-14,БЫТ-010,Бытовая химия,0,44,113.31
2025-10-15,БЫТ-010,Бытовая химия,2,42,113.31
2025-10-16,БЫТ-010,Бытовая химия,1,41,113.31
2025-10-17,БЫТ-010,Бытовая химия,3,38,113.31
2025-10-18,БЫТ-010,Бытовая химия,1,37,113.31
2025-10-19,БЫТ-010,Бытовая химия,1,36,113.31
2025-10-20,БЫТ-010,Бытовая химия,3,47,113.31
2025-10-21,БЫТ-010,Бытовая химия,2,45,113.31
2025-10-22,БЫТ-010,Бытовая химия,2,43,113.31
2025-10-23,БЫТ-010,Бытовая химия,2,41,113.31
2025-10-24,БЫТ-010,Бытовая химия,1,40,113.31
2025-10-25,БЫТ-010,Бытовая химия,1,39,113.31
2025-10-26,БЫТ-010,Бытовая химия,1,38,113.31
2025-10-27,БЫТ-010,Бытовая химия,0,50,113.31
2025-10-28,БЫТ-010,Бытовая химия,3,47,113.31
2025-10-29,БЫТ-010,Бытовая химия,4,43,113.31
2025-10-30,БЫТ-010,Бытовая химия,2,41,113.31
2025-10-31,БЫТ-010,Бытовая химия,3,38,113.31
2025-11-01,БЫТ-010,Бытовая химия,3,35,113.31
2025-11-02,БЫТ-010,Бытовая химия,1,34,113.31
2025-11-03,БЫТ-010,Бытовая химия,1,49,113.31
2025-11-04,БЫТ-010,Бытовая химия,0,49,113.31
2025-11-05,БЫТ-010,Бытовая химия,0,49,113.31
2025-11-06,БЫТ-010,Бытовая химия,2,47,113.31
2025-11-07,БЫТ-010,Бытовая химия,4,43,113.31
2025-11-08,БЫТ-010,Бытовая химия,0,43,113.31
2025-11-09,БЫТ-010,Бытовая химия,3,40,113.31
2025-11-10,БЫТ-010,Бытовая химия,1,49,113.31
2025-11-11,БЫТ-010,Бытовая химия,0,49,113.31
2025-11-12,БЫТ-010,Бытовая химия,5,44,113.31
2025-11-13,БЫТ-010,Бытовая химия,3,41,113.31
2025-11-14,БЫТ-010,Бытовая химия,1,40,113.31
2025-11-15,БЫТ-010,Бытовая химия,3,37,113.31
2025-11-16,БЫТ-010,Бытовая химия,1,36,113.31
2025-11-17,БЫТ-010,Бытовая химия,4,46,113.31
2025-11-18,БЫТ-010,Бытовая химия,3,43,113.31
2025-11-19,БЫТ-010,Бытовая химия,4,39,113.31
2025-11-20,БЫТ-010,Бытовая химия,1,38,113.31
2025-11-21,БЫТ-010,Бытовая химия,0,38,113.31
2025-11-22,БЫТ-010,Бытовая химия,3,35,113.31
2025-11-23,БЫТ-010,Бытовая химия,1,34,113.31
2025-11-24,БЫТ-010,Бытовая химия,2,48,113.31
2025-11-25,БЫТ-010,Бытовая химия,1,47,113.31
2025-11-26,БЫТ-010,Бытовая химия,3,44,113.31
2025-11-27,БЫТ-010,Бытовая химия,2,42,113.31
2025-11-28,БЫТ-010,Бытовая химия,0,42,113.31
2025-11-29,БЫТ-010,Бытовая химия,1,41,113.31
2025-11-30,БЫТ-010,Бытовая химия,1,40,113.31
2025-12-01,БЫТ-010,Бытовая химия,2,48,113.31
2025-12-02,БЫТ-010,Бытовая химия,3,45,113.31
2025-12-03,БЫТ-010,Бытовая химия,1,44,113.31
2025-12-04,БЫТ-010,Бытовая химия,2,42,113.31
2025-12-05,БЫТ-010,Бытовая химия,5,37,113.31
2025-12-06,БЫТ-010,Бытовая химия,1,36,113.31
2025-12-07,БЫТ-010,Бытовая химия,7,29,113.31
2025-12-08,БЫТ-010,Бытовая химия,1,49,113.31
2025-12-09,БЫТ-010,Бытовая химия,0,49,113.31
2025-12-10,БЫТ-010,Бытовая химия,0,49,113.31
2025-12-11,БЫТ-010,Бытовая химия,2,47,113.31
2025-12-12,БЫТ-010,Бытовая химия,4,43,113.31
2025-12-13,БЫТ-010,Бытовая химия,4,39,113.31
2025-12-14,БЫТ-010,Бытовая химия,1,38,113.31
2025-12-15,БЫТ-010,Бытовая химия,3,47,113.31
2025-12-16,БЫТ-010,Бытовая химия,1,46,113.31
2025-12-17,БЫТ-010,Бытовая химия,4,42,113.31
2025-12-18,БЫТ-010,Бытовая химия,1,41,113.31
2025-12-19,БЫТ-010,Бытовая химия,1,40,113.31
2025-12-20,БЫТ-010,Бытовая химия,0,40,113.31
2025-12-21,БЫТ-010,Бытовая химия,4,36,113.31
2025-12-22,БЫТ-010,Бытовая химия,1,49,113.31
2025-12-23,БЫТ-010,Бытовая химия,3,46,113.31
2025-12-24,БЫТ-010,Бытовая химия,0,46,113.31
2025-12-25,БЫТ-010,Бытовая химия,0,46,113.31
2025-12-26,БЫТ-010,Бытовая химия,3,43,113.31
2025-12-27,БЫТ-010,Бытовая химия,1,42,113.31
2025-12-28,БЫТ-010,Бытовая химия,0,42,113.31
2025-12-29,БЫТ-010,Бытовая химия,2,48,113.31
2025-12-30,БЫТ-010,Бытовая химия,3,45,113.31
2025-12-31,БЫТ-010,Бытовая химия,1,44,113.31
2026-01-01,БЫТ-010,Бытовая химия,1,43,113.31
2026-01-02,БЫТ-010,Бытовая химия,3,40,113.31
2026-01-03,БЫТ-010,Бытовая химия,0,40,113.31
2026-01-04,БЫТ-010,Бытовая химия,3,37,113.31
2026-01-05,БЫТ-010,Бытовая химия,2,48,113.31
2026-01-06,БЫТ-010,Бытовая химия,3,45,113.31
2026-01-07,БЫТ-010,Бытовая химия,0,45,113.31
2026-01-08,БЫТ-010,Бытовая химия,2,43,113.31
2026-01-09,БЫТ-010,Бытовая химия,2,41,113.31
2026-01-10,БЫТ-010,Бытовая химия,4,37,113.31
2026-01-11,БЫТ-010,Бытовая химия,1,36,113.31
2026-01-12,БЫТ-010,Бытовая химия,3,47,113.31
2026-01-13,БЫТ-010,Бытовая химия,1,46,113.31
2026-01-14,БЫТ-010,Бытовая химия,7,39,113.31
2026-01-15,БЫТ-010,Бытовая химия,0,39,113.31
2026-01-16,БЫТ-010,Бытовая химия,4,35,113.31
2026-01-17,БЫТ-010,Бытовая химия,0,35,113.31
2026-01-18,БЫТ-010,Бытовая химия,2,33,113.31
2026-01-19,БЫТ-010,Бытовая химия,0,50,113.31
2026-01-20,БЫТ-010,Бытовая химия,1,49,113.31
2026-01-21,БЫТ-010,Бытовая химия,2,47,113.31
2026-01-22,БЫТ-010,Бытовая химия,1,46,113.31
2026-01-23,БЫТ-010,Бытовая химия,1,45,113.31
2026-01-24,БЫТ-010,Бытовая химия,6,39,113.31
2026-01-25,БЫТ-010,Бытовая химия,2,37,113.31
2026-01-26,БЫТ-010,Бытовая химия,3,47,113.31
2026-01-27,БЫТ-010,Бытовая химия,1,46,113.31
2026-01-28,БЫТ-010,Бытовая химия,3,43,113.31
2026-01-29,БЫТ-010,Бытовая химия,1,42,113.31
2026-01-30,БЫТ-010,Бытовая химия,1,41,113.31
2026-01-31,БЫТ-010,Бытовая химия,5,36,113.31
2026-02-01,БЫТ-010,Бытовая химия,4,32,113.31
2026-02-02,БЫТ-010,Бытовая химия,2,48,113.31
2026-02-03,БЫТ-010,Бытовая химия,2,46,113.31
2026-02-04,БЫТ-010,Бытовая химия,2,44,113.31
2026-02-05,БЫТ-010,Бытовая химия,1,43,113.31
2026-02-06,БЫТ-010,Бытовая химия,1,42,113.31
2026-02-07,БЫТ-010,Бытовая химия,3,39,113.31
2026-02-08,БЫТ-010,Бытовая химия,4,35,113.31
2026-02-09,БЫТ-010,Бытовая химия,1,49,113.31
2026-02-10,БЫТ-010,Бытовая химия,3,46,113.31
2026-02-11,БЫТ-010,Бытовая химия,2,44,113.31
2026-02-12,БЫТ-010,Бытовая химия,5,39,113.31
2026-02-13,БЫТ-010,Бытовая химия,2,37,113.31
2026-02-14,БЫТ-010,Бытовая химия,0,37,113.31
2026-02-15,БЫТ-010,Бытовая химия,2,35,113.31
2026-02-16,БЫТ-010,Бытовая химия,1,49,113.31
2026-02-17,БЫТ-010,Бытовая химия,3,46,113.31
2026-02-18,БЫТ-010,Бытовая химия,0,46,113.31
2026-02-19,БЫТ-010,Бытовая химия,1,45,113.31
2026-02-20,БЫТ-010,Бытовая химия,0,45,113.31
2026-02-21,БЫТ-010,Бытовая химия,4,41,113.31
2026-02-22,БЫТ-010,Бытовая химия,2,39,113.31
2026-02-23,БЫТ-010,Бытовая химия,3,47,113.31
2026-02-24,БЫТ-010,Бытовая химия,1,46,113.31
2026-02-25,БЫТ-010,Бытовая химия,0,46,113.31
2026-02-26,БЫТ-010,Бытовая химия,3,43,113.31
2026-02-27,БЫТ-010,Бытовая химия,3,40,113.31
2026-02-28,БЫТ-010,Бытовая химия,1,39,113.31
2026-03-01,БЫТ-010,Бытовая химия,1,38,113.31
2026-03-02,БЫТ-010,Бытовая химия,3,47,113.31
2026-03-03,БЫТ-010,Бытовая химия,1,46,113.31
2026-03-04,БЫТ-010,Бытовая химия,4,42,113.31
2026-03-05,БЫТ-010,Бытовая химия,3,39,113.31
2026-03-06,БЫТ-010,Бытовая химия,2,37,113.31
2026-03-07,БЫТ-010,Бытовая химия,2,35,113.31
2026-03-08,БЫТ-010,Бытовая химия,4,31,113.31
2026-03-09,БЫТ-010,Бытовая химия,1,49,113.31
2026-03-10,БЫТ-010,Бытовая химия,2,47,113.31
2026-03-11,БЫТ-010,Бытовая химия,1,46,113.31
2026-03-12,БЫТ-010,Бытовая химия,2,44,113.31
2026-03-13,БЫТ-010,Бытовая химия,3,41,113.31
2026-03-14,БЫТ-010,Бытовая химия,3,38,113.31
2026-03-15,БЫТ-010,Бытовая химия,1,37,113.31
2026-03-16,БЫТ-010,Бытовая химия,1,49,113.31
2026-03-17,БЫТ-010,Бытовая химия,3,46,113.31
2026-03-18,БЫТ-010,Бытовая химия,1,45,113.31
2026-03-19,БЫТ-010,Бытовая химия,2,43,113.31
2026-03-20,БЫТ-010,Бытовая химия,2,41,113.31
2026-03-21,БЫТ-010,Бытовая химия,0,41,113.31
2026-03-22,БЫТ-010,Бытовая химия,2,39,113.31
2026-03-23,БЫТ-010,Бытовая химия,0,50,113.31
2026-03-24,БЫТ-010,Бытовая химия,2,48,113.31
2026-03-25,БЫТ-010,Бытовая химия,4,44,113.31
2026-03-26,БЫТ-010,Бытовая химия,1,43,113.31
2026-03-27,БЫТ-010,Бытовая химия,1,42,113.31
2026-03-28,БЫТ-010,Бытовая химия,1,41,113.31
2026-03-29,БЫТ-010,Бытовая химия,3,38,113.31
2026-03-30,БЫТ-010,Бытовая химия,2,48,113.31
2026-03-31,БЫТ-010,Бытовая химия,0,48,113.31
2026-04-01,БЫТ-010,Бытовая химия,1,47,113.31
2026-04-02,БЫТ-010,Бытовая химия,1,46,113.31
2026-04-03,БЫТ-010,Бытовая химия,4,42,113.31
2026-04-04,БЫТ-010,Бытовая химия,1,41,113.31
2026-04-05,БЫТ-010,Бытовая химия,3,38,113.31
2026-04-06,БЫТ-010,Бытовая химия,2,48,113.31
2026-04-07,БЫТ-010,Бытовая химия,6,42,113.31
2026-04-08,БЫТ-010,Бытовая химия,1,41,113.31
2026-04-09,БЫТ-010,Бытовая химия,0,41,113.31
2026-04-10,БЫТ-010,Бытовая химия,1,40,113.31
2026-04-11,БЫТ-010,Бытовая химия,3,37,113.31
2026-04-12,БЫТ-010,Бытовая химия,2,35,113.31
2026-04-13,БЫТ-010,Бытовая химия,1,49,113.31
2026-04-14,БЫТ-010,Бытовая химия,1,48,113.31
2026-04-15,БЫТ-010,Бытовая химия,2,46,113.31
2026-04-16,БЫТ-010,Бытовая химия,2,44,113.31
2026-04-17,БЫТ-010,Бытовая химия,1,43,113.31
2026-04-18,БЫТ-010,Бытовая химия,0,43,113.31
2026-04-19,БЫТ-010,Бытовая химия,1,42,113.31
2026-04-20,БЫТ-010,Бытовая химия,1,49,113.31
2026-04-21,БЫТ-010,Бытовая химия,0,49,113.31
2026-04-22,БЫТ-010,Бытовая химия,1,48,113.31
2026-04-23,БЫТ-010,Бытовая химия,3,45,113.31
2026-04-24,БЫТ-010,Бытовая химия,2,43,113.31
2026-04-25,БЫТ-010,Бытовая химия,1,42,113.31
2026-04-26,БЫТ-010,Бытовая химия,2,40,113.31
2026-04-27,БЫТ-010,Бытовая химия,4,46,113.31
2026-04-28,БЫТ-010,Бытовая химия,3,43,113.31
2026-04-29,БЫТ-010,Бытовая химия,1,42,113.31
2026-04-30,БЫТ-010,Бытовая химия,0,42,113.31
2026-05-01,БЫТ-010,Бытовая химия,1,41,113.31
2026-05-02,БЫТ-010,Бытовая химия,1,40,113.31
2026-05-03,БЫТ-010,Бытовая химия,1,39,113.31
2026-05-04,БЫТ-010,Бытовая химия,5,45,113.31
2026-05-05,БЫТ-010,Бытовая химия,1,44,113.31
2026-05-06,БЫТ-010,Бытовая химия,2,42,113.31
2026-05-07,БЫТ-010,Бытовая химия,0,42,113.31
2026-05-08,БЫТ-010,Бытовая химия,3,39,113.31
2026-05-09,БЫТ-010,Бытовая химия,1,38,113.31
2026-05-10,БЫТ-010,Бытовая химия,1,37,113.31
2026-05-11,БЫТ-010,Бытовая химия,2,48,113.31
2026-05-12,БЫТ-010,Бытовая химия,2,46,113.31
2026-05-13,БЫТ-010,Бытовая химия,0,46,113.31
2026-05-14,БЫТ-010,Бытовая химия,1,45,113.31
2026-05-15,БЫТ-010,Бытовая химия,4,41,113.31
2026-05-16,БЫТ-010,Бытовая химия,3,38,113.31
2026-05-17,БЫТ-010,Бытовая химия,3,35,113.31
2026-05-18,БЫТ-010,Бытовая химия,1,49,113.31
2026-05-19,БЫТ-010,Бытовая химия,3,46,113.31
2026-05-20,БЫТ-010,Бытовая химия,2,44,113.31
2026-05-21,БЫТ-010,Бытовая химия,4,40,113.31
2026-05-22,БЫТ-010,Бытовая химия,0,40,113.31
2026-05-23,БЫТ-010,Бытовая химия,6,34,113.31
2026-05-24,БЫТ-010,Бытовая химия,5,29,113.31
2026-05-25,БЫТ-010,Бытовая химия,1,49,113.31
2026-05-26,БЫТ-010,Бытовая химия,2,47,113.31
2026-05-27,БЫТ-010,Бытовая химия,0,47,113.31
2026-05-28,БЫТ-010,Бытовая химия,3,44,113.31
2026-05-29,БЫТ-010,Бытовая химия,3,41,113.31
2026-05-30,БЫТ-010,Бытовая химия,0,41,113.31
2026-05-31,БЫТ-010,Бытовая химия,2,39,113.31
2026-06-01,БЫТ-010,Бытовая химия,4,46,113.31
2026-06-02,БЫТ-010,Бытовая химия,5,41,113.31
2026-06-03,БЫТ-010,Бытовая химия,0,41,113.31
2026-06-04,БЫТ-010,Бытовая химия,4,37,113.31
2026-06-05,БЫТ-010,Бытовая химия,2,35,113.31
2026-06-06,БЫТ-010,Бытовая химия,2,33,113.31
2026-06-07,БЫТ-010,Бытовая химия,3,30,113.31
2026-06-08,БЫТ-010,Бытовая химия,1,49,113.31
2026-06-09,БЫТ-010,Бытовая химия,7,42,113.31
2026-06-10,БЫТ-010,Бытовая химия,3,39,113.31
2026-06-11,БЫТ-010,Бытовая химия,3,36,113.31
2026-06-12,БЫТ-010,Бытовая химия,3,33,113.31
2026-06-13,БЫТ-010,Бытовая химия,1,32,113.31
2026-06-14,БЫТ-010,Бытовая химия,3,29,113.31
2026-06-15,БЫТ-010,Бытовая химия,1,49,113.31
2026-06-16,БЫТ-010,Бытовая химия,2,47,113.31
2026-06-17,БЫТ-010,Бытовая химия,2,45,113.31
2026-06-18,БЫТ-010,Бытовая химия,0,45,113.31
2026-06-19,БЫТ-010,Бытовая химия,1,44,113.31
2026-06-20,БЫТ-010,Бытовая химия,1,43,113.31
2026-06-21,БЫТ-010,Бытовая химия,5,38,113.31
2026-06-22,БЫТ-010,Бытовая химия,1,49,113.31
2026-06-23,БЫТ-010,Бытовая химия,1,48,113.31
2026-06-24,БЫТ-010,Бытовая химия,0,48,113.31
2026-06-25,БЫТ-010,Бытовая химия,1,47,113.31
2026-06-26,БЫТ-010,Бытовая химия,3,44,113.31
2026-06-27,БЫТ-010,Бытовая химия,4,40,113.31
2026-06-28,БЫТ-010,Бытовая химия,2,38,113.31
2026-06-29,БЫТ-010,Бытовая химия,0,50,113.31
2026-06-30,БЫТ-010,Бытовая химия,2,48,113.31
2026-07-01,БЫТ-010,Бытовая химия,0,48,113.31
2026-07-02,БЫТ-010,Бытовая химия,1,47,113.31
2026-07-03,БЫТ-010,Бытовая химия,2,45,113.31
2026-07-04,БЫТ-010,Бытовая химия,3,42,113.31
2026-07-05,БЫТ-010,Бытовая химия,0,42,113.31
2026-07-06,БЫТ-010,Бытовая химия,3,47,113.31
2026-07-07,БЫТ-010,Бытовая химия,3,44,113.31
2026-07-08,БЫТ-010,Бытовая химия,1,43,113.31
2026-07-09,БЫТ-010,Бытовая химия,4,39,113.31
2026-07-10,БЫТ-010,Бытовая химия,3,36,113.31
2026-07-11,БЫТ-010,Бытовая химия,2,34,113.31
2026-07-12,БЫТ-010,Бытовая химия,2,32,113.31
2026-07-13,БЫТ-010,Бытовая химия,3,47,113.31
2026-07-14,БЫТ-010,Бытовая химия,2,45,113.31
2026-07-15,БЫТ-010,Бытовая химия,2,43,113.31
2026-07-16,БЫТ-010,Бытовая химия,1,42,113.31
2026-07-17,БЫТ-010,Бытовая химия,2,40,113.31
2026-07-18,БЫТ-010,Бытовая химия,2,38,113.31
2026-07-19,БЫТ-010,Бытовая химия,2,36,113.31
2026-07-20,БЫТ-010,Бытовая химия,3,47,113.31
2026-07-21,БЫТ-010,Бытовая химия,7,40,113.31
2026-07-22,БЫТ-010,Бытовая химия,3,37,113.31
2026-07-23,БЫТ-010,Бытовая химия,0,37,113.31
2026-07-24,БЫТ-010,Бытовая химия,3,34,113.31
2026-07-25,БЫТ-010,Бытовая химия,2,32,113.31
2026-07-26,БЫТ-010,Бытовая химия,0,32,113.31
2026-07-27,БЫТ-010,Бытовая химия,2,48,113.31
2026-07-28,БЫТ-010,Бытовая химия,2,46,113.31
2026-07-29,БЫТ-010,Бытовая химия,0,46,113.31
2026-07-30,БЫТ-010,Бытовая химия,0,46,113.31
2026-07-31,БЫТ-010,Бытовая химия,8,38,113.31
2026-08-01,БЫТ-010,Бытовая химия,0,38,113.31
2026-08-02,БЫТ-010,Бытовая химия,2,36,113.31
2026-08-03,БЫТ-010,Бытовая химия,2,48,113.31
2026-08-04,БЫТ-010,Бытовая химия,4,44,113.31
2026-08-05,БЫТ-010,Бытовая химия,3,41,113.31
2026-08-06,БЫТ-010,Бытовая химия,1,40,113.31
2026-08-07,БЫТ-010,Бытовая химия,4,36,113.31
2026-08-08,БЫТ-010,Бытовая химия,2,34,113.31
2026-08-09,БЫТ-010,Бытовая химия,2,32,113.31
2026-08-10,БЫТ-010,Бытовая химия,3,47,113.31
2026-08-11,БЫТ-010,Бытовая химия,1,46,113.31
2026-08-12,БЫТ-010,Бытовая химия,2,44,113.31
2026-08-13,БЫТ-010,Бытовая химия,3,41,113.31
2026-08-14,БЫТ-010,Бытовая химия,2,39,113.31
2026-08-15,БЫТ-010,Бытовая химия,1,38,113.31
2026-08-16,БЫТ-010,Бытовая химия,2,36,113.31
2026-08-17,БЫТ-010,Бытовая химия,2,48,113.31
2026-08-18,БЫТ-010,Бытовая химия,2,46,113.31
2026-08-19,БЫТ-010,Бытовая химия,4,42,113.31
2026-08-20,БЫТ-010,Бытовая химия,1,41,113.31
2026-08-21,БЫТ-010,Бытовая химия,0,41,113.31
2026-08-22,БЫТ-010,Бытовая химия,5,36,113.31
2026-08-23,БЫТ-010,Бытовая химия,1,35,113.31
2026-08-24,БЫТ-010,Бытовая химия,2,48,113.31
2026-08-25,БЫТ-010,Бытовая химия,1,47,113.31
2026-08-26,БЫТ-010,Бытовая химия,1,46,113.31
2026-08-27,БЫТ-010,Бытовая химия,0,46,113.31
2026-08-28,БЫТ-010,Бытовая химия,3,43,113.31
2026-08-29,БЫТ-010,Бытовая химия,1,42,113.31
2026-08-30,БЫТ-010,Бытовая химия,3,39,113.31
2026-08-31,БЫТ-010,Бытовая химия,3,47,113.31
2026-09-01,БЫТ-010,Бытовая химия,1,46,113.31
2026-09-02,БЫТ-010,Бытовая химия,3,43,113.31
2026-09-03,БЫТ-010,Бытовая химия,4,39,113.31
2026-09-04,БЫТ-010,Бытовая химия,2,37,113.31
2026-09-05,БЫТ-010,Бытовая химия,1,36,113.31
2026-09-06,БЫТ-010,Бытовая химия,2,34,113.31
2026-09-07,БЫТ-010,Бытовая химия,0,50,113.31
2026-09-08,БЫТ-010,Бытовая химия,2,48,113.31
2026-09-09,БЫТ-010,Бытовая химия,0,48,113.31
2026-09-10,БЫТ-010,Бытовая химия,2,46,113.31
2026-09-11,БЫТ-010,Бытовая химия,4,42,113.31
2026-09-12,БЫТ-010,Бытовая химия,1,41,113.31
2026-09-13,БЫТ-010,Бытовая химия,4,37,113.31
2026-09-14,БЫТ-010,Бытовая химия,3,47,113.31
2026-09-15,БЫТ-010,Бытовая химия,3,44,113.31
2026-09-16,БЫТ-010,Бытовая химия,3,41,113.31
2026-09-17,БЫТ-010,Бытовая химия,3,38,113.31
2026-09-18,БЫТ-010,Бытовая химия,1,37,113.31
2026-09-19,БЫТ-010,Бытовая химия,1,36,113.31
2026-09-20,БЫТ-010,Бытовая химия,2,34,113.31
2026-09-21,БЫТ-010,Бытовая химия,4,46,113.31
2026-09-22,БЫТ-010,Бытовая химия,3,43,113.31
2026-09-23,БЫТ-010,Бытовая химия,1,42,113.31
2026-09-24,БЫТ-010,Бытовая химия,0,42,113.31
2026-09-25,БЫТ-010,Бытовая химия,1,41,113.31
2026-09-26,БЫТ-010,Бытовая химия,1,40,113.31
2026-09-27,БЫТ-010,Бытовая химия,1,39,113.31
2026-09-28,БЫТ-010,Бытовая химия,5,45,113.31
2026-09-29,БЫТ-010,Бытовая химия,1,44,113.31
2026-09-30,БЫТ-010,Бытовая химия,7,37,113.31
2025-06-01,ХОБ-001,Хобби,0,6,320.3
2025-06-02,ХОБ-001,Хобби,0,6,320.3
2025-06-03,ХОБ-001,Хобби,0,6,320.3
2025-06-04,ХОБ-001,Хобби,0,6,320.3
2025-06-05,ХОБ-001,Хобби,0,6,320.3
2025-06-06,ХОБ-001,Хобби,0,6,320.3
2025-06-07,ХОБ-001,Хобби,0,6,320.3
2025-06-08,ХОБ-001,Хобби,0,6,320.3
2025-06-09,ХОБ-001,Хобби,0,6,320.3
2025-06-10,ХОБ-001,Хобби,0,6,320.3
2025-06-11,ХОБ-001,Хобби,0,6,320.3
2025-06-12,ХОБ-001,Хобби,0,6,320.3
2025-06-13,ХОБ-001,Хобби,0,6,320.3
2025-06-14,ХОБ-001,Хобби,0,6,320.3
2025-06-15,ХОБ-001,Хобби,0,6,320.3
2025-06-16,ХОБ-001,Хобби,3,3,320.3
2025-06-17,ХОБ-001,Хобби,0,3,320.3
2025-06-18,ХОБ-001,Хобби,0,3,320.3
2025-06-19,ХОБ-001,Хобби,0,3,320.3
2025-06-20,ХОБ-001,Хобби,0,3,320.3
2025-06-21,ХОБ-001,Хобби,0,3,320.3
2025-06-22,ХОБ-001,Хобби,0,3,320.3
2025-06-23,ХОБ-001,Хобби,0,4,320.3
2025-06-24,ХОБ-001,Хобби,0,4,320.3
2025-06-25,ХОБ-001,Хобби,0,4,320.3
2025-06-26,ХОБ-001,Хобби,0,4,320.3
2025-06-27,ХОБ-001,Хобби,0,4,320.3
2025-06-28,ХОБ-001,Хобби,0,4,320.3
2025-06-29,ХОБ-001,Хобби,0,4,320.3
2025-06-30,ХОБ-001,Хобби,0,4,320.3
2025-07-01,ХОБ-001,Хобби,4,0,320.3
2025-07-02,ХОБ-001,Хобби,0,0,320.3
2025-07-03,ХОБ-001,Хобби,0,0,320.3
2025-07-04,ХОБ-001,Хобби,0,0,320.3
2025-07-05,ХОБ-001,Хобби,0,0,320.3
2025-07-06,ХОБ-001,Хобби,0,0,320.3
2025-07-07,ХОБ-001,Хобби,0,4,320.3
2025-07-08,ХОБ-001,Хобби,0,4,320.3
2025-07-09,ХОБ-001,Хобби,0,4,320.3
2025-07-10,ХОБ-001,Хобби,0,4,320.3
2025-07-11,ХОБ-001,Хобби,0,4,320.3
2025-07-12,ХОБ-001,Хобби,0,4,320.3
2025-07-13,ХОБ-001,Хобби,0,4,320.3
2025-07-14,ХОБ-001,Хобби,0,4,320.3
2025-07-15,ХОБ-001,Хобби,0,4,320.3
2025-07-16,ХОБ-001,Хобби,0,4,320.3
2025-07-17,ХОБ-001,Хобби,0,4,320.3
2025-07-18,ХОБ-001,Хобби,0,4,320.3
2025-07-19,ХОБ-001,Хобби,0,4,320.3
2025-07-20,ХОБ-001,Хобби,0,4,320.3
2025-07-21,ХОБ-001,Хобби,0,4,320.3
2025-07-22,ХОБ-001,Хобби,0,4,320.3
2025-07-23,ХОБ-001,Хобби,0,4,320.3
2025-07-24,ХОБ-001,Хобби,0,4,320.3
2025-07-25,ХОБ-001,Хобби,0,4,320.3
2025-07-26,ХОБ-001,Хобби,0,4,320.3
2025-07-27,ХОБ-001,Хобби,0,4,320.3
2025-07-28,ХОБ-001,Хобби,0,4,320.3
2025-07-29,ХОБ-001,Хобби,0,4,320.3
2025-07-30,ХОБ-001,Хобби,0,4,320.3
2025-07-31,ХОБ-001,Хобби,0,4,320.3
2025-08-01,ХОБ-001,Хобби,0,4,320.3
2025-08-02,ХОБ-001,Хобби,0,4,320.3
2025-08-03,ХОБ-001,Хобби,0,4,320.3
2025-08-04,ХОБ-001,Хобби,0,4,320.3
2025-08-05,ХОБ-001,Хобби,0,4,320.3
2025-08-06,ХОБ-001,Хобби,0,4,320.3
2025-08-07,ХОБ-001,Хобби,0,4,320.3
2025-08-08,ХОБ-001,Хобби,0,4,320.3
2025-08-09,ХОБ-001,Хобби,0,4,320.3
2025-08-10,ХОБ-001,Хобби,0,4,320.3
2025-08-11,ХОБ-001,Хобби,0,4,320.3
2025-08-12,ХОБ-001,Хобби,0,4,320.3
2025-08-13,ХОБ-001,Хобби,0,4,320.3
2025-08-14,ХОБ-001,Хобби,0,4,320.3
2025-08-15,ХОБ-001,Хобби,0,4,320.3
2025-08-16,ХОБ-001,Хобби,0,4,320.3
2025-08-17,ХОБ-001,Хобби,0,4,320.3
2025-08-18,ХОБ-001,Хобби,0,4,320.3
2025-08-19,ХОБ-001,Хобби,4,0,320.3
2025-08-20,ХОБ-001,Хобби,0,0,320.3
2025-08-21,ХОБ-001,Хобби,0,0,320.3
2025-08-22,ХОБ-001,Хобби,0,0,320.3
2025-08-23,ХОБ-001,Хобби,0,0,320.3
2025-08-24,ХОБ-001,Хобби,0,0,320.3
2025-08-25,ХОБ-001,Хобби,0,4,320.3
2025-08-26,ХОБ-001,Хобби,0,4,320.3
2025-08-27,ХОБ-001,Хобби,4,0,320.3
2025-08-28,ХОБ-001,Хобби,0,0,320.3
2025-08-29,ХОБ-001,Хобби,0,0,320.3
2025-08-30,ХОБ-001,Хобби,0,0,320.3
2025-08-31,ХОБ-001,Хобби,0,0,320.3
2025-09-01,ХОБ-001,Хобби,0,4,320.3
2025-09-02,ХОБ-001,Хобби,0,4,320.3
2025-09-03,ХОБ-001,Хобби,0,4,320.3
2025-09-04,ХОБ-001,Хобби,0,4,320.3
2025-09-05,ХОБ-001,Хобби,0,4,320.3
2025-09-06,ХОБ-001,Хобби,0,4,320.3
2025-09-07,ХОБ-001,Хобби,0,4,320.3
2025-09-08,ХОБ-001,Хобби,0,4,320.3
2025-09-09,ХОБ-001,Хобби,0,4,320.3
2025-09-10,ХОБ-001,Хобби,0,4,320.3
2025-09-11,ХОБ-001,Хобби,0,4,320.3
2025-09-12,ХОБ-001,Хобби,0,4,320.3
2025-09-13,ХОБ-001,Хобби,0,4,320.3
2025-09-14,ХОБ-001,Хобби,0,4,320.3
2025-09-15,ХОБ-001,Хобби,0,4,320.3
2025-09-16,ХОБ-001,Хобби,0,4,320.3
2025-09-17,ХОБ-001,Хобби,0,4,320.3
2025-09-18,ХОБ-001,Хобби,0,4,320.3
2025-09-19,ХОБ-001,Хобби,0,4,320.3
2025-09-20,ХОБ-001,Хобби,0,4,320.3
2025-09-21,ХОБ-001,Хобби,0,4,320.3
2025-09-22,ХОБ-001,Хобби,0,4,320.3
2025-09-23,ХОБ-001,Хобби,0,4,320.3
2025-09-24,ХОБ-001,Хобби,0,4,320.3
2025-09-25,ХОБ-001,Хобби,0,4,320.3
2025-09-26,ХОБ-001,Хобби,0,4,320.3
2025-09-27,ХОБ-001,Хобби,0,4,320.3
2025-09-28,ХОБ-001,Хобби,0,4,320.3
2025-09-29,ХОБ-001,Хобби,0,4,320.3
2025-09-30,ХОБ-001,Хобби,0,4,320.3
2025-10-01,ХОБ-001,Хобби,0,4,320.3
2025-10-02,ХОБ-001,Хобби,0,4,320.3
2025-10-03,ХОБ-001,Хобби,1,3,320.3
2025-10-04,ХОБ-001,Хобби,0,3,320.3
2025-10-05,ХОБ-001,Хобби,0,3,320.3
2025-10-06,ХОБ-001,Хобби,0,4,320.3
2025-10-07,ХОБ-001,Хобби,0,4,320.3
2025-10-08,ХОБ-001,Хобби,0,4,320.3
2025-10-09,ХОБ-001,Хобби,0,4,320.3
2025-10-10,ХОБ-001,Хобби,0,4,320.3
2025-10-11,ХОБ-001,Хобби,0,4,320.3
2025-10-12,ХОБ-001,Хобби,0,4,320.3
2025-10-13,ХОБ-001,Хобби,0,4,320.3
2025-10-14,ХОБ-001,Хобби,0,4,320.3
2025-10-15,ХОБ-001,Хобби,0,4,320.3
2025-10-16,ХОБ-001,Хобби,0,4,320.3
2025-10-17,ХОБ-001,Хобби,0,4,320.3
2025-10-18,ХОБ-001,Хобби,0,4,320.3
2025-10-19,ХОБ-001,Хобби,0,4,320.3
2025-10-20,ХОБ-001,Хобби,0,4,320.3
2025-10-21,ХОБ-001,Хобби,0,4,320.3
2025-10-22,ХОБ-001,Хобби,0,4,320.3
2025-10-23,ХОБ-001,Хобби,0,4,320.3
2025-10-24,ХОБ-001,Хобби,0,4,320.3
2025-10-25,ХОБ-001,Хобби,0,4,320.3
2025-10-26,ХОБ-001,Хобби,0,4,320.3
2025-10-27,ХОБ-001,Хобби,0,4,320.3
2025-10-28,ХОБ-001,Хобби,0,4,320.3
2025-10-29,ХОБ-001,Хобби,0,4,320.3
2025-10-30,ХОБ-001,Хобби,0,4,320.3
2025-10-31,ХОБ-001,Хобби,0,4,320.3
2025-11-01,ХОБ-001,Хобби,0,4,320.3
2025-11-02,ХОБ-001,Хобби,0,4,320.3
2025-11-03,ХОБ-001,Хобби,0,4,320.3
2025-11-04,ХОБ-001,Хобби,0,4,320.3
2025-11-05,ХОБ-001,Хобби,0,4,320.3
2025-11-06,ХОБ-001,Хобби,0,4,320.3
2025-11-07,ХОБ-001,Хобби,0,4,320.3
2025-11-08,ХОБ-001,Хобби,0,4,320.3
2025-11-09,ХОБ-001,Хобби,0,4,320.3
2025-11-10,ХОБ-001,Хобби,0,4,320.3
2025-11-11,ХОБ-001,Хобби,0,4,320.3
2025-11-12,ХОБ-001,Хобби,0,4,320.3
2025-11-13,ХОБ-001,Хобби,0,4,320.3
2025-11-14,ХОБ-001,Хобби,0,4,320.3
2025-11-15,ХОБ-001,Хобби,3,1,320.3
2025-11-16,ХОБ-001,Хобби,0,1,320.3
2025-11-17,ХОБ-001,Хобби,0,4,320.3
2025-11-18,ХОБ-001,Хобби,0,4,320.3
2025-11-19,ХОБ-001,Хобби,0,4,320.3
2025-11-20,ХОБ-001,Хобби,0,4,320.3
2025-11-21,ХОБ-001,Хобби,2,2,320.3
2025-11-22,ХОБ-001,Хобби,0,2,320.3
2025-11-23,ХОБ-001,Хобби,0,2,320.3
2025-11-24,ХОБ-001,Хобби,0,4,320.3
2025-11-25,ХОБ-001,Хобби,0,4,320.3
2025-11-26,ХОБ-001,Хобби,0,4,320.3
2025-11-27,ХОБ-001,Хобби,0,4,320.3
2025-11-28,ХОБ-001,Хобби,1,3,320.3
2025-11-29,ХОБ-001,Хобби,0,3,320.3
2025-11-30,ХОБ-001,Хобби,0,3,320.3
2025-12-01,ХОБ-001,Хобби,0,4,320.3
2025-12-02,ХОБ-001,Хобби,0,4,320.3
2025-12-03,ХОБ-001,Хобби,0,4,320.3
2025-12-04,ХОБ-001,Хобби,0,4,320.3
2025-12-05,ХОБ-001,Хобби,0,4,320.3
2025-12-06,ХОБ-001,Хобби,0,4,320.3
2025-12-07,ХОБ-001,Хобби,0,4,320.3
2025-12-08,ХОБ-001,Хобби,0,4,320.3
2025-12-09,ХОБ-001,Хобби,0,4,320.3
2025-12-10,ХОБ-001,Хобби,0,4,320.3
2025-12-11,ХОБ-001,Хобби,0,4,320.3
2025-12-12,ХОБ-001,Хобби,0,4,320.3
2025-12-13,ХОБ-001,Хобби,0,4,320.3
2025-12-14,ХОБ-001,Хобби,0,4,320.3
2025-12-15,ХОБ-001,Хобби,0,4,320.3
2025-12-16,ХОБ-001,Хобби,0,4,320.3
2025-12-17,ХОБ-001,Хобби,0,4,320.3
2025-12-18,ХОБ-001,Хобби,0,4,320.3
2025-12-19,ХОБ-001,Хобби,0,4,320.3
2025-12-20,ХОБ-001,Хобби,0,4,320.3
2025-12-21,ХОБ-001,Хобби,0,4,320.3
2025-12-22,ХОБ-001,Хобби,0,4,320.3
2025-12-23,ХОБ-001,Хобби,0,4,320.3
2025-12-24,ХОБ-001,Хобби,0,4,320.3
2025-12-25,ХОБ-001,Хобби,0,4,320.3
2025-12-26,ХОБ-001,Хобби,0,4,320.3
2025-12-27,ХОБ-001,Хобби,0,4,320.3
2025-12-28,ХОБ-001,Хобби,0,4,320.3
2025-12-29,ХОБ-001,Хобби,0,4,320.3
2025-12-30,ХОБ-001,Хобби,0,4,320.3
2025-12-31,ХОБ-001,Хобби,0,4,320.3
2026-01-01,ХОБ-001,Хобби,0,4,320.3
2026-01-02,ХОБ-001,Хобби,0,4,320.3
2026-01-03,ХОБ-001,Хобби,0,4,320.3
2026-01-04,ХОБ-001,Хобби,0,4,320.3
2026-01-05,ХОБ-001,Хобби,0,4,320.3
2026-01-06,ХОБ-001,Хобби,0,4,320.3
2026-01-07,ХОБ-001,Хобби,0,4,320.3
2026-01-08,ХОБ-001,Хобби,0,4,320.3
2026-01-09,ХОБ-001,Хобби,0,4,320.3
2026-01-10,ХОБ-001,Хобби,0,4,320.3
2026-01-11,ХОБ-001,Хобби,0,4,320.3
2026-01-12,ХОБ-001,Хобби,0,4,320.3
2026-01-13,ХОБ-001,Хобби,0,4,320.3
2026-01-14,ХОБ-001,Хобби,0,4,320.3
2026-01-15,ХОБ-001,Хобби,0,4,320.3
2026-01-16,ХОБ-001,Хобби,0,4,320.3
2026-01-17,ХОБ-001,Хобби,0,4,320.3
2026-01-18,ХОБ-001,Хобби,0,4,320.3
2026-01-19,ХОБ-001,Хобби,0,4,320.3
2026-01-20,ХОБ-001,Хобби,0,4,320.3
2026-01-21,ХОБ-001,Хобби,0,4,320.3
2026-01-22,ХОБ-001,Хобби,2,2,320.3
2026-01-23,ХОБ-001,Хобби,0,2,320.3
2026-01-24,ХОБ-001,Хобби,0,2,320.3
2026-01-25,ХОБ-001,Хобби,0,2,320.3
2026-01-26,ХОБ-001,Хобби,0,4,320.3
2026-01-27,ХОБ-001,Хобби,0,4,320.3
2026-01-28,ХОБ-001,Хобби,4,0,320.3
2026-01-29,ХОБ-001,Хобби,0,0,320.3
2026-01-30,ХОБ-001,Хобби,0,0,320.3
2026-01-31,ХОБ-001,Хобби,0,0,320.3
2026-02-01,ХОБ-001,Хобби,0,0,320.3
2026-02-02,ХОБ-001,Хобби,0,4,320.3
2026-02-03,ХОБ-001,Хобби,0,4,320.3
2026-02-04,ХОБ-001,Хобби,0,4,320.3
2026-02-05,ХОБ-001,Хобби,0,4,320.3
2026-02-06,ХОБ-001,Хобби,0,4,320.3
2026-02-07,ХОБ-001,Хобби,0,4,320.3
2026-02-08,ХОБ-001,Хобби,0,4,320.3
2026-02-09,ХОБ-001,Хобби,0,4,320.3
2026-02-10,ХОБ-001,Хобби,0,4,320.3
2026-02-11,ХОБ-001,Хобби,0,4,320.3
2026-02-12,ХОБ-001,Хобби,0,4,320.3
2026-02-13,ХОБ-001,Хобби,0,4,320.3
2026-02-14,ХОБ-001,Хобби,0,4,320.3
2026-02-15,ХОБ-001,Хобби,0,4,320.3
2026-02-16,ХОБ-001,Хобби,0,4,320.3
2026-02-17,ХОБ-001,Хобби,0,4,320.3
2026-02-18,ХОБ-001,Хобби,0,4,320.3
2026-02-19,ХОБ-001,Хобби,0,4,320.3
2026-02-20,ХОБ-001,Хобби,0,4,320.3
2026-02-21,ХОБ-001,Хобби,0,4,320.3
2026-02-22,ХОБ-001,Хобби,0,4,320.3
2026-02-23,ХОБ-001,Хобби,0,4,320.3
2026-02-24,ХОБ-001,Хобби,0,4,320.3
2026-02-25,ХОБ-001,Хобби,0,4,320.3
2026-02-26,ХОБ-001,Хобби,0,4,320.3
2026-02-27,ХОБ-001,Хобби,0,4,320.3
2026-02-28,ХОБ-001,Хобби,0,4,320.3
2026-03-01,ХОБ-001,Хобби,0,4,320.3
2026-03-02,ХОБ-001,Хобби,0,4,320.3
2026-03-03,ХОБ-001,Хобби,0,4,320.3
2026-03-04,ХОБ-001,Хобби,0,4,320.3
2026-03-05,ХОБ-001,Хобби,0,4,320.3
2026-03-06,ХОБ-001,Хобби,0,4,320.3
2026-03-07,ХОБ-001,Хобби,0,4,320.3
2026-03-08,ХОБ-001,Хобби,0,4,320.3
2026-03-09,ХОБ-001,Хобби,0,4,320.3
2026-03-10,ХОБ-001,Хобби,0,4,320.3
2026-03-11,ХОБ-001,Хобби,1,3,320.3
2026-03-12,ХОБ-001,Хобби,0,3,320.3
2026-03-13,ХОБ-001,Хобби,0,3,320.3
2026-03-14,ХОБ-001,Хобби,0,3,320.3
2026-03-15,ХОБ-001,Хобби,0,3,320.3
2026-03-16,ХОБ-001,Хобби,0,4,320.3
2026-03-17,ХОБ-001,Хобби,0,4,320.3
2026-03-18,ХОБ-001,Хобби,0,4,320.3
2026-03-19,ХОБ-001,Хобби,0,4,320.3
2026-03-20,ХОБ-001,Хобби,0,4,320.3
2026-03-21,ХОБ-001,Хобби,0,4,320.3
2026-03-22,ХОБ-001,Хобби,0,4,320.3
2026-03-23,ХОБ-001,Хобби,0,4,320.3
2026-03-24,ХОБ-001,Хобби,0,4,320.3
2026-03-25,ХОБ-001,Хобби,0,4,320.3
2026-03-26,ХОБ-001,Хобби,0,4,320.3
2026-03-27,ХОБ-001,Хобби,0,4,320.3
2026-03-28,ХОБ-001,Хобби,0,4,320.3
2026-03-29,ХОБ-001,Хобби,0,4,320.3
2026-03-30,ХОБ-001,Хобби,0,4,320.3
2026-03-31,ХОБ-001,Хобби,0,4,320.3
2026-04-01,ХОБ-001,Хобби,0,4,320.3
2026-04-02,ХОБ-001,Хобби,0,4,320.3
2026-04-03,ХОБ-001,Хобби,0,4,320.3
2026-04-04,ХОБ-001,Хобби,0,4,320.3
2026-04-05,ХОБ-001,Хобби,0,4,320.3
2026-04-06,ХОБ-001,Хобби,0,4,320.3
2026-04-07,ХОБ-001,Хобби,0,4,320.3
2026-04-08,ХОБ-001,Хобби,0,4,320.3
2026-04-09,ХОБ-001,Хобби,0,4,320.3
2026-04-10,ХОБ-001,Хобби,0,4,320.3
2026-04-11,ХОБ-001,Хобби,0,4,320.3
2026-04-12,ХОБ-001,Хобби,0,4,320.3
2026-04-13,ХОБ-001,Хобби,0,4,320.3
2026-04-14,ХОБ-001,Хобби,0,4,320.3
2026-04-15,ХОБ-001,Хобби,0,4,320.3
2026-04-16,ХОБ-001,Хобби,0,4,320.3
2026-04-17,ХОБ-001,Хобби,0,4,320.3
2026-04-18,ХОБ-001,Хобби,0,4,320.3
2026-04-19,ХОБ-001,Хобби,0,4,320.3
2026-04-20,ХОБ-001,Хобби,0,4,320.3
2026-04-21,ХОБ-001,Хобби,0,4,320.3
2026-04-22,ХОБ-001,Хобби,0,4,320.3
2026-04-23,ХОБ-001,Хобби,0,4,320.3
2026-04-24,ХОБ-001,Хобби,0,4,320.3
2026-04-25,ХОБ-001,Хобби,0,4,320.3
2026-04-26,ХОБ-001,Хобби,0,4,320.3
2026-04-27,ХОБ-001,Хобби,0,4,320.3
2026-04-28,ХОБ-001,Хобби,0,4,320.3
2026-04-29,ХОБ-001,Хобби,0,4,320.3
2026-04-30,ХОБ-001,Хобби,0,4,320.3
2026-05-01,ХОБ-001,Хобби,0,4,320.3
2026-05-02,ХОБ-001,Хобби,0,4,320.3
2026-05-03,ХОБ-001,Хобби,0,4,320.3
2026-05-04,ХОБ-001,Хобби,0,4,320.3
2026-05-05,ХОБ-001,Хобби,0,4,320.3
2026-05-06,ХОБ-001,Хобби,0,4,320.3
2026-05-07,ХОБ-001,Хобби,0,4,320.3
2026-05-08,ХОБ-001,Хобби,2,2,320.3
2026-05-09,ХОБ-001,Хобби,0,2,320.3
2026-05-10,ХОБ-001,Хобби,0,2,320.3
2026-05-11,ХОБ-001,Хобби,0,4,320.3
2026-05-12,ХОБ-001,Хобби,0,4,320.3
2026-05-13,ХОБ-001,Хобби,0,4,320.3
2026-05-14,ХОБ-001,Хобби,0,4,320.3
2026-05-15,ХОБ-001,Хобби,3,1,320.3
2026-05-16,ХОБ-001,Хобби,0,1,320.3
2026-05-17,ХОБ-001,Хобби,0,1,320.3
2026-05-18,ХОБ-001,Хобби,0,4,320.3
2026-05-19,ХОБ-001,Хобби,0,4,320.3
2026-05-20,ХОБ-001,Хобби,0,4,320.3
2026-05-21,ХОБ-001,Хобби,0,4,320.3
2026-05-22,ХОБ-001,Хобби,0,4,320.3
2026-05-23,ХОБ-001,Хобби,0,4,320.3
2026-05-24,ХОБ-001,Хобби,0,4,320.3
2026-05-25,ХОБ-001,Хобби,0,4,320.3
2026-05-26,ХОБ-001,Хобби,0,4,320.3
2026-05-27,ХОБ-001,Хобби,0,4,320.3
2026-05-28,ХОБ-001,Хобби,0,4,320.3
2026-05-29,ХОБ-001,Хобби,0,4,320.3
2026-05-30,ХОБ-001,Хобби,0,4,320.3
2026-05-31,ХОБ-001,Хобби,0,4,320.3
2026-06-01,ХОБ-001,Хобби,0,4,320.3
2026-06-02,ХОБ-001,Хобби,0,4,320.3
2026-06-03,ХОБ-001,Хобби,0,4,320.3
2026-06-04,ХОБ-001,Хобби,0,4,320.3
2026-06-05,ХОБ-001,Хобби,0,4,320.3
2026-06-06,ХОБ-001,Хобби,0,4,320.3
2026-06-07,ХОБ-001,Хобби,0,4,320.3
2026-06-08,ХОБ-001,Хобби,0,4,320.3
2026-06-09,ХОБ-001,Хобби,0,4,320.3
2026-06-10,ХОБ-001,Хобби,0,4,320.3
2026-06-11,ХОБ-001,Хобби,0,4,320.3
2026-06-12,ХОБ-001,Хобби,0,4,320.3
2026-06-13,ХОБ-001,Хобби,0,4,320.3
2026-06-14,ХОБ-001,Хобби,0,4,320.3
2026-06-15,ХОБ-001,Хобби,0,4,320.3
2026-06-16,ХОБ-001,Хобби,0,4,320.3
2026-06-17,ХОБ-001,Хобби,0,4,320.3
2026-06-18,ХОБ-001,Хобби,0,4,320.3
2026-06-19,ХОБ-001,Хобби,0,4,320.3
2026-06-20,ХОБ-001,Хобби,0,4,320.3
2026-06-21,ХОБ-001,Хобби,0,4,320.3
2026-06-22,ХОБ-001,Хобби,0,4,320.3
2026-06-23,ХОБ-001,Хобби,0,4,320.3
2026-06-24,ХОБ-001,Хобби,4,0,320.3
2026-06-25,ХОБ-001,Хобби,0,0,320.3
2026-06-26,ХОБ-001,Хобби,0,0,320.3
2026-06-27,ХОБ-001,Хобби,0,0,320.3
2026-06-28,ХОБ-001,Хобби,0,0,320.3
2026-06-29,ХОБ-001,Хобби,0,4,320.3
2026-06-30,ХОБ-001,Хобби,0,4,320.3
2026-07-01,ХОБ-001,Хобби,0,4,320.3
2026-07-02,ХОБ-001,Хобби,2,2,320.3
2026-07-03,ХОБ-001,Хобби,0,2,320.3
2026-07-04,ХОБ-001,Хобби,0,2,320.3
2026-07-05,ХОБ-001,Хобби,0,2,320.3
2026-07-06,ХОБ-001,Хобби,0,4,320.3
2026-07-07,ХОБ-001,Хобби,0,4,320.3
2026-07-08,ХОБ-001,Хобби,0,4,320.3
2026-07-09,ХОБ-001,Хобби,0,4,320.3
2026-07-10,ХОБ-001,Хобби,0,4,320.3
2026-07-11,ХОБ-001,Хобби,0,4,320.3
2026-07-12,ХОБ-001,Хобби,0,4,320.3
2026-07-13,ХОБ-001,Хобби,0,4,320.3
2026-07-14,ХОБ-001,Хобби,0,4,320.3
2026-07-15,ХОБ-001,Хобби,0,4,320.3
2026-07-16,ХОБ-001,Хобби,0,4,320.3
2026-07-17,ХОБ-001,Хобби,0,4,320.3
2026-07-18,ХОБ-001,Хобби,0,4,320.3
2026-07-19,ХОБ-001,Хобби,0,4,320.3
2026-07-20,ХОБ-001,Хобби,0,4,320.3
2026-07-21,ХОБ-001,Хобби,0,4,320.3
2026-07-22,ХОБ-001,Хобби,0,4,320.3
2026-07-23,ХОБ-001,Хобби,0,4,320.3
2026-07-24,ХОБ-001,Хобби,4,0,320.3
2026-07-25,ХОБ-001,Хобби,0,0,320.3
2026-07-26,ХОБ-001,Хобби,0,0,320.3
2026-07-27,ХОБ-001,Хобби,4,0,320.3
2026-07-28,ХОБ-001,Хобби,0,0,320.3
2026-07-29,ХОБ-001,Хобби,0,0,320.3
2026-07-30,ХОБ-001,Хобби,0,0,320.3
2026-07-31,ХОБ-001,Хобби,0,0,320.3
2026-08-01,ХОБ-001,Хобби,0,0,320.3
2026-08-02,ХОБ-001,Хобби,0,0,320.3
2026-08-03,ХОБ-001,Хобби,0,4,320.3
2026-08-04,ХОБ-001,Хобби,0,4,320.3
2026-08-05,ХОБ-001,Хобби,0,4,320.3
2026-08-06,ХОБ-001,Хобби,0,4,320.3
2026-08-07,ХОБ-001,Хобби,0,4,320.3
2026-08-08,ХОБ-001,Хобби,0,4,320.3
2026-08-09,ХОБ-001,Хобби,0,4,320.3
2026-08-10,ХОБ-001,Хобби,0,4,320.3
2026-08-11,ХОБ-001,Хобби,0,4,320.3
2026-08-12,ХОБ-001,Хобби,0,4,320.3
2026-08-13,ХОБ-001,Хобби,0,4,320.3
2026-08-14,ХОБ-001,Хобби,0,4,320.3
2026-08-15,ХОБ-001,Хобби,0,4,320.3
2026-08-16,ХОБ-001,Хобби,0,4,320.3
2026-08-17,ХОБ-001,Хобби,0,4,320.3
2026-08-18,ХОБ-001,Хобби,0,4,320.3
2026-08-19,ХОБ-001,Хобби,0,4,320.3
2026-08-20,ХОБ-001,Хобби,0,4,320.3
2026-08-21,ХОБ-001,Хобби,0,4,320.3
2026-08-22,ХОБ-001,Хобби,0,4,320.3
2026-08-23,ХОБ-001,Хобби,0,4,320.3
2026-08-24,ХОБ-001,Хобби,0,4,320.3
2026-08-25,ХОБ-001,Хобби,0,4,320.3
2026-08-26,ХОБ-001,Хобби,0,4,320.3
2026-08-27,ХОБ-001,Хобби,0,4,320.3
2026-08-28,ХОБ-001,Хобби,0,4,320.3
2026-08-29,ХОБ-001,Хобби,0,4,320.3
2026-08-30,ХОБ-001,Хобби,0,4,320.3
2026-08-31,ХОБ-001,Хобби,0,4,320.3
2026-09-01,ХОБ-001,Хобби,0,4,320.3
2026-09-02,ХОБ-001,Хобби,0,4,320.3
2026-09-03,ХОБ-001,Хобби,0,4,320.3
2026-09-04,ХОБ-001,Хобби,0,4,320.3
2026-09-05,ХОБ-001,Хобби,0,4,320.3
2026-09-06,ХОБ-001,Хобби,0,4,320.3
2026-09-07,ХОБ-001,Хобби,0,4,320.3
2026-09-08,ХОБ-001,Хобби,0,4,320.3
2026-09-09,ХОБ-001,Хобби,0,4,320.3
2026-09-10,ХОБ-001,Хобби,0,4,320.3
2026-09-11,ХОБ-001,Хобби,0,4,320.3
2026-09-12,ХОБ-001,Хобби,0,4,320.3
2026-09-13,ХОБ-001,Хобби,0,4,320.3
2026-09-14,ХОБ-001,Хобби,0,4,320.3
2026-09-15,ХОБ-001,Хобби,0,4,320.3
2026-09-16,ХОБ-001,Хобби,0,4,320.3
2026-09-17,ХОБ-001,Хобби,0,4,320.3
2026-09-18,ХОБ-001,Хобби,0,4,320.3
2026-09-19,ХОБ-001,Хобби,0,4,320.3
2026-09-20,ХОБ-001,Хобби,0,4,320.3
2026-09-21,ХОБ-001,Хобби,0,4,320.3
2026-09-22,ХОБ-001,Хобби,0,4,320.3
2026-09-23,ХОБ-001,Хобби,0,4,320.3
2026-09-24,ХОБ-001,Хобби,0,4,320.3
2026-09-25,ХОБ-001,Хобби,0,4,320.3
2026-09-26,ХОБ-001,Хобби,0,4,320.3
2026-09-27,ХОБ-001,Хобби,0,4,320.3
2026-09-28,ХОБ-001,Хобби,0,4,320.3
2026-09-29,ХОБ-001,Хобби,0,4,320.3
2026-09-30,ХОБ-001,Хобби,0,4,320.3
2025-06-01,ХОБ-002,Хобби,0,6,522.38
2025-06-02,ХОБ-002,Хобби,0,6,522.38
2025-06-03,ХОБ-002,Хобби,0,6,522.38
2025-06-04,ХОБ-002,Хобби,0,6,522.38
2025-06-05,ХОБ-002,Хобби,0,6,522.38
2025-06-06,ХОБ-002,Хобби,0,6,522.38
2025-06-07,ХОБ-002,Хобби,0,6,522.38
2025-06-08,ХОБ-002,Хобби,0,6,522.38
2025-06-09,ХОБ-002,Хобби,0,6,522.38
2025-06-10,ХОБ-002,Хобби,2,4,522.38
2025-06-11,ХОБ-002,Хобби,0,4,522.38
2025-06-12,ХОБ-002,Хобби,0,4,522.38
2025-06-13,ХОБ-002,Хобби,0,4,522.38
2025-06-14,ХОБ-002,Хобби,0,4,522.38
2025-06-15,ХОБ-002,Хобби,0,4,522.38
2025-06-16,ХОБ-002,Хобби,0,5,522.38
2025-06-17,ХОБ-002,Хобби,0,5,522.38
2025-06-18,ХОБ-002,Хобби,0,5,522.38
2025-06-19,ХОБ-002,Хобби,0,5,522.38
2025-06-20,ХОБ-002,Хобби,0,5,522.38
2025-06-21,ХОБ-002,Хобби,0,5,522.38
2025-06-22,ХОБ-002,Хобби,0,5,522.38
2025-06-23,ХОБ-002,Хобби,0,5,522.38
2025-06-24,ХОБ-002,Хобби,0,5,522.38
2025-06-25,ХОБ-002,Хобби,0,5,522.38
2025-06-26,ХОБ-002,Хобби,0,5,522.38
2025-06-27,ХОБ-002,Хобби,0,5,522.38
2025-06-28,ХОБ-002,Хобби,0,5,522.38
2025-06-29,ХОБ-002,Хобби,0,5,522.38
2025-06-30,ХОБ-002,Хобби,0,5,522.38
2025-07-01,ХОБ-002,Хобби,0,5,522.38
2025-07-02,ХОБ-002,Хобби,0,5,522.38
2025-07-03,ХОБ-002,Хобби,0,5,522.38
2025-07-04,ХОБ-002,Хобби,0,5,522.38
2025-07-05,ХОБ-002,Хобби,0,5,522.38
2025-07-06,ХОБ-002,Хобби,0,5,522.38
2025-07-07,ХОБ-002,Хобби,0,5,522.38
2025-07-08,ХОБ-002,Хобби,0,5,522.38
2025-07-09,ХОБ-002,Хобби,0,5,522.38
2025-07-10,ХОБ-002,Хобби,0,5,522.38
2025-07-11,ХОБ-002,Хобби,0,5,522.38
2025-07-12,ХОБ-002,Хобби,0,5,522.38
2025-07-13,ХОБ-002,Хобби,0,5,522.38
2025-07-14,ХОБ-002,Хобби,0,5,522.38
2025-07-15,ХОБ-002,Хобби,0,5,522.38
2025-07-16,ХОБ-002,Хобби,0,5,522.38
2025-07-17,ХОБ-002,Хобби,0,5,522.38
2025-07-18,ХОБ-002,Хобби,0,5,522.38
2025-07-19,ХОБ-002,Хобби,0,5,522.38
2025-07-20,ХОБ-002,Хобби,0,5,522.38
2025-07-21,ХОБ-002,Хобби,0,5,522.38
2025-07-22,ХОБ-002,Хобби,0,5,522.38
2025-07-23,ХОБ-002,Хобби,0,5,522.38
2025-07-24,ХОБ-002,Хобби,0,5,522.38
2025-07-25,ХОБ-002,Хобби,0,5,522.38
2025-07-26,ХОБ-002,Хобби,0,5,522.38
2025-07-27,ХОБ-002,Хобби,0,5,522.38
2025-07-28,ХОБ-002,Хобби,0,5,522.38
2025-07-29,ХОБ-002,Хобби,0,5,522.38
2025-07-30,ХОБ-002,Хобби,0,5,522.38
2025-07-31,ХОБ-002,Хобби,0,5,522.38
2025-08-01,ХОБ-002,Хобби,0,5,522.38
2025-08-02,ХОБ-002,Хобби,0,5,522.38
2025-08-03,ХОБ-002,Хобби,0,5,522.38
2025-08-04,ХОБ-002,Хобби,0,5,522.38
2025-08-05,ХОБ-002,Хобби,0,5,522.38
2025-08-06,ХОБ-002,Хобби,0,5,522.38
2025-08-07,ХОБ-002,Хобби,0,5,522.38
2025-08-08,ХОБ-002,Хобби,0,5,522.38
2025-08-09,ХОБ-002,Хобби,0,5,522.38
2025-08-10,ХОБ-002,Хобби,0,5,522.38
2025-08-11,ХОБ-002,Хобби,0,5,522.38
2025-08-12,ХОБ-002,Хобби,0,5,522.38
2025-08-13,ХОБ-002,Хобби,0,5,522.38
2025-08-14,ХОБ-002,Хобби,0,5,522.38
2025-08-15,ХОБ-002,Хобби,0,5,522.38
2025-08-16,ХОБ-002,Хобби,0,5,522.38
2025-08-17,ХОБ-002,Хобби,0,5,522.38
2025-08-18,ХОБ-002,Хобби,0,5,522.38
2025-08-19,ХОБ-002,Хобби,0,5,522.38
2025-08-20,ХОБ-002,Хобби,0,5,522.38
2025-08-21,ХОБ-002,Хобби,0,5,522.38
2025-08-22,ХОБ-002,Хобби,0,5,522.38
2025-08-23,ХОБ-002,Хобби,0,5,522.38
2025-08-24,ХОБ-002,Хобби,0,5,522.38
2025-08-25,ХОБ-002,Хобби,0,5,522.38
2025-08-26,ХОБ-002,Хобби,0,5,522.38
2025-08-27,ХОБ-002,Хобби,0,5,522.38
2025-08-28,ХОБ-002,Хобби,0,5,522.38
2025-08-29,ХОБ-002,Хобби,0,5,522.38
2025-08-30,ХОБ-002,Хобби,0,5,522.38
2025-08-31,ХОБ-002,Хобби,0,5,522.38
2025-09-01,ХОБ-002,Хобби,0,5,522.38
2025-09-02,ХОБ-002,Хобби,0,5,522.38
2025-09-03,ХОБ-002,Хобби,5,0,522.38
2025-09-04,ХОБ-002,Хобби,0,0,522.38
2025-09-05,ХОБ-002,Хобби,0,0,522.38
2025-09-06,ХОБ-002,Хобби,0,0,522.38
2025-09-07,ХОБ-002,Хобби,0,0,522.38
2025-09-08,ХОБ-002,Хобби,0,5,522.38
2025-09-09,ХОБ-002,Хобби,3,2,522.38
2025-09-10,ХОБ-002,Хобби,0,2,522.38
2025-09-11,ХОБ-002,Хобби,0,2,522.38
2025-09-12,ХОБ-002,Хобби,0,2,522.38
2025-09-13,ХОБ-002,Хобби,0,2,522.38
2025-09-14,ХОБ-002,Хобби,0,2,522.38
2025-09-15,ХОБ-002,Хобби,0,5,522.38
2025-09-16,ХОБ-002,Хобби,5,0,522.38
2025-09-17,ХОБ-002,Хобби,0,0,522.38
2025-09-18,ХОБ-002,Хобби,0,0,522.38
2025-09-19,ХОБ-002,Хобби,0,0,522.38
2025-09-20,ХОБ-002,Хобби,0,0,522.38
2025-09-21,ХОБ-002,Хобби,0,0,522.38
2025-09-22,ХОБ-002,Хобби,0,5,522.38
2025-09-23,ХОБ-002,Хобби,0,5,522.38
2025-09-24,ХОБ-002,Хобби,0,5,522.38
2025-09-25,ХОБ-002,Хобби,0,5,522.38
2025-09-26,ХОБ-002,Хобби,0,5,522.38
2025-09-27,ХОБ-002,Хобби,0,5,522.38
2025-09-28,ХОБ-002,Хобби,0,5,522.38
2025-09-29,ХОБ-002,Хобби,0,5,522.38
2025-09-30,ХОБ-002,Хобби,0,5,522.38
2025-10-01,ХОБ-002,Хобби,0,5,522.38
2025-10-02,ХОБ-002,Хобби,0,5,522.38
2025-10-03,ХОБ-002,Хобби,0,5,522.38
2025-10-04,ХОБ-002,Хобби,0,5,522.38
2025-10-05,ХОБ-002,Хобби,0,5,522.38
2025-10-06,ХОБ-002,Хобби,0,5,522.38
2025-10-07,ХОБ-002,Хобби,0,5,522.38
2025-10-08,ХОБ-002,Хобби,4,1,522.38
2025-10-09,ХОБ-002,Хобби,0,1,522.38
2025-10-10,ХОБ-002,Хобби,0,1,522.38
2025-10-11,ХОБ-002,Хобби,0,1,522.38
2025-10-12,ХОБ-002,Хобби,0,1,522.38
2025-10-13,ХОБ-002,Хобби,0,5,522.38
2025-10-14,ХОБ-002,Хобби,0,5,522.38
2025-10-15,ХОБ-002,Хобби,0,5,522.38
2025-10-16,ХОБ-002,Хобби,0,5,522.38
2025-10-17,ХОБ-002,Хобби,0,5,522.38
2025-10-18,ХОБ-002,Хобби,0,5,522.38
2025-10-19,ХОБ-002,Хобби,0,5,522.38
2025-10-20,ХОБ-002,Хобби,0,5,522.38
2025-10-21,ХОБ-002,Хобби,0,5,522.38
2025-10-22,ХОБ-002,Хобби,0,5,522.38
2025-10-23,ХОБ-002,Хобби,0,5,522.38
2025-10-24,ХОБ-002,Хобби,0,5,522.38
2025-10-25,ХОБ-002,Хобби,0,5,522.38
2025-10-26,ХОБ-002,Хобби,0,5,522.38
2025-10-27,ХОБ-002,Хобби,0,5,522.38
2025-10-28,ХОБ-002,Хобби,2,3,522.38
2025-10-29,ХОБ-002,Хобби,0,3,522.38
2025-10-30,ХОБ-002,Хобби,0,3,522.38
2025-10-31,ХОБ-002,Хобби,0,3,522.38
2025-11-01,ХОБ-002,Хобби,0,3,522.38
2025-11-02,ХОБ-002,Хобби,0,3,522.38
2025-11-03,ХОБ-002,Хобби,0,5,522.38
2025-11-04,ХОБ-002,Хобби,0,5,522.38
2025-11-05,ХОБ-002,Хобби,0,5,522.38
2025-11-06,ХОБ-002,Хобби,0,5,522.38
2025-11-07,ХОБ-002,Хобби,0,5,522.38
2025-11-08,ХОБ-002,Хобби,0,5,522.38
2025-11-09,ХОБ-002,Хобби,0,5,522.38
2025-11-10,ХОБ-002,Хобби,0,5,522.38
2025-11-11,ХОБ-002,Хобби,0,5,522.38
2025-11-12,ХОБ-002,Хобби,0,5,522.38
2025-11-13,ХОБ-002,Хобби,0,5,522.38
2025-11-14,ХОБ-002,Хобби,0,5,522.38
2025-11-15,ХОБ-002,Хобби,0,5,522.38
2025-11-16,ХОБ-002,Хобби,0,5,522.38
2025-11-17,ХОБ-002,Хобби,0,5,522.38
2025-11-18,ХОБ-002,Хобби,0,5,522.38
2025-11-19,ХОБ-002,Хобби,0,5,522.38
2025-11-20,ХОБ-002,Хобби,0,5,522.38
2025-11-21,ХОБ-002,Хобби,0,5,522.38
2025-11-22,ХОБ-002,Хобби,0,5,522.38
2025-11-23,ХОБ-002,Хобби,0,5,522.38
2025-11-24,ХОБ-002,Хобби,0,5,522.38
2025-11-25,ХОБ-002,Хобби,0,5,522.38
2025-11-26,ХОБ-002,Хобби,0,5,522.38
2025-11-27,ХОБ-002,Хобби,0,5,522.38
2025-11-28,ХОБ-002,Хобби,0,5,522.38
2025-11-29,ХОБ-002,Хобби,0,5,522.38
2025-11-30,ХОБ-002,Хобби,0,5,522.38
2025-12-01,ХОБ-002,Хобби,0,5,522.38
2025-12-02,ХОБ-002,Хобби,0,5,522.38
2025-12-03,ХОБ-002,Хобби,0,5,522.38
2025-12-04,ХОБ-002,Хобби,0,5,522.38
2025-12-05,ХОБ-002,Хобби,0,5,522.38
2025-12-06,ХОБ-002,Хобби,0,5,522.38
2025-12-07,ХОБ-002,Хобби,0,5,522.38
2025-12-08,ХОБ-002,Хобби,0,5,522.38
2025-12-09,ХОБ-002,Хобби,5,0,522.38
2025-12-10,ХОБ-002,Хобби,0,0,522.38
2025-12-11,ХОБ-002,Хобби,0,0,522.38
2025-12-12,ХОБ-002,Хобби,0,0,522.38
2025-12-13,ХОБ-002,Хобби,0,0,522.38
2025-12-14,ХОБ-002,Хобби,0,0,522.38
2025-12-15,ХОБ-002,Хобби,0,5,522.38
2025-12-16,ХОБ-002,Хобби,0,5,522.38
2025-12-17,ХОБ-002,Хобби,0,5,522.38
2025-12-18,ХОБ-002,Хобби,0,5,522.38
2025-12-19,ХОБ-002,Хобби,0,5,522.38
2025-12-20,ХОБ-002,Хобби,3,2,522.38
2025-12-21,ХОБ-002,Хобби,2,0,522.38
2025-12-22,ХОБ-002,Хобби,0,5,522.38
2025-12-23,ХОБ-002,Хобби,0,5,522.38
2025-12-24,ХОБ-002,Хобби,3,2,522.38
2025-12-25,ХОБ-002,Хобби,0,2,522.38
2025-12-26,ХОБ-002,Хобби,0,2,522.38
2025-12-27,ХОБ-002,Хобби,0,2,522.38
2025-12-28,ХОБ-002,Хобби,0,2,522.38
2025-12-29,ХОБ-002,Хобби,0,5,522.38
2025-12-30,ХОБ-002,Хобби,0,5,522.38
2025-12-31,ХОБ-002,Хобби,0,5,522.38
2026-01-01,ХОБ-002,Хобби,0,5,522.38
2026-01-02,ХОБ-002,Хобби,0,5,522.38
2026-01-03,ХОБ-002,Хобби,0,5,522.38
2026-01-04,ХОБ-002,Хобби,0,5,522.38
2026-01-05,ХОБ-002,Хобби,0,5,522.38
2026-01-06,ХОБ-002,Хобби,0,5,522.38
2026-01-07,ХОБ-002,Хобби,0,5,522.38
2026-01-08,ХОБ-002,Хобби,0,5,522.38
2026-01-09,ХОБ-002,Хобби,0,5,522.38
2026-01-10,ХОБ-002,Хобби,4,1,522.38
2026-01-11,ХОБ-002,Хобби,0,1,522.38
2026-01-12,ХОБ-002,Хобби,0,5,522.38
2026-01-13,ХОБ-002,Хобби,0,5,522.38
2026-01-14,ХОБ-002,Хобби,0,5,522.38
2026-01-15,ХОБ-002,Хобби,0,5,522.38
2026-01-16,ХОБ-002,Хобби,0,5,522.38
2026-01-17,ХОБ-002,Хобби,0,5,522.38
2026-01-18,ХОБ-002,Хобби,0,5,522.38
2026-01-19,ХОБ-002,Хобби,0,5,522.38
2026-01-20,ХОБ-002,Хобби,0,5,522.38
2026-01-21,ХОБ-002,Хобби,0,5,522.38
2026-01-22,ХОБ-002,Хобби,0,5,522.38
2026-01-23,ХОБ-002,Хобби,0,5,522.38
2026-01-24,ХОБ-002,Хобби,0,5,522.38
2026-01-25,ХОБ-002,Хобби,0,5,522.38
2026-01-26,ХОБ-002,Хобби,0,5,522.38
2026-01-27,ХОБ-002,Хобби,0,5,522.38
2026-01-28,ХОБ-002,Хобби,0,5,522.38
2026-01-29,ХОБ-002,Хобби,0,5,522.38
2026-01-30,ХОБ-002,Хобби,0,5,522.38
2026-01-31,ХОБ-002,Хобби,0,5,522.38
2026-02-01,ХОБ-002,Хобби,0,5,522.38
2026-02-02,ХОБ-002,Хобби,0,5,522.38
2026-02-03,ХОБ-002,Хобби,0,5,522.38
2026-02-04,ХОБ-002,Хобби,0,5,522.38
2026-02-05,ХОБ-002,Хобби,0,5,522.38
2026-02-06,ХОБ-002,Хобби,0,5,522.38
2026-02-07,ХОБ-002,Хобби,3,2,522.38
2026-02-08,ХОБ-002,Хобби,0,2,522.38
2026-02-09,ХОБ-002,Хобби,0,5,522.38
2026-02-10,ХОБ-002,Хобби,0,5,522.38
2026-02-11,ХОБ-002,Хобби,0,5,522.38
2026-02-12,ХОБ-002,Хобби,0,5,522.38
2026-02-13,ХОБ-002,Хобби,0,5,522.38
2026-02-14,ХОБ-002,Хобби,0,5,522.38
2026-02-15,ХОБ-002,Хобби,0,5,522.38
2026-02-16,ХОБ-002,Хобби,0,5,522.38
2026-02-17,ХОБ-002,Хобби,0,5,522.38
2026-02-18,ХОБ-002,Хобби,0,5,522.38
2026-02-19,ХОБ-002,Хобби,0,5,522.38
2026-02-20,ХОБ-002,Хобби,0,5,522.38
2026-02-21,ХОБ-002,Хобби,0,5,522.38
2026-02-22,ХОБ-002,Хобби,0,5,522.38
2026-02-23,ХОБ-002,Хобби,0,5,522.38
2026-02-24,ХОБ-002,Хобби,0,5,522.38
2026-02-25,ХОБ-002,Хобби,0,5,522.38
2026-02-26,ХОБ-002,Хобби,4,1,522.38
2026-02-27,ХОБ-002,Хобби,1,0,522.38
2026-02-28,ХОБ-002,Хобби,0,0,522.38
2026-03-01,ХОБ-002,Хобби,0,0,522.38
2026-03-02,ХОБ-002,Хобби,0,5,522.38
2026-03-03,ХОБ-002,Хобби,0,5,522.38
2026-03-04,ХОБ-002,Хобби,0,5,522.38
2026-03-05,ХОБ-002,Хобби,0,5,522.38
2026-03-06,ХОБ-002,Хобби,0,5,522.38
2026-03-07,ХОБ-002,Хобби,0,5,522.38
2026-03-08,ХОБ-002,Хобби,0,5,522.38
2026-03-09,ХОБ-002,Хобби,0,5,522.38
2026-03-10,ХОБ-002,Хобби,0,5,522.38
2026-03-11,ХОБ-002,Хобби,0,5,522.38
2026-03-12,ХОБ-002,Хобби,0,5,522.38
2026-03-13,ХОБ-002,Хобби,0,5,522.38
2026-03-14,ХОБ-002,Хобби,0,5,522.38
2026-03-15,ХОБ-002,Хобби,0,5,522.38
2026-03-16,ХОБ-002,Хобби,0,5,522.38
2026-03-17,ХОБ-002,Хобби,0,5,522.38
2026-03-18,ХОБ-002,Хобби,0,5,522.38
2026-03-19,ХОБ-002,Хобби,0,5,522.38
2026-03-20,ХОБ-002,Хобби,0,5,522.38
2026-03-21,ХОБ-002,Хобби,0,5,522.38
2026-03-22,ХОБ-002,Хобби,0,5,522.38
2026-03-23,ХОБ-002,Хобби,0,5,522.38
2026-03-24,ХОБ-002,Хобби,0,5,522.38
2026-03-25,ХОБ-002,Хобби,0,5,522.38
2026-03-26,ХОБ-002,Хобби,0,5,522.38
2026-03-27,ХОБ-002,Хобби,0,5,522.38
2026-03-28,ХОБ-002,Хобби,0,5,522.38
2026-03-29,ХОБ-002,Хобби,0,5,522.38
2026-03-30,ХОБ-002,Хобби,0,5,522.38
2026-03-31,ХОБ-002,Хобби,5,0,522.38
2026-04-01,ХОБ-002,Хобби,0,0,522.38
2026-04-02,ХОБ-002,Хобби,0,0,522.38
2026-04-03,ХОБ-002,Хобби,0,0,522.38
2026-04-04,ХОБ-002,Хобби,0,0,522.38
2026-04-05,ХОБ-002,Хобби,0,0,522.38
2026-04-06,ХОБ-002,Хобби,0,5,522.38
2026-04-07,ХОБ-002,Хобби,0,5,522.38
2026-04-08,ХОБ-002,Хобби,0,5,522.38
2026-04-09,ХОБ-002,Хобби,0,5,522.38
2026-04-10,ХОБ-002,Хобби,0,5,522.38
2026-04-11,ХОБ-002,Хобби,0,5,522.38
2026-04-12,ХОБ-002,Хобби,0,5,522.38
2026-04-13,ХОБ-002,Хобби,0,5,522.38
2026-04-14,ХОБ-002,Хобби,0,5,522.38
2026-04-15,ХОБ-002,Хобби,0,5,522.38
2026-04-16,ХОБ-002,Хобби,0,5,522.38
2026-04-17,ХОБ-002,Хобби,0,5,522.38
2026-04-18,ХОБ-002,Хобби,0,5,522.38
2026-04-19,ХОБ-002,Хобби,0,5,522.38
2026-04-20,ХОБ-002,Хобби,0,5,522.38
2026-04-21,ХОБ-002,Хобби,0,5,522.38
2026-04-22,ХОБ-002,Хобби,0,5,522.38
2026-04-23,ХОБ-002,Хобби,0,5,522.38
2026-04-24,ХОБ-002,Хобби,0,5,522.38
2026-04-25,ХОБ-002,Хобби,0,5,522.38
2026-04-26,ХОБ-002,Хобби,0,5,522.38
2026-04-27,ХОБ-002,Хобби,0,5,522.38
2026-04-28,ХОБ-002,Хобби,0,5,522.38
2026-04-29,ХОБ-002,Хобби,0,5,522.38
2026-04-30,ХОБ-002,Хобби,0,5,522.38
2026-05-01,ХОБ-002,Хобби,0,5,522.38
2026-05-02,ХОБ-002,Хобби,0,5,522.38
2026-05-03,ХОБ-002,Хобби,0,5,522.38
2026-05-04,ХОБ-002,Хобби,0,5,522.38
2026-05-05,ХОБ-002,Хобби,0,5,522.38
2026-05-06,ХОБ-002,Хобби,0,5,522.38
2026-05-07,ХОБ-002,Хобби,0,5,522.38
2026-05-08,ХОБ-002,Хобби,0,5,522.38
2026-05-09,ХОБ-002,Хобби,0,5,522.38
2026-05-10,ХОБ-002,Хобби,0,5,522.38
2026-05-11,ХОБ-002,Хобби,0,5,522.38
2026-05-12,ХОБ-002,Хобби,0,5,522.38
2026-05-13,ХОБ-002,Хобби,0,5,522.38
2026-05-14,ХОБ-002,Хобби,0,5,522.38
2026-05-15,ХОБ-002,Хобби,0,5,522.38
2026-05-16,ХОБ-002,Хобби,0,5,522.38
2026-05-17,ХОБ-002,Хобби,0,5,522.38
2026-05-18,ХОБ-002,Хобби,0,5,522.38
2026-05-19,ХОБ-002,Хобби,0,5,522.38
2026-05-20,ХОБ-002,Хобби,0,5,522.38
2026-05-21,ХОБ-002,Хобби,0,5,522.38
2026-05-22,ХОБ-002,Хобби,0,5,522.38
2026-05-23,ХОБ-002,Хобби,0,5,522.38
2026-05-24,ХОБ-002,Хобби,0,5,522.38
2026-05-25,ХОБ-002,Хобби,0,5,522.38
2026-05-26,ХОБ-002,Хобби,0,5,522.38
2026-05-27,ХОБ-002,Хобби,0,5,522.38
2026-05-28,ХОБ-002,Хобби,0,5,522.38
2026-05-29,ХОБ-002,Хобби,0,5,522.38
2026-05-30,ХОБ-002,Хобби,0,5,522.38
2026-05-31,ХОБ-002,Хобби,0,5,522.38
2026-06-01,ХОБ-002,Хобби,0,5,522.38
2026-06-02,ХОБ-002,Хобби,0,5,522.38
2026-06-03,ХОБ-002,Хобби,0,5,522.38
2026-06-04,ХОБ-002,Хобби,0,5,522.38
2026-06-05,ХОБ-002,Хобби,0,5,522.38
2026-06-06,ХОБ-002,Хобби,0,5,522.38
2026-06-07,ХОБ-002,Хобби,0,5,522.38
2026-06-08,ХОБ-002,Хобби,0,5,522.38
2026-06-09,ХОБ-002,Хобби,0,5,522.38
2026-06-10,ХОБ-002,Хобби,5,0,522.38
2026-06-11,ХОБ-002,Хобби,0,0,522.38
2026-06-12,ХОБ-002,Хобби,0,0,522.38
2026-06-13,ХОБ-002,Хобби,0,0,522.38
2026-06-14,ХОБ-002,Хобби,0,0,522.38
2026-06-15,ХОБ-002,Хобби,0,5,522.38
2026-06-16,ХОБ-002,Хобби,0,5,522.38
2026-06-17,ХОБ-002,Хобби,0,5,522.38
2026-06-18,ХОБ-002,Хобби,0,5,522.38
2026-06-19,ХОБ-002,Хобби,0,5,522.38
2026-06-20,ХОБ-002,Хобби,0,5,522.38
2026-06-21,ХОБ-002,Хобби,0,5,522.38
2026-06-22,ХОБ-002,Хобби,0,5,522.38
2026-06-23,ХОБ-002,Хобби,0,5,522.38
2026-06-24,ХОБ-002,Хобби,0,5,522.38
2026-06-25,ХОБ-002,Хобби,0,5,522.38
2026-06-26,ХОБ-002,Хобби,0,5,522.38
2026-06-27,ХОБ-002,Хобби,0,5,522.38
2026-06-28,ХОБ-002,Хобби,0,5,522.38
2026-06-29,ХОБ-002,Хобби,0,5,522.38
2026-06-30,ХОБ-002,Хобби,0,5,522.38
2026-07-01,ХОБ-002,Хобби,0,5,522.38
2026-07-02,ХОБ-002,Хобби,0,5,522.38
2026-07-03,ХОБ-002,Хобби,0,5,522.38
2026-07-04,ХОБ-002,Хобби,0,5,522.38
2026-07-05,ХОБ-002,Хобби,0,5,522.38
2026-07-06,ХОБ-002,Хобби,0,5,522.38
2026-07-07,ХОБ-002,Хобби,0,5,522.38
2026-07-08,ХОБ-002,Хобби,0,5,522.38
2026-07-09,ХОБ-002,Хобби,0,5,522.38
2026-07-10,ХОБ-002,Хобби,0,5,522.38
2026-07-11,ХОБ-002,Хобби,0,5,522.38
2026-07-12,ХОБ-002,Хобби,0,5,522.38
2026-07-13,ХОБ-002,Хобби,0,5,522.38
2026-07-14,ХОБ-002,Хобби,0,5,522.38
2026-07-15,ХОБ-002,Хобби,0,5,522.38
2026-07-16,ХОБ-002,Хобби,0,5,522.38
2026-07-17,ХОБ-002,Хобби,0,5,522.38
2026-07-18,ХОБ-002,Хобби,0,5,522.38
2026-07-19,ХОБ-002,Хобби,0,5,522.38
2026-07-20,ХОБ-002,Хобби,0,5,522.38
2026-07-21,ХОБ-002,Хобби,0,5,522.38
2026-07-22,ХОБ-002,Хобби,0,5,522.38
2026-07-23,ХОБ-002,Хобби,0,5,522.38
2026-07-24,ХОБ-002,Хобби,0,5,522.38
2026-07-25,ХОБ-002,Хобби,0,5,522.38
2026-07-26,ХОБ-002,Хобби,0,5,522.38
2026-07-27,ХОБ-002,Хобби,0,5,522.38
2026-07-28,ХОБ-002,Хобби,0,5,522.38
2026-07-29,ХОБ-002,Хобби,0,5,522.38
2026-07-30,ХОБ-002,Хобби,0,5,522.38
2026-07-31,ХОБ-002,Хобби,0,5,522.38
2026-08-01,ХОБ-002,Хобби,0,5,522.38
2026-08-02,ХОБ-002,Хобби,0,5,522.38
2026-08-03,ХОБ-002,Хобби,2,3,522.38
2026-08-04,ХОБ-002,Хобби,0,3,522.38
2026-08-05,ХОБ-002,Хобби,0,3,522.38
2026-08-06,ХОБ-002,Хобби,0,3,522.38
2026-08-07,ХОБ-002,Хобби,0,3,522.38
2026-08-08,ХОБ-002,Хобби,0,3,522.38
2026-08-09,ХОБ-002,Хобби,0,3,522.38
2026-08-10,ХОБ-002,Хобби,0,5,522.38
2026-08-11,ХОБ-002,Хобби,0,5,522.38
2026-08-12,ХОБ-002,Хобби,0,5,522.38
2026-08-13,ХОБ-002,Хобби,0,5,522.38
2026-08-14,ХОБ-002,Хобби,0,5,522.38
2026-08-15,ХОБ-002,Хобби,0,5,522.38
2026-08-16,ХОБ-002,Хобби,0,5,522.38
2026-08-17,ХОБ-002,Хобби,0,5,522.38
2026-08-18,ХОБ-002,Хобби,0,5,522.38
2026-08-19,ХОБ-002,Хобби,0,5,522.38
2026-08-20,ХОБ-002,Хобби,0,5,522.38
2026-08-21,ХОБ-002,Хобби,0,5,522.38
2026-08-22,ХОБ-002,Хобби,0,5,522.38
2026-08-23,ХОБ-002,Хобби,0,5,522.38
2026-08-24,ХОБ-002,Хобби,0,5,522.38
2026-08-25,ХОБ-002,Хобби,0,5,522.38
2026-08-26,ХОБ-002,Хобби,0,5,522.38
2026-08-27,ХОБ-002,Хобби,0,5,522.38
2026-08-28,ХОБ-002,Хобби,0,5,522.38
2026-08-29,ХОБ-002,Хобби,0,5,522.38
2026-08-30,ХОБ-002,Хобби,0,5,522.38
2026-08-31,ХОБ-002,Хобби,0,5,522.38
2026-09-01,ХОБ-002,Хобби,0,5,522.38
2026-09-02,ХОБ-002,Хобби,0,5,522.38
2026-09-03,ХОБ-002,Хобби,0,5,522.38
2026-09-04,ХОБ-002,Хобби,0,5,522.38
2026-09-05,ХОБ-002,Хобби,0,5,522.38
2026-09-06,ХОБ-002,Хобби,3,2,522.38
2026-09-07,ХОБ-002,Хобби,0,5,522.38
2026-09-08,ХОБ-002,Хобби,0,5,522.38
2026-09-09,ХОБ-002,Хобби,2,3,522.38
2026-09-10,ХОБ-002,Хобби,0,3,522.38
2026-09-11,ХОБ-002,Хобби,0,3,522.38
2026-09-12,ХОБ-002,Хобби,0,3,522.38
2026-09-13,ХОБ-002,Хобби,0,3,522.38
2026-09-14,ХОБ-002,Хобби,0,5,522.38
2026-09-15,ХОБ-002,Хобби,0,5,522.38
2026-09-16,ХОБ-002,Хобби,0,5,522.38
2026-09-17,ХОБ-002,Хобби,0,5,522.38
2026-09-18,ХОБ-002,Хобби,0,5,522.38
2026-09-19,ХОБ-002,Хобби,0,5,522.38
2026-09-20,ХОБ-002,Хобби,0,5,522.38
2026-09-21,ХОБ-002,Хобби,0,5,522.38
2026-09-22,ХОБ-002,Хобби,0,5,522.38
2026-09-23,ХОБ-002,Хобби,0,5,522.38
2026-09-24,ХОБ-002,Хобби,0,5,522.38
2026-09-25,ХОБ-002,Хобби,0,5,522.38
2026-09-26,ХОБ-002,Хобби,0,5,522.38
2026-09-27,ХОБ-002,Хобби,0,5,522.38
2026-09-28,ХОБ-002,Хобби,0,5,522.38
2026-09-29,ХОБ-002,Хобби,0,5,522.38
2026-09-30,ХОБ-002,Хобби,0,5,522.38
2025-06-01,ХОБ-003,Хобби,0,9,553.57
2025-06-02,ХОБ-003,Хобби,0,9,553.57
2025-06-03,ХОБ-003,Хобби,0,9,553.57
2025-06-04,ХОБ-003,Хобби,0,9,553.57
2025-06-05,ХОБ-003,Хобби,0,9,553.57
2025-06-06,ХОБ-003,Хобби,0,9,553.57
2025-06-07,ХОБ-003,Хобби,0,9,553.57
2025-06-08,ХОБ-003,Хобби,0,9,553.57
2025-06-09,ХОБ-003,Хобби,0,9,553.57
2025-06-10,ХОБ-003,Хобби,0,9,553.57
2025-06-11,ХОБ-003,Хобби,0,9,553.57
2025-06-12,ХОБ-003,Хобби,0,9,553.57
2025-06-13,ХОБ-003,Хобби,0,9,553.57
2025-06-14,ХОБ-003,Хобби,5,4,553.57
2025-06-15,ХОБ-003,Хобби,0,4,553.57
2025-06-16,ХОБ-003,Хобби,0,9,553.57
2025-06-17,ХОБ-003,Хобби,0,9,553.57
2025-06-18,ХОБ-003,Хобби,0,9,553.57
2025-06-19,ХОБ-003,Хобби,0,9,553.57
2025-06-20,ХОБ-003,Хобби,0,9,553.57
2025-06-21,ХОБ-003,Хобби,0,9,553.57
2025-06-22,ХОБ-003,Хобби,3,6,553.57
2025-06-23,ХОБ-003,Хобби,4,5,553.57
2025-06-24,ХОБ-003,Хобби,0,5,553.57
2025-06-25,ХОБ-003,Хобби,0,5,553.57
2025-06-26,ХОБ-003,Хобби,0,5,553.57
2025-06-27,ХОБ-003,Хобби,0,5,553.57
2025-06-28,ХОБ-003,Хобби,0,5,553.57
2025-06-29,ХОБ-003,Хобби,0,5,553.57
2025-06-30,ХОБ-003,Хобби,0,9,553.57
2025-07-01,ХОБ-003,Хобби,0,9,553.57
2025-07-02,ХОБ-003,Хобби,0,9,553.57
2025-07-03,ХОБ-003,Хобби,0,9,553.57
2025-07-04,ХОБ-003,Хобби,0,9,553.57
2025-07-05,ХОБ-003,Хобби,0,9,553.57
2025-07-06,ХОБ-003,Хобби,0,9,553.57
2025-07-07,ХОБ-003,Хобби,0,9,553.57
2025-07-08,ХОБ-003,Хобби,0,9,553.57
2025-07-09,ХОБ-003,Хобби,0,9,553.57
2025-07-10,ХОБ-003,Хобби,0,9,553.57
2025-07-11,ХОБ-003,Хобби,0,9,553.57
2025-07-12,ХОБ-003,Хобби,0,9,553.57
2025-07-13,ХОБ-003,Хобби,0,9,553.57
2025-07-14,ХОБ-003,Хобби,0,9,553.57
2025-07-15,ХОБ-003,Хобби,0,9,553.57
2025-07-16,ХОБ-003,Хобби,2,7,553.57
2025-07-17,ХОБ-003,Хобби,3,4,553.57
2025-07-18,ХОБ-003,Хобби,0,4,553.57
2025-07-19,ХОБ-003,Хобби,0,4,553.57
2025-07-20,ХОБ-003,Хобби,0,4,553.57
2025-07-21,ХОБ-003,Хобби,0,9,553.57
2025-07-22,ХОБ-003,Хобби,0,9,553.57
2025-07-23,ХОБ-003,Хобби,0,9,553.57
2025-07-24,ХОБ-003,Хобби,0,9,553.57
2025-07-25,ХОБ-003,Хобби,0,9,553.57
2025-07-26,ХОБ-003,Хобби,2,7,553.57
2025-07-27,ХОБ-003,Хобби,0,7,553.57
2025-07-28,ХОБ-003,Хобби,0,9,553.57
2025-07-29,ХОБ-003,Хобби,0,9,553.57
2025-07-30,ХОБ-003,Хобби,0,9,553.57
2025-07-31,ХОБ-003,Хобби,4,5,553.57
2025-08-01,ХОБ-003,Хобби,0,5,553.57
2025-08-02,ХОБ-003,Хобби,0,5,553.57
2025-08-03,ХОБ-003,Хобби,2,3,553.57
2025-08-04,ХОБ-003,Хобби,0,9,553.57
2025-08-05,ХОБ-003,Хобби,0,9,553.57
2025-08-06,ХОБ-003,Хобби,0,9,553.57
2025-08-07,ХОБ-003,Хобби,0,9,553.57
2025-08-08,ХОБ-003,Хобби,0,9,553.57
2025-08-09,ХОБ-003,Хобби,0,9,553.57
2025-08-10,ХОБ-003,Хобби,0,9,553.57
2025-08-11,ХОБ-003,Хобби,0,9,553.57
2025-08-12,ХОБ-003,Хобби,0,9,553.57
2025-08-13,ХОБ-003,Хобби,0,9,553.57
2025-08-14,ХОБ-003,Хобби,0,9,553.57
2025-08-15,ХОБ-003,Хобби,0,9,553.57
2025-08-16,ХОБ-003,Хобби,2,7,553.57
2025-08-17,ХОБ-003,Хобби,0,7,553.57
2025-08-18,ХОБ-003,Хобби,0,9,553.57
2025-08-19,ХОБ-003,Хобби,6,3,553.57
2025-08-20,ХОБ-003,Хобби,3,0,553.57
2025-08-21,ХОБ-003,Хобби,0,0,553.57
2025-08-22,ХОБ-003,Хобби,0,0,553.57
2025-08-23,ХОБ-003,Хобби,0,0,553.57
2025-08-24,ХОБ-003,Хобби,0,0,553.57
2025-08-25,ХОБ-003,Хобби,0,9,553.57
2025-08-26,ХОБ-003,Хобби,0,9,553.57
2025-08-27,ХОБ-003,Хобби,0,9,553.57
2025-08-28,ХОБ-003,Хобби,0,9,553.57
2025-08-29,ХОБ-003,Хобби,3,6,553.57
2025-08-30,ХОБ-003,Хобби,0,6,553.57
2025-08-31,ХОБ-003,Хобби,0,6,553.57
2025-09-01,ХОБ-003,Хобби,0,9,553.57
2025-09-02,ХОБ-003,Хобби,0,9,553.57
2025-09-03,ХОБ-003,Хобби,0,9,553.57
2025-09-04,ХОБ-003,Хобби,0,9,553.57
2025-09-05,ХОБ-003,Хобби,0,9,553.57
2025-09-06,ХОБ-003,Хобби,0,9,553.57
2025-09-07,ХОБ-003,Хобби,0,9,553.57
2025-09-08,ХОБ-003,Хобби,1,8,553.57
2025-09-09,ХОБ-003,Хобби,0,8,553.57
2025-09-10,ХОБ-003,Хобби,0,8,553.57
2025-09-11,ХОБ-003,Хобби,0,8,553.57
2025-09-12,ХОБ-003,Хобби,0,8,553.57
2025-09-13,ХОБ-003,Хобби,0,8,553.57
2025-09-14,ХОБ-003,Хобби,0,8,553.57
2025-09-15,ХОБ-003,Хобби,0,9,553.57
2025-09-16,ХОБ-003,Хобби,0,9,553.57
2025-09-17,ХОБ-003,Хобби,0,9,553.57
2025-09-18,ХОБ-003,Хобби,0,9,553.57
2025-09-19,ХОБ-003,Хобби,2,7,553.57
2025-09-20,ХОБ-003,Хобби,0,7,553.57
2025-09-21,ХОБ-003,Хобби,0,7,553.57
2025-09-22,ХОБ-003,Хобби,0,9,553.57
2025-09-23,ХОБ-003,Хобби,0,9,553.57
2025-09-24,ХОБ-003,Хобби,1,8,553.57
2025-09-25,ХОБ-003,Хобби,0,8,553.57
2025-09-26,ХОБ-003,Хобби,0,8,553.57
2025-09-27,ХОБ-003,Хобби,4,4,553.57
2025-09-28,ХОБ-003,Хобби,0,4,553.57
2025-09-29,ХОБ-003,Хобби,0,9,553.57
2025-09-30,ХОБ-003,Хобби,0,9,553.57
2025-10-01,ХОБ-003,Хобби,0,9,553.57
2025-10-02,ХОБ-003,Хобби,0,9,553.57
2025-10-03,ХОБ-003,Хобби,0,9,553.57
2025-10-04,ХОБ-003,Хобби,0,9,553.57
2025-10-05,ХОБ-003,Хобби,0,9,553.57
2025-10-06,ХОБ-003,Хобби,0,9,553.57
2025-10-07,ХОБ-003,Хобби,0,9,553.57
2025-10-08,ХОБ-003,Хобби,2,7,553.57
2025-10-09,ХОБ-003,Хобби,0,7,553.57
2025-10-10,ХОБ-003,Хобби,0,7,553.57
2025-10-11,ХОБ-003,Хобби,0,7,553.57
2025-10-12,ХОБ-003,Хобби,0,7,553.57
2025-10-13,ХОБ-003,Хобби,0,9,553.57
2025-10-14,ХОБ-003,Хобби,0,9,553.57
2025-10-15,ХОБ-003,Хобби,0,9,553.57
2025-10-16,ХОБ-003,Хобби,0,9,553.57
2025-10-17,ХОБ-003,Хобби,0,9,553.57
2025-10-18,ХОБ-003,Хобби,0,9,553.57
2025-10-19,ХОБ-003,Хобби,0,9,553.57
2025-10-20,ХОБ-003,Хобби,0,9,553.57
2025-10-21,ХОБ-003,Хобби,0,9,553.57
2025-10-22,ХОБ-003,Хобби,0,9,553.57
2025-10-23,ХОБ-003,Хобби,0,9,553.57
2025-10-24,ХОБ-003,Хобби,0,9,553.57
2025-10-25,ХОБ-003,Хобби,0,9,553.57
2025-10-26,ХОБ-003,Хобби,0,9,553.57
2025-10-27,ХОБ-003,Хобби,0,9,553.57
2025-10-28,ХОБ-003,Хобби,0,9,553.57
2025-10-29,ХОБ-003,Хобби,0,9,553.57
2025-10-30,ХОБ-003,Хобби,0,9,553.57
2025-10-31,ХОБ-003,Хобби,0,9,553.57
2025-11-01,ХОБ-003,Хобби,6,3,553.57
2025-11-02,ХОБ-003,Хобби,0,3,553.57
2025-11-03,ХОБ-003,Хобби,3,6,553.57
2025-11-04,ХОБ-003,Хобби,0,6,553.57
2025-11-05,ХОБ-003,Хобби,6,0,553.57
2025-11-06,ХОБ-003,Хобби,0,0,553.57
2025-11-07,ХОБ-003,Хобби,0,0,553.57
2025-11-08,ХОБ-003,Хобби,0,0,553.57
2025-11-09,ХОБ-003,Хобби,0,0,553.57
2025-11-10,ХОБ-003,Хобби,0,9,553.57
2025-11-11,ХОБ-003,Хобби,0,9,553.57
2025-11-12,ХОБ-003,Хобби,0,9,553.57
2025-11-13,ХОБ-003,Хобби,0,9,553.57
2025-11-14,ХОБ-003,Хобби,0,9,553.57
2025-11-15,ХОБ-003,Хобби,0,9,553.57
2025-11-16,ХОБ-003,Хобби,0,9,553.57
2025-11-17,ХОБ-003,Хобби,0,9,553.57
2025-11-18,ХОБ-003,Хобби,0,9,553.57
2025-11-19,ХОБ-003,Хобби,0,9,553.57
2025-11-20,ХОБ-003,Хобби,0,9,553.57
2025-11-21,ХОБ-003,Хобби,0,9,553.57
2025-11-22,ХОБ-003,Хобби,0,9,553.57
2025-11-23,ХОБ-003,Хобби,0,9,553.57
2025-11-24,ХОБ-003,Хобби,0,9,553.57
2025-11-25,ХОБ-003,Хобби,0,9,553.57
2025-11-26,ХОБ-003,Хобби,0,9,553.57
2025-11-27,ХОБ-003,Хобби,0,9,553.57
2025-11-28,ХОБ-003,Хобби,0,9,553.57
2025-11-29,ХОБ-003,Хобби,0,9,553.57
2025-11-30,ХОБ-003,Хобби,0,9,553.57
2025-12-01,ХОБ-003,Хобби,0,9,553.57
2025-12-02,ХОБ-003,Хобби,0,9,553.57
2025-12-03,ХОБ-003,Хобби,0,9,553.57
2025-12-04,ХОБ-003,Хобби,0,9,553.57
2025-12-05,ХОБ-003,Хобби,0,9,553.57
2025-12-06,ХОБ-003,Хобби,0,9,553.57
2025-12-07,ХОБ-003,Хобби,0,9,553.57
2025-12-08,ХОБ-003,Хобби,0,9,553.57
2025-12-09,ХОБ-003,Хобби,0,9,553.57
2025-12-10,ХОБ-003,Хобби,0,9,553.57
2025-12-11,ХОБ-003,Хобби,0,9,553.57
2025-12-12,ХОБ-003,Хобби,0,9,553.57
2025-12-13,ХОБ-003,Хобби,0,9,553.57
2025-12-14,ХОБ-003,Хобби,0,9,553.57
2025-12-15,ХОБ-003,Хобби,0,9,553.57
2025-12-16,ХОБ-003,Хобби,0,9,553.57
2025-12-17,ХОБ-003,Хобби,0,9,553.57
2025-12-18,ХОБ-003,Хобби,0,9,553.57
2025-12-19,ХОБ-003,Хобби,0,9,553.57
2025-12-20,ХОБ-003,Хобби,0,9,553.57
2025-12-21,ХОБ-003,Хобби,0,9,553.57
2025-12-22,ХОБ-003,Хобби,0,9,553.57
2025-12-23,ХОБ-003,Хобби,0,9,553.57
2025-12-24,ХОБ-003,Хобби,0,9,553.57
2025-12-25,ХОБ-003,Хобби,0,9,553.57
2025-12-26,ХОБ-003,Хобби,0,9,553.57
2025-12-27,ХОБ-003,Хобби,0,9,553.57
2025-12-28,ХОБ-003,Хобби,0,9,553.57
2025-12-29,ХОБ-003,Хобби,0,9,553.57
2025-12-30,ХОБ-003,Хобби,0,9,553.57
2025-12-31,ХОБ-003,Хобби,0,9,553.57
2026-01-01,ХОБ-003,Хобби,0,9,553.57
2026-01-02,ХОБ-003,Хобби,0,9,553.57
2026-01-03,ХОБ-003,Хобби,7,2,553.57
2026-01-04,ХОБ-003,Хобби,0,2,553.57
2026-01-05,ХОБ-003,Хобби,0,9,553.57
2026-01-06,ХОБ-003,Хобби,0,9,553.57
2026-01-07,ХОБ-003,Хобби,1,8,553.57
2026-01-08,ХОБ-003,Хобби,0,8,553.57
2026-01-09,ХОБ-003,Хобби,0,8,553.57
2026-01-10,ХОБ-003,Хобби,0,8,553.57
2026-01-11,ХОБ-003,Хобби,0,8,553.57
2026-01-12,ХОБ-003,Хобби,0,9,553.57
2026-01-13,ХОБ-003,Хобби,0,9,553.57
2026-01-14,ХОБ-003,Хобби,0,9,553.57
2026-01-15,ХОБ-003,Хобби,0,9,553.57
2026-01-16,ХОБ-003,Хобби,0,9,553.57
2026-01-17,ХОБ-003,Хобби,0,9,553.57
2026-01-18,ХОБ-003,Хобби,0,9,553.57
2026-01-19,ХОБ-003,Хобби,0,9,553.57
2026-01-20,ХОБ-003,Хобби,0,9,553.57
2026-01-21,ХОБ-003,Хобби,2,7,553.57
2026-01-22,ХОБ-003,Хобби,0,7,553.57
2026-01-23,ХОБ-003,Хобби,0,7,553.57
2026-01-24,ХОБ-003,Хобби,0,7,553.57
2026-01-25,ХОБ-003,Хобби,0,7,553.57
2026-01-26,ХОБ-003,Хобби,0,9,553.57
2026-01-27,ХОБ-003,Хобби,0,9,553.57
2026-01-28,ХОБ-003,Хобби,0,9,553.57
2026-01-29,ХОБ-003,Хобби,5,4,553.57
2026-01-30,ХОБ-003,Хобби,1,3,553.57
2026-01-31,ХОБ-003,Хобби,0,3,553.57
2026-02-01,ХОБ-003,Хобби,0,3,553.57
2026-02-02,ХОБ-003,Хобби,0,9,553.57
2026-02-03,ХОБ-003,Хобби,0,9,553.57
2026-02-04,ХОБ-003,Хобби,2,7,553.57
2026-02-05,ХОБ-003,Хобби,0,7,553.57
2026-02-06,ХОБ-003,Хобби,5,2,553.57
2026-02-07,ХОБ-003,Хобби,0,2,553.57
2026-02-08,ХОБ-003,Хобби,0,2,553.57
2026-02-09,ХОБ-003,Хобби,0,9,553.57
2026-02-10,ХОБ-003,Хобби,0,9,553.57
2026-02-11,ХОБ-003,Хобби,0,9,553.57
2026-02-12,ХОБ-003,Хобби,0,9,553.57
2026-02-13,ХОБ-003,Хобби,0,9,553.57
2026-02-14,ХОБ-003,Хобби,0,9,553.57
2026-02-15,ХОБ-003,Хобби,0,9,553.57
2026-02-16,ХОБ-003,Хобби,0,9,553.57
2026-02-17,ХОБ-003,Хобби,4,5,553.57
2026-02-18,ХОБ-003,Хобби,0,5,553.57
2026-02-19,ХОБ-003,Хобби,0,5,553.57
2026-02-20,ХОБ-003,Хобби,0,5,553.57
2026-02-21,ХОБ-003,Хобби,0,5,553.57
2026-02-22,ХОБ-003,Хобби,1,4,553.57
2026-02-23,ХОБ-003,Хобби,0,9,553.57
2026-02-24,ХОБ-003,Хобби,0,9,553.57
2026-02-25,ХОБ-003,Хобби,2,7,553.57
2026-02-26,ХОБ-003,Хобби,0,7,553.57
2026-02-27,ХОБ-003,Хобби,0,7,553.57
2026-02-28,ХОБ-003,Хобби,0,7,553.57
2026-03-01,ХОБ-003,Хобби,0,7,553.57
2026-03-02,ХОБ-003,Хобби,2,7,553.57
2026-03-03,ХОБ-003,Хобби,0,7,553.57
2026-03-04,ХОБ-003,Хобби,0,7,553.57
2026-03-05,ХОБ-003,Хобби,5,2,553.57
2026-03-06,ХОБ-003,Хобби,0,2,553.57
2026-03-07,ХОБ-003,Хобби,0,2,553.57
2026-03-08,ХОБ-003,Хобби,2,0,553.57
2026-03-09,ХОБ-003,Хобби,0,9,553.57
2026-03-10,ХОБ-003,Хобби,0,9,553.57
2026-03-11,ХОБ-003,Хобби,0,9,553.57
2026-03-12,ХОБ-003,Хобби,0,9,553.57
2026-03-13,ХОБ-003,Хобби,0,9,553.57
2026-03-14,ХОБ-003,Хобби,0,9,553.57
2026-03-15,ХОБ-003,Хобби,0,9,553.57
2026-03-16,ХОБ-003,Хобби,0,9,553.57
2026-03-17,ХОБ-003,Хобби,0,9,553.57
2026-03-18,ХОБ-003,Хобби,0,9,553.57
2026-03-19,ХОБ-003,Хобби,0,9,553.57
2026-03-20,ХОБ-003,Хобби,0,9,553.57
2026-03-21,ХОБ-003,Хобби,0,9,553.57
2026-03-22,ХОБ-003,Хобби,0,9,553.57
2026-03-23,ХОБ-003,Хобби,0,9,553.57
2026-03-24,ХОБ-003,Хобби,0,9,553.57
2026-03-25,ХОБ-003,Хобби,0,9,553.57
2026-03-26,ХОБ-003,Хобби,0,9,553.57
2026-03-27,ХОБ-003,Хобби,0,9,553.57
2026-03-28,ХОБ-003,Хобби,0,9,553.57
2026-03-29,ХОБ-003,Хобби,0,9,553.57
2026-03-30,ХОБ-003,Хобби,2,7,553.57
2026-03-31,ХОБ-003,Хобби,0,7,553.57
2026-04-01,ХОБ-003,Хобби,0,7,553.57
2026-04-02,ХОБ-003,Хобби,0,7,553.57
2026-04-03,ХОБ-003,Хобби,0,7,553.57
2026-04-04,ХОБ-003,Хобби,4,3,553.57
2026-04-05,ХОБ-003,Хобби,0,3,553.57
2026-04-06,ХОБ-003,Хобби,0,9,553.57
2026-04-07,ХОБ-003,Хобби,0,9,553.57
2026-04-08,ХОБ-003,Хобби,0,9,553.57
2026-04-09,ХОБ-003,Хобби,4,5,553.57
2026-04-10,ХОБ-003,Хобби,0,5,553.57
2026-04-11,ХОБ-003,Хобби,0,5,553.57
2026-04-12,ХОБ-003,Хобби,0,5,553.57
2026-04-13,ХОБ-003,Хобби,2,7,553.57
2026-04-14,ХОБ-003,Хобби,0,7,553.57
2026-04-15,ХОБ-003,Хобби,0,7,553.57
2026-04-16,ХОБ-003,Хобби,0,7,553.57
2026-04-17,ХОБ-003,Хобби,0,7,553.57
2026-04-18,ХОБ-003,Хобби,0,7,553.57
2026-04-19,ХОБ-003,Хобби,1,6,553.57
2026-04-20,ХОБ-003,Хобби,0,9,553.57
2026-04-21,ХОБ-003,Хобби,0,9,553.57
2026-04-22,ХОБ-003,Хобби,0,9,553.57
2026-04-23,ХОБ-003,Хобби,0,9,553.57
2026-04-24,ХОБ-003,Хобби,0,9,553.57
2026-04-25,ХОБ-003,Хобби,0,9,553.57
2026-04-26,ХОБ-003,Хобби,0,9,553.57
2026-04-27,ХОБ-003,Хобби,1,8,553.57
2026-04-28,ХОБ-003,Хобби,0,8,553.57
2026-04-29,ХОБ-003,Хобби,0,8,553.57
2026-04-30,ХОБ-003,Хобби,0,8,553.57
2026-05-01,ХОБ-003,Хобби,0,8,553.57
2026-05-02,ХОБ-003,Хобби,0,8,553.57
2026-05-03,ХОБ-003,Хобби,0,8,553.57
2026-05-04,ХОБ-003,Хобби,0,9,553.57
2026-05-05,ХОБ-003,Хобби,0,9,553.57
2026-05-06,ХОБ-003,Хобби,0,9,553.57
2026-05-07,ХОБ-003,Хобби,0,9,553.57
2026-05-08,ХОБ-003,Хобби,0,9,553.57
2026-05-09,ХОБ-003,Хобби,4,5,553.57
2026-05-10,ХОБ-003,Хобби,0,5,553.57
2026-05-11,ХОБ-003,Хобби,5,4,553.57
2026-05-12,ХОБ-003,Хобби,0,4,553.57
2026-05-13,ХОБ-003,Хобби,0,4,553.57
2026-05-14,ХОБ-003,Хобби,3,1,553.57
2026-05-15,ХОБ-003,Хобби,0,1,553.57
2026-05-16,ХОБ-003,Хобби,0,1,553.57
2026-05-17,ХОБ-003,Хобби,0,1,553.57
2026-05-18,ХОБ-003,Хобби,0,9,553.57
2026-05-19,ХОБ-003,Хобби,0,9,553.57
2026-05-20,ХОБ-003,Хобби,0,9,553.57
2026-05-21,ХОБ-003,Хобби,0,9,553.57
2026-05-22,ХОБ-003,Хобби,0,9,553.57
2026-05-23,ХОБ-003,Хобби,0,9,553.57
2026-05-24,ХОБ-003,Хобби,3,6,553.57
2026-05-25,ХОБ-003,Хобби,0,9,553.57
2026-05-26,ХОБ-003,Хобби,0,9,553.57
2026-05-27,ХОБ-003,Хобби,0,9,553.57
2026-05-28,ХОБ-003,Хобби,0,9,553.57
2026-05-29,ХОБ-003,Хобби,0,9,553.57
2026-05-30,ХОБ-003,Хобби,1,8,553.57
2026-05-31,ХОБ-003,Хобби,6,2,553.57
2026-06-01,ХОБ-003,Хобби,0,9,553.57
2026-06-02,ХОБ-003,Хобби,0,9,553.57
2026-06-03,ХОБ-003,Хобби,0,9,553.57
2026-06-04,ХОБ-003,Хобби,0,9,553.57
2026-06-05,ХОБ-003,Хобби,0,9,553.57
2026-06-06,ХОБ-003,Хобби,0,9,553.57
2026-06-07,ХОБ-003,Хобби,0,9,553.57
2026-06-08,ХОБ-003,Хобби,0,9,553.57
2026-06-09,ХОБ-003,Хобби,0,9,553.57
2026-06-10,ХОБ-003,Хобби,4,5,553.57
2026-06-11,ХОБ-003,Хобби,0,5,553.57
2026-06-12,ХОБ-003,Хобби,0,5,553.57
2026-06-13,ХОБ-003,Хобби,0,5,553.57
2026-06-14,ХОБ-003,Хобби,0,5,553.57
2026-06-15,ХОБ-003,Хобби,0,9,553.57
2026-06-16,ХОБ-003,Хобби,0,9,553.57
2026-06-17,ХОБ-003,Хобби,0,9,553.57
2026-06-18,ХОБ-003,Хобби,0,9,553.57
2026-06-19,ХОБ-003,Хобби,1,8,553.57
2026-06-20,ХОБ-003,Хобби,2,6,553.57
2026-06-21,ХОБ-003,Хобби,0,6,553.57
2026-06-22,ХОБ-003,Хобби,0,9,553.57
2026-06-23,ХОБ-003,Хобби,4,5,553.57
2026-06-24,ХОБ-003,Хобби,0,5,553.57
2026-06-25,ХОБ-003,Хобби,0,5,553.57
2026-06-26,ХОБ-003,Хобби,0,5,553.57
2026-06-27,ХОБ-003,Хобби,0,5,553.57
2026-06-28,ХОБ-003,Хобби,0,5,553.57
2026-06-29,ХОБ-003,Хобби,0,9,553.57
2026-06-30,ХОБ-003,Хобби,0,9,553.57
2026-07-01,ХОБ-003,Хобби,0,9,553.57
2026-07-02,ХОБ-003,Хобби,0,9,553.57
2026-07-03,ХОБ-003,Хобби,0,9,553.57
2026-07-04,ХОБ-003,Хобби,0,9,553.57
2026-07-05,ХОБ-003,Хобби,0,9,553.57
2026-07-06,ХОБ-003,Хобби,0,9,553.57
2026-07-07,ХОБ-003,Хобби,0,9,553.57
2026-07-08,ХОБ-003,Хобби,0,9,553.57
2026-07-09,ХОБ-003,Хобби,0,9,553.57
2026-07-10,ХОБ-003,Хобби,0,9,553.57
2026-07-11,ХОБ-003,Хобби,0,9,553.57
2026-07-12,ХОБ-003,Хобби,0,9,553.57
2026-07-13,ХОБ-003,Хобби,0,9,553.57
2026-07-14,ХОБ-003,Хобби,0,9,553.57
2026-07-15,ХОБ-003,Хобби,0,9,553.57
2026-07-16,ХОБ-003,Хобби,0,9,553.57
2026-07-17,ХОБ-003,Хобби,0,9,553.57
2026-07-18,ХОБ-003,Хобби,0,9,553.57
2026-07-19,ХОБ-003,Хобби,0,9,553.57
2026-07-20,ХОБ-003,Хобби,0,9,553.57
2026-07-21,ХОБ-003,Хобби,0,9,553.57
2026-07-22,ХОБ-003,Хобби,0,9,553.57
2026-07-23,ХОБ-003,Хобби,0,9,553.57
2026-07-24,ХОБ-003,Хобби,0,9,553.57
2026-07-25,ХОБ-003,Хобби,0,9,553.57
2026-07-26,ХОБ-003,Хобби,0,9,553.57
2026-07-27,ХОБ-003,Хобби,0,9,553.57
2026-07-28,ХОБ-003,Хобби,0,9,553.57
2026-07-29,ХОБ-003,Хобби,0,9,553.57
2026-07-30,ХОБ-003,Хобби,0,9,553.57
2026-07-31,ХОБ-003,Хобби,0,9,553.57
2026-08-01,ХОБ-003,Хобби,0,9,553.57
2026-08-02,ХОБ-003,Хобби,0,9,553.57
2026-08-03,ХОБ-003,Хобби,0,9,553.57
2026-08-04,ХОБ-003,Хобби,0,9,553.57
2026-08-05,ХОБ-003,Хобби,5,4,553.57
2026-08-06,ХОБ-003,Хобби,0,4,553.57
2026-08-07,ХОБ-003,Хобби,0,4,553.57
2026-08-08,ХОБ-003,Хобби,0,4,553.57
2026-08-09,ХОБ-003,Хобби,3,1,553.57
2026-08-10,ХОБ-003,Хобби,0,9,553.57
2026-08-11,ХОБ-003,Хобби,0,9,553.57
2026-08-12,ХОБ-003,Хобби,0,9,553.57
2026-08-13,ХОБ-003,Хобби,0,9,553.57
2026-08-14,ХОБ-003,Хобби,0,9,553.57
2026-08-15,ХОБ-003,Хобби,4,5,553.57
2026-08-16,ХОБ-003,Хобби,0,5,553.57
2026-08-17,ХОБ-003,Хобби,0,9,553.57
2026-08-18,ХОБ-003,Хобби,2,7,553.57
2026-08-19,ХОБ-003,Хобби,4,3,553.57
2026-08-20,ХОБ-003,Хобби,3,0,553.57
2026-08-21,ХОБ-003,Хобби,0,0,553.57
2026-08-22,ХОБ-003,Хобби,0,0,553.57
2026-08-23,ХОБ-003,Хобби,0,0,553.57
2026-08-24,ХОБ-003,Хобби,0,9,553.57
2026-08-25,ХОБ-003,Хобби,0,9,553.57
2026-08-26,ХОБ-003,Хобби,0,9,553.57
2026-08-27,ХОБ-003,Хобби,0,9,553.57
2026-08-28,ХОБ-003,Хобби,0,9,553.57
2026-08-29,ХОБ-003,Хобби,0,9,553.57
2026-08-30,ХОБ-003,Хобби,0,9,553.57
2026-08-31,ХОБ-003,Хобби,0,9,553.57
2026-09-01,ХОБ-003,Хобби,0,9,553.57
2026-09-02,ХОБ-003,Хобби,0,9,553.57
2026-09-03,ХОБ-003,Хобби,0,9,553.57
2026-09-04,ХОБ-003,Хобби,0,9,553.57
2026-09-05,ХОБ-003,Хобби,0,9,553.57
2026-09-06,ХОБ-003,Хобби,0,9,553.57
2026-09-07,ХОБ-003,Хобби,0,9,553.57
2026-09-08,ХОБ-003,Хобби,0,9,553.57
2026-09-09,ХОБ-003,Хобби,0,9,553.57
2026-09-10,ХОБ-003,Хобби,0,9,553.57
2026-09-11,ХОБ-003,Хобби,0,9,553.57
2026-09-12,ХОБ-003,Хобби,0,9,553.57
2026-09-13,ХОБ-003,Хобби,4,5,553.57
2026-09-14,ХОБ-003,Хобби,0,9,553.57
2026-09-15,ХОБ-003,Хобби,7,2,553.57
2026-09-16,ХОБ-003,Хобби,0,2,553.57
2026-09-17,ХОБ-003,Хобби,1,1,553.57
2026-09-18,ХОБ-003,Хобби,0,1,553.57
2026-09-19,ХОБ-003,Хобби,0,1,553.57
2026-09-20,ХОБ-003,Хобби,0,1,553.57
2026-09-21,ХОБ-003,Хобби,0,9,553.57
2026-09-22,ХОБ-003,Хобби,0,9,553.57
2026-09-23,ХОБ-003,Хобби,0,9,553.57
2026-09-24,ХОБ-003,Хобби,0,9,553.57
2026-09-25,ХОБ-003,Хобби,0,9,553.57
2026-09-26,ХОБ-003,Хобби,2,7,553.57
2026-09-27,ХОБ-003,Хобби,0,7,553.57
2026-09-28,ХОБ-003,Хобби,0,9,553.57
2026-09-29,ХОБ-003,Хобби,0,9,553.57
2026-09-30,ХОБ-003,Хобби,0,9,553.57
2025-06-01,ХОБ-004,Хобби,0,7,471.92
2025-06-02,ХОБ-004,Хобби,0,7,471.92
2025-06-03,ХОБ-004,Хобби,6,1,471.92
2025-06-04,ХОБ-004,Хобби,0,1,471.92
2025-06-05,ХОБ-004,Хобби,0,1,471.92
2025-06-06,ХОБ-004,Хобби,0,1,471.92
2025-06-07,ХОБ-004,Хобби,0,1,471.92
2025-06-08,ХОБ-004,Хобби,0,1,471.92
2025-06-09,ХОБ-004,Хобби,0,6,471.92
2025-06-10,ХОБ-004,Хобби,0,6,471.92
2025-06-11,ХОБ-004,Хобби,0,6,471.92
2025-06-12,ХОБ-004,Хобби,0,6,471.92
2025-06-13,ХОБ-004,Хобби,5,1,471.92
2025-06-14,ХОБ-004,Хобби,0,1,471.92
2025-06-15,ХОБ-004,Хобби,0,1,471.92
2025-06-16,ХОБ-004,Хобби,0,6,471.92
2025-06-17,ХОБ-004,Хобби,0,6,471.92
2025-06-18,ХОБ-004,Хобби,0,6,471.92
2025-06-19,ХОБ-004,Хобби,0,6,471.92
2025-06-20,ХОБ-004,Хобби,0,6,471.92
2025-06-21,ХОБ-004,Хобби,0,6,471.92
2025-06-22,ХОБ-004,Хобби,0,6,471.92
2025-06-23,ХОБ-004,Хобби,0,6,471.92
2025-06-24,ХОБ-004,Хобби,0,6,471.92
2025-06-25,ХОБ-004,Хобби,0,6,471.92
2025-06-26,ХОБ-004,Хобби,0,6,471.92
2025-06-27,ХОБ-004,Хобби,1,5,471.92
2025-06-28,ХОБ-004,Хобби,0,5,471.92
2025-06-29,ХОБ-004,Хобби,0,5,471.92
2025-06-30,ХОБ-004,Хобби,0,6,471.92
2025-07-01,ХОБ-004,Хобби,0,6,471.92
2025-07-02,ХОБ-004,Хобби,0,6,471.92
2025-07-03,ХОБ-004,Хобби,0,6,471.92
2025-07-04,ХОБ-004,Хобби,0,6,471.92
2025-07-05,ХОБ-004,Хобби,0,6,471.92
2025-07-06,ХОБ-004,Хобби,0,6,471.92
2025-07-07,ХОБ-004,Хобби,0,6,471.92
2025-07-08,ХОБ-004,Хобби,0,6,471.92
2025-07-09,ХОБ-004,Хобби,0,6,471.92
2025-07-10,ХОБ-004,Хобби,0,6,471.92
2025-07-11,ХОБ-004,Хобби,0,6,471.92
2025-07-12,ХОБ-004,Хобби,0,6,471.92
2025-07-13,ХОБ-004,Хобби,0,6,471.92
2025-07-14,ХОБ-004,Хобби,0,6,471.92
2025-07-15,ХОБ-004,Хобби,0,6,471.92
2025-07-16,ХОБ-004,Хобби,0,6,471.92
2025-07-17,ХОБ-004,Хобби,0,6,471.92
2025-07-18,ХОБ-004,Хобби,0,6,471.92
2025-07-19,ХОБ-004,Хобби,0,6,471.92
2025-07-20,ХОБ-004,Хобби,0,6,471.92
2025-07-21,ХОБ-004,Хобби,0,6,471.92
2025-07-22,ХОБ-004,Хобби,0,6,471.92
2025-07-23,ХОБ-004,Хобби,0,6,471.92
2025-07-24,ХОБ-004,Хобби,0,6,471.92
2025-07-25,ХОБ-004,Хобби,0,6,471.92
2025-07-26,ХОБ-004,Хобби,0,6,471.92
2025-07-27,ХОБ-004,Хобби,0,6,471.92
2025-07-28,ХОБ-004,Хобби,0,6,471.92
2025-07-29,ХОБ-004,Хобби,0,6,471.92
2025-07-30,ХОБ-004,Хобби,0,6,471.92
2025-07-31,ХОБ-004,Хобби,0,6,471.92
2025-08-01,ХОБ-004,Хобби,0,6,471.92
2025-08-02,ХОБ-004,Хобби,0,6,471.92
2025-08-03,ХОБ-004,Хобби,0,6,471.92
2025-08-04,ХОБ-004,Хобби,0,6,471.92
2025-08-05,ХОБ-004,Хобби,0,6,471.92
2025-08-06,ХОБ-004,Хобби,0,6,471.92
2025-08-07,ХОБ-004,Хобби,0,6,471.92
2025-08-08,ХОБ-004,Хобби,0,6,471.92
2025-08-09,ХОБ-004,Хобби,0,6,471.92
2025-08-10,ХОБ-004,Хобби,0,6,471.92
2025-08-11,ХОБ-004,Хобби,0,6,471.92
2025-08-12,ХОБ-004,Хобби,0,6,471.92
2025-08-13,ХОБ-004,Хобби,0,6,471.92
2025-08-14,ХОБ-004,Хобби,0,6,471.92
2025-08-15,ХОБ-004,Хобби,0,6,471.92
2025-08-16,ХОБ-004,Хобби,0,6,471.92
2025-08-17,ХОБ-004,Хобби,0,6,471.92
2025-08-18,ХОБ-004,Хобби,0,6,471.92
2025-08-19,ХОБ-004,Хобби,0,6,471.92
2025-08-20,ХОБ-004,Хобби,2,4,471.92
2025-08-21,ХОБ-004,Хобби,0,4,471.92
2025-08-22,ХОБ-004,Хобби,0,4,471.92
2025-08-23,ХОБ-004,Хобби,0,4,471.92
2025-08-24,ХОБ-004,Хобби,0,4,471.92
2025-08-25,ХОБ-004,Хобби,0,6,471.92
2025-08-26,ХОБ-004,Хобби,0,6,471.92
2025-08-27,ХОБ-004,Хобби,0,6,471.92
2025-08-28,ХОБ-004,Хобби,6,0,471.92
2025-08-29,ХОБ-004,Хобби,0,0,471.92
2025-08-30,ХОБ-004,Хобби,0,0,471.92
2025-08-31,ХОБ-004,Хобби,0,0,471.92
2025-09-01,ХОБ-004,Хобби,0,6,471.92
2025-09-02,ХОБ-004,Хобби,0,6,471.92
2025-09-03,ХОБ-004,Хобби,0,6,471.92
2025-09-04,ХОБ-004,Хобби,0,6,471.92
2025-09-05,ХОБ-004,Хобби,0,6,471.92
2025-09-06,ХОБ-004,Хобби,0,6,471.92
2025-09-07,ХОБ-004,Хобби,0,6,471.92
2025-09-08,ХОБ-004,Хобби,0,6,471.92
2025-09-09,ХОБ-004,Хобби,0,6,471.92
2025-09-10,ХОБ-004,Хобби,0,6,471.92
2025-09-11,ХОБ-004,Хобби,0,6,471.92
2025-09-12,ХОБ-004,Хобби,0,6,471.92
2025-09-13,ХОБ-004,Хобби,0,6,471.92
2025-09-14,ХОБ-004,Хобби,0,6,471.92
2025-09-15,ХОБ-004,Хобби,0,6,471.92
2025-09-16,ХОБ-004,Хобби,0,6,471.92
2025-09-17,ХОБ-004,Хобби,0,6,471.92
2025-09-18,ХОБ-004,Хобби,0,6,471.92
2025-09-19,ХОБ-004,Хобби,0,6,471.92
2025-09-20,ХОБ-004,Хобби,0,6,471.92
2025-09-21,ХОБ-004,Хобби,2,4,471.92
2025-09-22,ХОБ-004,Хобби,0,6,471.92
2025-09-23,ХОБ-004,Хобби,0,6,471.92
2025-09-24,ХОБ-004,Хобби,0,6,471.92
2025-09-25,ХОБ-004,Хобби,0,6,471.92
2025-09-26,ХОБ-004,Хобби,0,6,471.92
2025-09-27,ХОБ-004,Хобби,0,6,471.92
2025-09-28,ХОБ-004,Хобби,0,6,471.92
2025-09-29,ХОБ-004,Хобби,0,6,471.92
2025-09-30,ХОБ-004,Хобби,0,6,471.92
2025-10-01,ХОБ-004,Хобби,0,6,471.92
2025-10-02,ХОБ-004,Хобби,0,6,471.92
2025-10-03,ХОБ-004,Хобби,0,6,471.92
2025-10-04,ХОБ-004,Хобби,0,6,471.92
2025-10-05,ХОБ-004,Хобби,0,6,471.92
2025-10-06,ХОБ-004,Хобби,3,3,471.92
2025-10-07,ХОБ-004,Хобби,2,1,471.92
2025-10-08,ХОБ-004,Хобби,0,1,471.92
2025-10-09,ХОБ-004,Хобби,0,1,471.92
2025-10-10,ХОБ-004,Хобби,0,1,471.92
2025-10-11,ХОБ-004,Хобби,1,0,471.92
2025-10-12,ХОБ-004,Хобби,0,0,471.92
2025-10-13,ХОБ-004,Хобби,0,6,471.92
2025-10-14,ХОБ-004,Хобби,0,6,471.92
2025-10-15,ХОБ-004,Хобби,0,6,471.92
2025-10-16,ХОБ-004,Хобби,0,6,471.92
2025-10-17,ХОБ-004,Хобби,0,6,471.92
2025-10-18,ХОБ-004,Хобби,0,6,471.92
2025-10-19,ХОБ-004,Хобби,0,6,471.92
2025-10-20,ХОБ-004,Хобби,0,6,471.92
2025-10-21,ХОБ-004,Хобби,0,6,471.92
2025-10-22,ХОБ-004,Хобби,0,6,471.92
2025-10-23,ХОБ-004,Хобби,0,6,471.92
2025-10-24,ХОБ-004,Хобби,0,6,471.92
2025-10-25,ХОБ-004,Хобби,0,6,471.92
2025-10-26,ХОБ-004,Хобби,0,6,471.92
2025-10-27,ХОБ-004,Хобби,0,6,471.92
2025-10-28,ХОБ-004,Хобби,0,6,471.92
2025-10-29,ХОБ-004,Хобби,0,6,471.92
2025-10-30,ХОБ-004,Хобби,0,6,471.92
2025-10-31,ХОБ-004,Хобби,0,6,471.92
2025-11-01,ХОБ-004,Хобби,0,6,471.92
2025-11-02,ХОБ-004,Хобби,0,6,471.92
2025-11-03,ХОБ-004,Хобби,0,6,471.92
2025-11-04,ХОБ-004,Хобби,0,6,471.92
2025-11-05,ХОБ-004,Хобби,0,6,471.92
2025-11-06,ХОБ-004,Хобби,0,6,471.92
2025-11-07,ХОБ-004,Хобби,0,6,471.92
2025-11-08,ХОБ-004,Хобби,0,6,471.92
2025-11-09,ХОБ-004,Хобби,0,6,471.92
2025-11-10,ХОБ-004,Хобби,2,4,471.92
2025-11-11,ХОБ-004,Хобби,0,4,471.92
2025-11-12,ХОБ-004,Хобби,0,4,471.92
2025-11-13,ХОБ-004,Хобби,0,4,471.92
2025-11-14,ХОБ-004,Хобби,0,4,471.92
2025-11-15,ХОБ-004,Хобби,0,4,471.92
2025-11-16,ХОБ-004,Хобби,0,4,471.92
2025-11-17,ХОБ-004,Хобби,0,6,471.92
2025-11-18,ХОБ-004,Хобби,0,6,471.92
2025-11-19,ХОБ-004,Хобби,0,6,471.92
2025-11-20,ХОБ-004,Хобби,0,6,471.92
2025-11-21,ХОБ-004,Хобби,0,6,471.92
2025-11-22,ХОБ-004,Хобби,0,6,471.92
2025-11-23,ХОБ-004,Хобби,0,6,471.92
2025-11-24,ХОБ-004,Хобби,0,6,471.92
2025-11-25,ХОБ-004,Хобби,0,6,471.92
2025-11-26,ХОБ-004,Хобби,3,3,471.92
2025-11-27,ХОБ-004,Хобби,0,3,471.92
2025-11-28,ХОБ-004,Хобби,0,3,471.92
2025-11-29,ХОБ-004,Хобби,0,3,471.92
2025-11-30,ХОБ-004,Хобби,0,3,471.92
2025-12-01,ХОБ-004,Хобби,0,6,471.92
2025-12-02,ХОБ-004,Хобби,0,6,471.92
2025-12-03,ХОБ-004,Хобби,0,6,471.92
2025-12-04,ХОБ-004,Хобби,0,6,471.92
2025-12-05,ХОБ-004,Хобби,0,6,471.92
2025-12-06,ХОБ-004,Хобби,0,6,471.92
2025-12-07,ХОБ-004,Хобби,0,6,471.92
2025-12-08,ХОБ-004,Хобби,0,6,471.92
2025-12-09,ХОБ-004,Хобби,0,6,471.92
2025-12-10,ХОБ-004,Хобби,0,6,471.92
2025-12-11,ХОБ-004,Хобби,0,6,471.92
2025-12-12,ХОБ-004,Хобби,0,6,471.92
2025-12-13,ХОБ-004,Хобби,0,6,471.92
2025-12-14,ХОБ-004,Хобби,0,6,471.92
2025-12-15,ХОБ-004,Хобби,0,6,471.92
2025-12-16,ХОБ-004,Хобби,0,6,471.92
2025-12-17,ХОБ-004,Хобби,0,6,471.92
2025-12-18,ХОБ-004,Хобби,0,6,471.92
2025-12-19,ХОБ-004,Хобби,0,6,471.92
2025-12-20,ХОБ-004,Хобби,0,6,471.92
2025-12-21,ХОБ-004,Хобби,0,6,471.92
2025-12-22,ХОБ-004,Хобби,0,6,471.92
2025-12-23,ХОБ-004,Хобби,0,6,471.92
2025-12-24,ХОБ-004,Хобби,0,6,471.92
2025-12-25,ХОБ-004,Хобби,0,6,471.92
2025-12-26,ХОБ-004,Хобби,0,6,471.92
2025-12-27,ХОБ-004,Хобби,0,6,471.92
2025-12-28,ХОБ-004,Хобби,0,6,471.92
2025-12-29,ХОБ-004,Хобби,0,6,471.92
2025-12-30,ХОБ-004,Хобби,0,6,471.92
2025-12-31,ХОБ-004,Хобби,0,6,471.92
2026-01-01,ХОБ-004,Хобби,4,2,471.92
2026-01-02,ХОБ-004,Хобби,0,2,471.92
2026-01-03,ХОБ-004,Хобби,0,2,471.92
2026-01-04,ХОБ-004,Хобби,0,2,471.92
2026-01-05,ХОБ-004,Хобби,0,6,471.92
2026-01-06,ХОБ-004,Хобби,0,6,471.92
2026-01-07,ХОБ-004,Хобби,0,6,471.92
2026-01-08,ХОБ-004,Хобби,0,6,471.92
2026-01-09,ХОБ-004,Хобби,0,6,471.92
2026-01-10,ХОБ-004,Хобби,1,5,471.92
2026-01-11,ХОБ-004,Хобби,0,5,471.92
2026-01-12,ХОБ-004,Хобби,0,6,471.92
2026-01-13,ХОБ-004,Хобби,0,6,471.92
2026-01-14,ХОБ-004,Хобби,0,6,471.92
2026-01-15,ХОБ-004,Хобби,0,6,471.92
2026-01-16,ХОБ-004,Хобби,0,6,471.92
2026-01-17,ХОБ-004,Хобби,6,0,471.92
2026-01-18,ХОБ-004,Хобби,0,0,471.92
2026-01-19,ХОБ-004,Хобби,0,6,471.92
2026-01-20,ХОБ-004,Хобби,0,6,471.92
2026-01-21,ХОБ-004,Хобби,0,6,471.92
2026-01-22,ХОБ-004,Хобби,0,6,471.92
2026-01-23,ХОБ-004,Хобби,0,6,471.92
2026-01-24,ХОБ-004,Хобби,0,6,471.92
2026-01-25,ХОБ-004,Хобби,0,6,471.92
2026-01-26,ХОБ-004,Хобби,0,6,471.92
2026-01-27,ХОБ-004,Хобби,0,6,471.92
2026-01-28,ХОБ-004,Хобби,0,6,471.92
2026-01-29,ХОБ-004,Хобби,0,6,471.92
2026-01-30,ХОБ-004,Хобби,0,6,471.92
2026-01-31,ХОБ-004,Хобби,0,6,471.92
2026-02-01,ХОБ-004,Хобби,0,6,471.92
2026-02-02,ХОБ-004,Хобби,0,6,471.92
2026-02-03,ХОБ-004,Хобби,0,6,471.92
2026-02-04,ХОБ-004,Хобби,6,0,471.92
2026-02-05,ХОБ-004,Хобби,0,0,471.92
2026-02-06,ХОБ-004,Хобби,0,0,471.92
2026-02-07,ХОБ-004,Хобби,0,0,471.92
2026-02-08,ХОБ-004,Хобби,0,0,471.92
2026-02-09,ХОБ-004,Хобби,2,4,471.92
2026-02-10,ХОБ-004,Хобби,0,4,471.92
2026-02-11,ХОБ-004,Хобби,0,4,471.92
2026-02-12,ХОБ-004,Хобби,0,4,471.92
2026-02-13,ХОБ-004,Хобби,0,4,471.92
2026-02-14,ХОБ-004,Хобби,0,4,471.92
2026-02-15,ХОБ-004,Хобби,0,4,471.92
2026-02-16,ХОБ-004,Хобби,0,6,471.92
2026-02-17,ХОБ-004,Хобби,0,6,471.92
2026-02-18,ХОБ-004,Хобби,0,6,471.92
2026-02-19,ХОБ-004,Хобби,0,6,471.92
2026-02-20,ХОБ-004,Хобби,0,6,471.92
2026-02-21,ХОБ-004,Хобби,0,6,471.92
2026-02-22,ХОБ-004,Хобби,0,6,471.92
2026-02-23,ХОБ-004,Хобби,0,6,471.92
2026-02-24,ХОБ-004,Хобби,0,6,471.92
2026-02-25,ХОБ-004,Хобби,0,6,471.92
2026-02-26,ХОБ-004,Хобби,0,6,471.92
2026-02-27,ХОБ-004,Хобби,0,6,471.92
2026-02-28,ХОБ-004,Хобби,0,6,471.92
2026-03-01,ХОБ-004,Хобби,0,6,471.92
2026-03-02,ХОБ-004,Хобби,0,6,471.92
2026-03-03,ХОБ-004,Хобби,0,6,471.92
2026-03-04,ХОБ-004,Хобби,0,6,471.92
2026-03-05,ХОБ-004,Хобби,3,3,471.92
2026-03-06,ХОБ-004,Хобби,0,3,471.92
2026-03-07,ХОБ-004,Хобби,0,3,471.92
2026-03-08,ХОБ-004,Хобби,0,3,471.92
2026-03-09,ХОБ-004,Хобби,0,6,471.92
2026-03-10,ХОБ-004,Хобби,0,6,471.92
2026-03-11,ХОБ-004,Хобби,0,6,471.92
2026-03-12,ХОБ-004,Хобби,1,5,471.92
2026-03-13,ХОБ-004,Хобби,0,5,471.92
2026-03-14,ХОБ-004,Хобби,0,5,471.92
2026-03-15,ХОБ-004,Хобби,0,5,471.92
2026-03-16,ХОБ-004,Хобби,0,6,471.92
2026-03-17,ХОБ-004,Хобби,0,6,471.92
2026-03-18,ХОБ-004,Хобби,0,6,471.92
2026-03-19,ХОБ-004,Хобби,0,6,471.92
2026-03-20,ХОБ-004,Хобби,0,6,471.92
2026-03-21,ХОБ-004,Хобби,0,6,471.92
2026-03-22,ХОБ-004,Хобби,0,6,471.92
2026-03-23,ХОБ-004,Хобби,0,6,471.92
2026-03-24,ХОБ-004,Хобби,0,6,471.92
2026-03-25,ХОБ-004,Хобби,0,6,471.92
2026-03-26,ХОБ-004,Хобби,0,6,471.92
2026-03-27,ХОБ-004,Хобби,0,6,471.92
2026-03-28,ХОБ-004,Хобби,0,6,471.92
2026-03-29,ХОБ-004,Хобби,0,6,471.92
2026-03-30,ХОБ-004,Хобби,0,6,471.92
2026-03-31,ХОБ-004,Хобби,0,6,471.92
2026-04-01,ХОБ-004,Хобби,0,6,471.92
2026-04-02,ХОБ-004,Хобби,0,6,471.92
2026-04-03,ХОБ-004,Хобби,0,6,471.92
2026-04-04,ХОБ-004,Хобби,0,6,471.92
2026-04-05,ХОБ-004,Хобби,0,6,471.92
2026-04-06,ХОБ-004,Хобби,0,6,471.92
2026-04-07,ХОБ-004,Хобби,0,6,471.92
2026-04-08,ХОБ-004,Хобби,0,6,471.92
2026-04-09,ХОБ-004,Хобби,0,6,471.92
2026-04-10,ХОБ-004,Хобби,0,6,471.92
2026-04-11,ХОБ-004,Хобби,0,6,471.92
2026-04-12,ХОБ-004,Хобби,0,6,471.92
2026-04-13,ХОБ-004,Хобби,0,6,471.92
2026-04-14,ХОБ-004,Хобби,0,6,471.92
2026-04-15,ХОБ-004,Хобби,0,6,471.92
2026-04-16,ХОБ-004,Хобби,0,6,471.92
2026-04-17,ХОБ-004,Хобби,0,6,471.92
2026-04-18,ХОБ-004,Хобби,0,6,471.92
2026-04-19,ХОБ-004,Хобби,0,6,471.92
2026-04-20,ХОБ-004,Хобби,0,6,471.92
2026-04-21,ХОБ-004,Хобби,0,6,471.92
2026-04-22,ХОБ-004,Хобби,0,6,471.92
2026-04-23,ХОБ-004,Хобби,0,6,471.92
2026-04-24,ХОБ-004,Хобби,0,6,471.92
2026-04-25,ХОБ-004,Хобби,0,6,471.92
2026-04-26,ХОБ-004,Хобби,0,6,471.92
2026-04-27,ХОБ-004,Хобби,0,6,471.92
2026-04-28,ХОБ-004,Хобби,0,6,471.92
2026-04-29,ХОБ-004,Хобби,0,6,471.92
2026-04-30,ХОБ-004,Хобби,0,6,471.92
2026-05-01,ХОБ-004,Хобби,0,6,471.92
2026-05-02,ХОБ-004,Хобби,0,6,471.92
2026-05-03,ХОБ-004,Хобби,0,6,471.92
2026-05-04,ХОБ-004,Хобби,0,6,471.92
2026-05-05,ХОБ-004,Хобби,0,6,471.92
2026-05-06,ХОБ-004,Хобби,2,4,471.92
2026-05-07,ХОБ-004,Хобби,0,4,471.92
2026-05-08,ХОБ-004,Хобби,0,4,471.92
2026-05-09,ХОБ-004,Хобби,0,4,471.92
2026-05-10,ХОБ-004,Хобби,0,4,471.92
2026-05-11,ХОБ-004,Хобби,0,6,471.92
2026-05-12,ХОБ-004,Хобби,2,4,471.92
2026-05-13,ХОБ-004,Хобби,0,4,471.92
2026-05-14,ХОБ-004,Хобби,0,4,471.92
2026-05-15,ХОБ-004,Хобби,0,4,471.92
2026-05-16,ХОБ-004,Хобби,4,0,471.92
2026-05-17,ХОБ-004,Хобби,0,0,471.92
2026-05-18,ХОБ-004,Хобби,0,6,471.92
2026-05-19,ХОБ-004,Хобби,0,6,471.92
2026-05-20,ХОБ-004,Хобби,2,4,471.92
2026-05-21,ХОБ-004,Хобби,0,4,471.92
2026-05-22,ХОБ-004,Хобби,0,4,471.92
2026-05-23,ХОБ-004,Хобби,0,4,471.92
2026-05-24,ХОБ-004,Хобби,0,4,471.92
2026-05-25,ХОБ-004,Хобби,0,6,471.92
2026-05-26,ХОБ-004,Хобби,0,6,471.92
2026-05-27,ХОБ-004,Хобби,0,6,471.92
2026-05-28,ХОБ-004,Хобби,0,6,471.92
2026-05-29,ХОБ-004,Хобби,0,6,471.92
2026-05-30,ХОБ-004,Хобби,0,6,471.92
2026-05-31,ХОБ-004,Хобби,0,6,471.92
2026-06-01,ХОБ-004,Хобби,4,2,471.92
2026-06-02,ХОБ-004,Хобби,0,2,471.92
2026-06-03,ХОБ-004,Хобби,0,2,471.92
2026-06-04,ХОБ-004,Хобби,2,0,471.92
2026-06-05,ХОБ-004,Хобби,0,0,471.92
2026-06-06,ХОБ-004,Хобби,0,0,471.92
2026-06-07,ХОБ-004,Хобби,0,0,471.92
2026-06-08,ХОБ-004,Хобби,0,6,471.92
2026-06-09,ХОБ-004,Хобби,0,6,471.92
2026-06-10,ХОБ-004,Хобби,0,6,471.92
2026-06-11,ХОБ-004,Хобби,0,6,471.92
2026-06-12,ХОБ-004,Хобби,0,6,471.92
2026-06-13,ХОБ-004,Хобби,0,6,471.92
2026-06-14,ХОБ-004,Хобби,0,6,471.92
2026-06-15,ХОБ-004,Хобби,0,6,471.92
2026-06-16,ХОБ-004,Хобби,0,6,471.92
2026-06-17,ХОБ-004,Хобби,0,6,471.92
2026-06-18,ХОБ-004,Хобби,0,6,471.92
2026-06-19,ХОБ-004,Хобби,0,6,471.92
2026-06-20,ХОБ-004,Хобби,0,6,471.92
2026-06-21,ХОБ-004,Хобби,0,6,471.92
2026-06-22,ХОБ-004,Хобби,0,6,471.92
2026-06-23,ХОБ-004,Хобби,0,6,471.92
2026-06-24,ХОБ-004,Хобби,0,6,471.92
2026-06-25,ХОБ-004,Хобби,0,6,471.92
2026-06-26,ХОБ-004,Хобби,0,6,471.92
2026-06-27,ХОБ-004,Хобби,0,6,471.92
2026-06-28,ХОБ-004,Хобби,0,6,471.92
2026-06-29,ХОБ-004,Хобби,0,6,471.92
2026-06-30,ХОБ-004,Хобби,0,6,471.92
2026-07-01,ХОБ-004,Хобби,0,6,471.92
2026-07-02,ХОБ-004,Хобби,0,6,471.92
2026-07-03,ХОБ-004,Хобби,0,6,471.92
2026-07-04,ХОБ-004,Хобби,0,6,471.92
2026-07-05,ХОБ-004,Хобби,0,6,471.92
2026-07-06,ХОБ-004,Хобби,0,6,471.92
2026-07-07,ХОБ-004,Хобби,0,6,471.92
2026-07-08,ХОБ-004,Хобби,0,6,471.92
2026-07-09,ХОБ-004,Хобби,0,6,471.92
2026-07-10,ХОБ-004,Хобби,0,6,471.92
2026-07-11,ХОБ-004,Хобби,0,6,471.92
2026-07-12,ХОБ-004,Хобби,0,6,471.92
2026-07-13,ХОБ-004,Хобби,0,6,471.92
2026-07-14,ХОБ-004,Хобби,0,6,471.92
2026-07-15,ХОБ-004,Хобби,4,2,471.92
2026-07-16,ХОБ-004,Хобби,0,2,471.92
2026-07-17,ХОБ-004,Хобби,0,2,471.92
2026-07-18,ХОБ-004,Хобби,0,2,471.92
2026-07-19,ХОБ-004,Хобби,0,2,471.92
2026-07-20,ХОБ-004,Хобби,0,6,471.92
2026-07-21,ХОБ-004,Хобби,0,6,471.92
2026-07-22,ХОБ-004,Хобби,0,6,471.92
2026-07-23,ХОБ-004,Хобби,0,6,471.92
2026-07-24,ХОБ-004,Хобби,0,6,471.92
2026-07-25,ХОБ-004,Хобби,0,6,471.92
2026-07-26,ХОБ-004,Хобби,0,6,471.92
2026-07-27,ХОБ-004,Хобби,0,6,471.92
2026-07-28,ХОБ-004,Хобби,0,6,471.92
2026-07-29,ХОБ-004,Хобби,0,6,471.92
2026-07-30,ХОБ-004,Хобби,0,6,471.92
2026-07-31,ХОБ-004,Хобби,0,6,471.92
2026-08-01,ХОБ-004,Хобби,0,6,471.92
2026-08-02,ХОБ-004,Хобби,0,6,471.92
2026-08-03,ХОБ-004,Хобби,0,6,471.92
2026-08-04,ХОБ-004,Хобби,0,6,471.92
2026-08-05,ХОБ-004,Хобби,0,6,471.92
2026-08-06,ХОБ-004,Хобби,0,6,471.92
2026-08-07,ХОБ-004,Хобби,0,6,471.92
2026-08-08,ХОБ-004,Хобби,0,6,471.92
2026-08-09,ХОБ-004,Хобби,0,6,471.92
2026-08-10,ХОБ-004,Хобби,0,6,471.92
2026-08-11,ХОБ-004,Хобби,0,6,471.92
2026-08-12,ХОБ-004,Хобби,0,6,471.92
2026-08-13,ХОБ-004,Хобби,0,6,471.92
2026-08-14,ХОБ-004,Хобби,0,6,471.92
2026-08-15,ХОБ-004,Хобби,2,4,471.92
2026-08-16,ХОБ-004,Хобби,2,2,471.92
2026-08-17,ХОБ-004,Хобби,0,6,471.92
2026-08-18,ХОБ-004,Хобби,0,6,471.92
2026-08-19,ХОБ-004,Хобби,0,6,471.92
2026-08-20,ХОБ-004,Хобби,0,6,471.92
2026-08-21,ХОБ-004,Хобби,0,6,471.92
2026-08-22,ХОБ-004,Хобби,0,6,471.92
2026-08-23,ХОБ-004,Хобби,0,6,471.92
2026-08-24,ХОБ-004,Хобби,3,3,471.92
2026-08-25,ХОБ-004,Хобби,0,3,471.92
2026-08-26,ХОБ-004,Хобби,0,3,471.92
2026-08-27,ХОБ-004,Хобби,0,3,471.92
2026-08-28,ХОБ-004,Хобби,0,3,471.92
2026-08-29,ХОБ-004,Хобби,0,3,471.92
2026-08-30,ХОБ-004,Хобби,0,3,471.92
2026-08-31,ХОБ-004,Хобби,0,6,471.92
2026-09-01,ХОБ-004,Хобби,0,6,471.92
2026-09-02,ХОБ-004,Хобби,0,6,471.92
2026-09-03,ХОБ-004,Хобби,2,4,471.92
2026-09-04,ХОБ-004,Хобби,0,4,471.92
2026-09-05,ХОБ-004,Хобби,0,4,471.92
2026-09-06,ХОБ-004,Хобби,0,4,471.92
2026-09-07,ХОБ-004,Хобби,0,6,471.92
2026-09-08,ХОБ-004,Хобби,0,6,471.92
2026-09-09,ХОБ-004,Хобби,0,6,471.92
2026-09-10,ХОБ-004,Хобби,0,6,471.92
2026-09-11,ХОБ-004,Хобби,0,6,471.92
2026-09-12,ХОБ-004,Хобби,0,6,471.92
2026-09-13,ХОБ-004,Хобби,0,6,471.92
2026-09-14,ХОБ-004,Хобби,0,6,471.92
2026-09-15,ХОБ-004,Хобби,0,6,471.92
2026-09-16,ХОБ-004,Хобби,0,6,471.92
2026-09-17,ХОБ-004,Хобби,0,6,471.92
2026-09-18,ХОБ-004,Хобби,0,6,471.92
2026-09-19,ХОБ-004,Хобби,0,6,471.92
2026-09-20,ХОБ-004,Хобби,0,6,471.92
2026-09-21,ХОБ-004,Хобби,0,6,471.92
2026-09-22,ХОБ-004,Хобби,5,1,471.92
2026-09-23,ХОБ-004,Хобби,0,1,471.92
2026-09-24,ХОБ-004,Хобби,0,1,471.92
2026-09-25,ХОБ-004,Хобби,0,1,471.92
2026-09-26,ХОБ-004,Хобби,0,1,471.92
2026-09-27,ХОБ-004,Хобби,0,1,471.92
2026-09-28,ХОБ-004,Хобби,0,6,471.92
2026-09-29,ХОБ-004,Хобби,0,6,471.92
2026-09-30,ХОБ-004,Хобби,0,6,471.92
2025-06-01,ХОБ-005,Хобби,0,12,410.12
2025-06-02,ХОБ-005,Хобби,0,12,410.12
2025-06-03,ХОБ-005,Хобби,0,12,410.12
2025-06-04,ХОБ-005,Хобби,0,12,410.12
2025-06-05,ХОБ-005,Хобби,0,12,410.12
2025-06-06,ХОБ-005,Хобби,0,12,410.12
2025-06-07,ХОБ-005,Хобби,0,12,410.12
2025-06-08,ХОБ-005,Хобби,0,12,410.12
2025-06-09,ХОБ-005,Хобби,0,12,410.12
2025-06-10,ХОБ-005,Хобби,0,12,410.12
2025-06-11,ХОБ-005,Хобби,0,12,410.12
2025-06-12,ХОБ-005,Хобби,0,12,410.12
2025-06-13,ХОБ-005,Хобби,0,12,410.12
2025-06-14,ХОБ-005,Хобби,0,12,410.12
2025-06-15,ХОБ-005,Хобби,1,11,410.12
2025-06-16,ХОБ-005,Хобби,0,12,410.12
2025-06-17,ХОБ-005,Хобби,0,12,410.12
2025-06-18,ХОБ-005,Хобби,3,9,410.12
2025-06-19,ХОБ-005,Хобби,0,9,410.12
2025-06-20,ХОБ-005,Хобби,0,9,410.12
2025-06-21,ХОБ-005,Хобби,2,7,410.12
2025-06-22,ХОБ-005,Хобби,2,5,410.12
2025-06-23,ХОБ-005,Хобби,0,12,410.12
2025-06-24,ХОБ-005,Хобби,0,12,410.12
2025-06-25,ХОБ-005,Хобби,0,12,410.12
2025-06-26,ХОБ-005,Хобби,0,12,410.12
2025-06-27,ХОБ-005,Хобби,0,12,410.12
2025-06-28,ХОБ-005,Хобби,4,8,410.12
2025-06-29,ХОБ-005,Хобби,0,8,410.12
2025-06-30,ХОБ-005,Хобби,0,12,410.12
2025-07-01,ХОБ-005,Хобби,0,12,410.12
2025-07-02,ХОБ-005,Хобби,0,12,410.12
2025-07-03,ХОБ-005,Хобби,0,12,410.12
2025-07-04,ХОБ-005,Хобби,0,12,410.12
2025-07-05,ХОБ-005,Хобби,4,8,410.12
2025-07-06,ХОБ-005,Хобби,5,3,410.12
2025-07-07,ХОБ-005,Хобби,0,12,410.12
2025-07-08,ХОБ-005,Хобби,3,9,410.12
2025-07-09,ХОБ-005,Хобби,0,9,410.12
2025-07-10,ХОБ-005,Хобби,0,9,410.12
2025-07-11,ХОБ-005,Хобби,4,5,410.12
2025-07-12,ХОБ-005,Хобби,0,5,410.12
2025-07-13,ХОБ-005,Хобби,0,5,410.12
2025-07-14,ХОБ-005,Хобби,4,8,410.12
2025-07-15,ХОБ-005,Хобби,0,8,410.12
2025-07-16,ХОБ-005,Хобби,0,8,410.12
2025-07-17,ХОБ-005,Хобби,4,4,410.12
2025-07-18,ХОБ-005,Хобби,0,4,410.12
2025-07-19,ХОБ-005,Хобби,0,4,410.12
2025-07-20,ХОБ-005,Хобби,0,4,410.12
2025-07-21,ХОБ-005,Хобби,0,12,410.12
2025-07-22,ХОБ-005,Хобби,6,6,410.12
2025-07-23,ХОБ-005,Хобби,2,4,410.12
2025-07-24,ХОБ-005,Хобби,0,4,410.12
2025-07-25,ХОБ-005,Хобби,0,4,410.12
2025-07-26,ХОБ-005,Хобби,0,4,410.12
2025-07-27,ХОБ-005,Хобби,0,4,410.12
2025-07-28,ХОБ-005,Хобби,5,7,410.12
2025-07-29,ХОБ-005,Хобби,0,7,410.12
2025-07-30,ХОБ-005,Хобби,0,7,410.12
2025-07-31,ХОБ-005,Хобби,2,5,410.12
2025-08-01,ХОБ-005,Хобби,3,2,410.12
2025-08-02,ХОБ-005,Хобби,0,2,410.12
2025-08-03,ХОБ-005,Хобби,2,0,410.12
2025-08-04,ХОБ-005,Хобби,0,12,410.12
2025-08-05,ХОБ-005,Хобби,0,12,410.12
2025-08-06,ХОБ-005,Хобби,0,12,410.12
2025-08-07,ХОБ-005,Хобби,0,12,410.12
2025-08-08,ХОБ-005,Хобби,4,8,410.12
2025-08-09,ХОБ-005,Хобби,1,7,410.12
2025-08-10,ХОБ-005,Хобби,0,7,410.12
2025-08-11,ХОБ-005,Хобби,0,12,410.12
2025-08-12,ХОБ-005,Хобби,0,12,410.12
2025-08-13,ХОБ-005,Хобби,4,8,410.12
2025-08-14,ХОБ-005,Хобби,2,6,410.12
2025-08-15,ХОБ-005,Хобби,1,5,410.12
2025-08-16,ХОБ-005,Хобби,0,5,410.12
2025-08-17,ХОБ-005,Хобби,5,0,410.12
2025-08-18,ХОБ-005,Хобби,0,12,410.12
2025-08-19,ХОБ-005,Хобби,0,12,410.12
2025-08-20,ХОБ-005,Хобби,0,12,410.12
2025-08-21,ХОБ-005,Хобби,0,12,410.12
2025-08-22,ХОБ-005,Хобби,0,12,410.12
2025-08-23,ХОБ-005,Хобби,0,12,410.12
2025-08-24,ХОБ-005,Хобби,0,12,410.12
2025-08-25,ХОБ-005,Хобби,2,10,410.12
2025-08-26,ХОБ-005,Хобби,0,10,410.12
2025-08-27,ХОБ-005,Хобби,4,6,410.12
2025-08-28,ХОБ-005,Хобби,0,6,410.12
2025-08-29,ХОБ-005,Хобби,0,6,410.12
2025-08-30,ХОБ-005,Хобби,0,6,410.12
2025-08-31,ХОБ-005,Хобби,0,6,410.12
2025-09-01,ХОБ-005,Хобби,0,12,410.12
2025-09-02,ХОБ-005,Хобби,0,12,410.12
2025-09-03,ХОБ-005,Хобби,0,12,410.12
2025-09-04,ХОБ-005,Хобби,4,8,410.12
2025-09-05,ХОБ-005,Хобби,3,5,410.12
2025-09-06,ХОБ-005,Хобби,0,5,410.12
2025-09-07,ХОБ-005,Хобби,3,2,410.12
2025-09-08,ХОБ-005,Хобби,0,12,410.12
2025-09-09,ХОБ-005,Хобби,0,12,410.12
2025-09-10,ХОБ-005,Хобби,0,12,410.12
2025-09-11,ХОБ-005,Хобби,0,12,410.12
2025-09-12,ХОБ-005,Хобби,0,12,410.12
2025-09-13,ХОБ-005,Хобби,0,12,410.12
2025-09-14,ХОБ-005,Хобби,4,8,410.12
2025-09-15,ХОБ-005,Хобби,4,8,410.12
2025-09-16,ХОБ-005,Хобби,0,8,410.12
2025-09-17,ХОБ-005,Хобби,0,8,410.12
2025-09-18,ХОБ-005,Хобби,4,4,410.12
2025-09-19,ХОБ-005,Хобби,0,4,410.12
2025-09-20,ХОБ-005,Хобби,1,3,410.12
2025-09-21,ХОБ-005,Хобби,0,3,410.12
2025-09-22,ХОБ-005,Хобби,0,12,410.12
2025-09-23,ХОБ-005,Хобби,0,12,410.12
2025-09-24,ХОБ-005,Хобби,0,12,410.12
2025-09-25,ХОБ-005,Хобби,0,12,410.12
2025-09-26,ХОБ-005,Хобби,3,9,410.12
2025-09-27,ХОБ-005,Хобби,2,7,410.12
2025-09-28,ХОБ-005,Хобби,6,1,410.12
2025-09-29,ХОБ-005,Хобби,0,12,410.12
2025-09-30,ХОБ-005,Хобби,0,12,410.12
2025-10-01,ХОБ-005,Хобби,0,12,410.12
2025-10-02,ХОБ-005,Хобби,0,12,410.12
2025-10-03,ХОБ-005,Хобби,0,12,410.12
2025-10-04,ХОБ-005,Хобби,0,12,410.12
2025-10-05,ХОБ-005,Хобби,0,12,410.12
2025-10-06,ХОБ-005,Хобби,0,12,410.12
2025-10-07,ХОБ-005,Хобби,0,12,410.12
2025-10-08,ХОБ-005,Хобби,5,7,410.12
2025-10-09,ХОБ-005,Хобби,0,7,410.12
2025-10-10,ХОБ-005,Хобби,2,5,410.12
2025-10-11,ХОБ-005,Хобби,0,5,410.12
2025-10-12,ХОБ-005,Хобби,0,5,410.12
2025-10-13,ХОБ-005,Хобби,0,12,410.12
2025-10-14,ХОБ-005,Хобби,0,12,410.12
2025-10-15,ХОБ-005,Хобби,0,12,410.12
2025-10-16,ХОБ-005,Хобби,0,12,410.12
2025-10-17,ХОБ-005,Хобби,0,12,410.12
2025-10-18,ХОБ-005,Хобби,0,12,410.12
2025-10-19,ХОБ-005,Хобби,0,12,410.12
2025-10-20,ХОБ-005,Хобби,0,12,410.12
2025-10-21,ХОБ-005,Хобби,0,12,410.12
2025-10-22,ХОБ-005,Хобби,0,12,410.12
2025-10-23,ХОБ-005,Хобби,0,12,410.12
2025-10-24,ХОБ-005,Хобби,0,12,410.12
2025-10-25,ХОБ-005,Хобби,1,11,410.12
2025-10-26,ХОБ-005,Хобби,0,11,410.12
2025-10-27,ХОБ-005,Хобби,0,12,410.12
2025-10-28,ХОБ-005,Хобби,4,8,410.12
2025-10-29,ХОБ-005,Хобби,0,8,410.12
2025-10-30,ХОБ-005,Хобби,0,8,410.12
2025-10-31,ХОБ-005,Хобби,0,8,410.12
2025-11-01,ХОБ-005,Хобби,0,8,410.12
2025-11-02,ХОБ-005,Хобби,0,8,410.12
2025-11-03,ХОБ-005,Хобби,0,12,410.12
2025-11-04,ХОБ-005,Хобби,0,12,410.12
2025-11-05,ХОБ-005,Хобби,0,12,410.12
2025-11-06,ХОБ-005,Хобби,0,12,410.12
2025-11-07,ХОБ-005,Хобби,0,12,410.12
2025-11-08,ХОБ-005,Хобби,0,12,410.12
2025-11-09,ХОБ-005,Хобби,1,11,410.12
2025-11-10,ХОБ-005,Хобби,0,12,410.12
2025-11-11,ХОБ-005,Хобби,4,8,410.12
2025-11-12,ХОБ-005,Хобби,0,8,410.12
2025-11-13,ХОБ-005,Хобби,4,4,410.12
2025-11-14,ХОБ-005,Хобби,4,0,410.12
2025-11-15,ХОБ-005,Хобби,0,0,410.12
2025-11-16,ХОБ-005,Хобби,0,0,410.12
2025-11-17,ХОБ-005,Хобби,0,12,410.12
2025-11-18,ХОБ-005,Хобби,0,12,410.12
2025-11-19,ХОБ-005,Хобби,4,8,410.12
2025-11-20,ХОБ-005,Хобби,0,8,410.12
2025-11-21,ХОБ-005,Хобби,0,8,410.12
2025-11-22,ХОБ-005,Хобби,0,8,410.12
2025-11-23,ХОБ-005,Хобби,0,8,410.12
2025-11-24,ХОБ-005,Хобби,0,12,410.12
2025-11-25,ХОБ-005,Хобби,0,12,410.12
2025-11-26,ХОБ-005,Хобби,4,8,410.12
2025-11-27,ХОБ-005,Хобби,0,8,410.12
2025-11-28,ХОБ-005,Хобби,2,6,410.12
2025-11-29,ХОБ-005,Хобби,0,6,410.12
2025-11-30,ХОБ-005,Хобби,0,6,410.12
2025-12-01,ХОБ-005,Хобби,0,12,410.12
2025-12-02,ХОБ-005,Хобби,0,12,410.12
2025-12-03,ХОБ-005,Хобби,0,12,410.12
2025-12-04,ХОБ-005,Хобби,0,12,410.12
2025-12-05,ХОБ-005,Хобби,0,12,410.12
2025-12-06,ХОБ-005,Хобби,0,12,410.12
2025-12-07,ХОБ-005,Хобби,5,7,410.12
2025-12-08,ХОБ-005,Хобби,0,12,410.12
2025-12-09,ХОБ-005,Хобби,0,12,410.12
2025-12-10,ХОБ-005,Хобби,0,12,410.12
2025-12-11,ХОБ-005,Хобби,0,12,410.12
2025-12-12,ХОБ-005,Хобби,0,12,410.12
2025-12-13,ХОБ-005,Хобби,0,12,410.12
2025-12-14,ХОБ-005,Хобби,4,8,410.12
2025-12-15,ХОБ-005,Хобби,0,12,410.12
2025-12-16,ХОБ-005,Хобби,0,12,410.12
2025-12-17,ХОБ-005,Хобби,0,12,410.12
2025-12-18,ХОБ-005,Хобби,0,12,410.12
2025-12-19,ХОБ-005,Хобби,0,12,410.12
2025-12-20,ХОБ-005,Хобби,0,12,410.12
2025-12-21,ХОБ-005,Хобби,0,12,410.12
2025-12-22,ХОБ-005,Хобби,0,12,410.12
2025-12-23,ХОБ-005,Хобби,0,12,410.12
2025-12-24,ХОБ-005,Хобби,0,12,410.12
2025-12-25,ХОБ-005,Хобби,0,12,410.12
2025-12-26,ХОБ-005,Хобби,0,12,410.12
2025-12-27,ХОБ-005,Хобби,2,10,410.12
2025-12-28,ХОБ-005,Хобби,0,10,410.12
2025-12-29,ХОБ-005,Хобби,0,12,410.12
2025-12-30,ХОБ-005,Хобби,0,12,410.12
2025-12-31,ХОБ-005,Хобби,0,12,410.12
2026-01-01,ХОБ-005,Хобби,0,12,410.12
2026-01-02,ХОБ-005,Хобби,2,10,410.12
2026-01-03,ХОБ-005,Хобби,3,7,410.12
2026-01-04,ХОБ-005,Хобби,0,7,410.12
2026-01-05,ХОБ-005,Хобби,0,12,410.12
2026-01-06,ХОБ-005,Хобби,0,12,410.12
2026-01-07,ХОБ-005,Хобби,0,12,410.12
2026-01-08,ХОБ-005,Хобби,0,12,410.12
2026-01-09,ХОБ-005,Хобби,0,12,410.12
2026-01-10,ХОБ-005,Хобби,0,12,410.12
2026-01-11,ХОБ-005,Хобби,0,12,410.12
2026-01-12,ХОБ-005,Хобби,0,12,410.12
2026-01-13,ХОБ-005,Хобби,0,12,410.12
2026-01-14,ХОБ-005,Хобби,0,12,410.12
2026-01-15,ХОБ-005,Хобби,0,12,410.12
2026-01-16,ХОБ-005,Хобби,0,12,410.12
2026-01-17,ХОБ-005,Хобби,0,12,410.12
2026-01-18,ХОБ-005,Хобби,1,11,410.12
2026-01-19,ХОБ-005,Хобби,0,12,410.12
2026-01-20,ХОБ-005,Хобби,0,12,410.12
2026-01-21,ХОБ-005,Хобби,0,12,410.12
2026-01-22,ХОБ-005,Хобби,0,12,410.12
2026-01-23,ХОБ-005,Хобби,0,12,410.12
2026-01-24,ХОБ-005,Хобби,0,12,410.12
2026-01-25,ХОБ-005,Хобби,0,12,410.12
2026-01-26,ХОБ-005,Хобби,1,11,410.12
2026-01-27,ХОБ-005,Хобби,0,11,410.12
2026-01-28,ХОБ-005,Хобби,0,11,410.12
2026-01-29,ХОБ-005,Хобби,0,11,410.12
2026-01-30,ХОБ-005,Хобби,0,11,410.12
2026-01-31,ХОБ-005,Хобби,0,11,410.12
2026-02-01,ХОБ-005,Хобби,1,10,410.12
2026-02-02,ХОБ-005,Хобби,0,12,410.12
2026-02-03,ХОБ-005,Хобби,0,12,410.12
2026-02-04,ХОБ-005,Хобби,0,12,410.12
2026-02-05,ХОБ-005,Хобби,0,12,410.12
2026-02-06,ХОБ-005,Хобби,0,12,410.12
2026-02-07,ХОБ-005,Хобби,0,12,410.12
2026-02-08,ХОБ-005,Хобби,0,12,410.12
2026-02-09,ХОБ-005,Хобби,0,12,410.12
2026-02-10,ХОБ-005,Хобби,0,12,410.12
2026-02-11,ХОБ-005,Хобби,0,12,410.12
2026-02-12,ХОБ-005,Хобби,0,12,410.12
2026-02-13,ХОБ-005,Хобби,0,12,410.12
2026-02-14,ХОБ-005,Хобби,0,12,410.12
2026-02-15,ХОБ-005,Хобби,0,12,410.12
2026-02-16,ХОБ-005,Хобби,0,12,410.12
2026-02-17,ХОБ-005,Хобби,0,12,410.12
2026-02-18,ХОБ-005,Хобби,0,12,410.12
2026-02-19,ХОБ-005,Хобби,0,12,410.12
2026-02-20,ХОБ-005,Хобби,0,12,410.12
2026-02-21,ХОБ-005,Хобби,0,12,410.12
2026-02-22,ХОБ-005,Хобби,0,12,410.12
2026-02-23,ХОБ-005,Хобби,0,12,410.12
2026-02-24,ХОБ-005,Хобби,3,9,410.12
2026-02-25,ХОБ-005,Хобби,0,9,410.12
2026-02-26,ХОБ-005,Хобби,0,9,410.12
2026-02-27,ХОБ-005,Хобби,0,9,410.12
2026-02-28,ХОБ-005,Хобби,4,5,410.12
2026-03-01,ХОБ-005,Хобби,0,5,410.12
2026-03-02,ХОБ-005,Хобби,0,12,410.12
2026-03-03,ХОБ-005,Хобби,0,12,410.12
2026-03-04,ХОБ-005,Хобби,3,9,410.12
2026-03-05,ХОБ-005,Хобби,0,9,410.12
2026-03-06,ХОБ-005,Хобби,0,9,410.12
2026-03-07,ХОБ-005,Хобби,0,9,410.12
2026-03-08,ХОБ-005,Хобби,0,9,410.12
2026-03-09,ХОБ-005,Хобби,0,12,410.12
2026-03-10,ХОБ-005,Хобби,0,12,410.12
2026-03-11,ХОБ-005,Хобби,1,11,410.12
2026-03-12,ХОБ-005,Хобби,8,3,410.12
2026-03-13,ХОБ-005,Хобби,0,3,410.12
2026-03-14,ХОБ-005,Хобби,0,3,410.12
2026-03-15,ХОБ-005,Хобби,3,0,410.12
2026-03-16,ХОБ-005,Хобби,4,8,410.12
2026-03-17,ХОБ-005,Хобби,0,8,410.12
2026-03-18,ХОБ-005,Хобби,0,8,410.12
2026-03-19,ХОБ-005,Хобби,0,8,410.12
2026-03-20,ХОБ-005,Хобби,0,8,410.12
2026-03-21,ХОБ-005,Хобби,2,6,410.12
2026-03-22,ХОБ-005,Хобби,0,6,410.12
2026-03-23,ХОБ-005,Хобби,1,11,410.12
2026-03-24,ХОБ-005,Хобби,0,11,410.12
2026-03-25,ХОБ-005,Хобби,3,8,410.12
2026-03-26,ХОБ-005,Хобби,0,8,410.12
2026-03-27,ХОБ-005,Хобби,0,8,410.12
2026-03-28,ХОБ-005,Хобби,0,8,410.12
2026-03-29,ХОБ-005,Хобби,0,8,410.12
2026-03-30,ХОБ-005,Хобби,0,12,410.12
2026-03-31,ХОБ-005,Хобби,0,12,410.12
2026-04-01,ХОБ-005,Хобби,0,12,410.12
2026-04-02,ХОБ-005,Хобби,0,12,410.12
2026-04-03,ХОБ-005,Хобби,3,9,410.12
2026-04-04,ХОБ-005,Хобби,0,9,410.12
2026-04-05,ХОБ-005,Хобби,0,9,410.12
2026-04-06,ХОБ-005,Хобби,2,10,410.12
2026-04-07,ХОБ-005,Хобби,5,5,410.12
2026-04-08,ХОБ-005,Хобби,0,5,410.12
2026-04-09,ХОБ-005,Хобби,0,5,410.12
2026-04-10,ХОБ-005,Хобби,0,5,410.12
2026-04-11,ХОБ-005,Хобби,0,5,410.12
2026-04-12,ХОБ-005,Хобби,5,0,410.12
2026-04-13,ХОБ-005,Хобби,0,12,410.12
2026-04-14,ХОБ-005,Хобби,0,12,410.12
2026-04-15,ХОБ-005,Хобби,0,12,410.12
2026-04-16,ХОБ-005,Хобби,0,12,410.12
2026-04-17,ХОБ-005,Хобби,0,12,410.12
2026-04-18,ХОБ-005,Хобби,0,12,410.12
2026-04-19,ХОБ-005,Хобби,0,12,410.12
2026-04-20,ХОБ-005,Хобби,0,12,410.12
2026-04-21,ХОБ-005,Хобби,0,12,410.12
2026-04-22,ХОБ-005,Хобби,0,12,410.12
2026-04-23,ХОБ-005,Хобби,0,12,410.12
2026-04-24,ХОБ-005,Хобби,0,12,410.12
2026-04-25,ХОБ-005,Хобби,1,11,410.12
2026-04-26,ХОБ-005,Хобби,1,10,410.12
2026-04-27,ХОБ-005,Хобби,2,10,410.12
2026-04-28,ХОБ-005,Хобби,0,10,410.12
2026-04-29,ХОБ-005,Хобби,0,10,410.12
2026-04-30,ХОБ-005,Хобби,0,10,410.12
2026-05-01,ХОБ-005,Хобби,2,8,410.12
2026-05-02,ХОБ-005,Хобби,0,8,410.12
2026-05-03,ХОБ-005,Хобби,2,6,410.12
2026-05-04,ХОБ-005,Хобби,0,12,410.12
2026-05-05,ХОБ-005,Хобби,0,12,410.12
2026-05-06,ХОБ-005,Хобби,0,12,410.12
2026-05-07,ХОБ-005,Хобби,0,12,410.12
2026-05-08,ХОБ-005,Хобби,0,12,410.12
2026-05-09,ХОБ-005,Хобби,0,12,410.12
2026-05-10,ХОБ-005,Хобби,0,12,410.12
2026-05-11,ХОБ-005,Хобби,4,8,410.12
2026-05-12,ХОБ-005,Хобби,0,8,410.12
2026-05-13,ХОБ-005,Хобби,0,8,410.12
2026-05-14,ХОБ-005,Хобби,6,2,410.12
2026-05-15,ХОБ-005,Хобби,0,2,410.12
2026-05-16,ХОБ-005,Хобби,2,0,410.12
2026-05-17,ХОБ-005,Хобби,0,0,410.12
2026-05-18,ХОБ-005,Хобби,0,12,410.12
2026-05-19,ХОБ-005,Хобби,0,12,410.12
2026-05-20,ХОБ-005,Хобби,1,11,410.12
2026-05-21,ХОБ-005,Хобби,0,11,410.12
2026-05-22,ХОБ-005,Хобби,0,11,410.12
2026-05-23,ХОБ-005,Хобби,0,11,410.12
2026-05-24,ХОБ-005,Хобби,0,11,410.12
2026-05-25,ХОБ-005,Хобби,0,12,410.12
2026-05-26,ХОБ-005,Хобби,0,12,410.12
2026-05-27,ХОБ-005,Хобби,0,12,410.12
2026-05-28,ХОБ-005,Хобби,0,12,410.12
2026-05-29,ХОБ-005,Хобби,0,12,410.12
2026-05-30,ХОБ-005,Хобби,0,12,410.12
2026-05-31,ХОБ-005,Хобби,6,6,410.12
2026-06-01,ХОБ-005,Хобби,0,12,410.12
2026-06-02,ХОБ-005,Хобби,0,12,410.12
2026-06-03,ХОБ-005,Хобби,0,12,410.12
2026-06-04,ХОБ-005,Хобби,0,12,410.12
2026-06-05,ХОБ-005,Хобби,0,12,410.12
2026-06-06,ХОБ-005,Хобби,0,12,410.12
2026-06-07,ХОБ-005,Хобби,0,12,410.12
2026-06-08,ХОБ-005,Хобби,4,8,410.12
2026-06-09,ХОБ-005,Хобби,0,8,410.12
2026-06-10,ХОБ-005,Хобби,2,6,410.12
2026-06-11,ХОБ-005,Хобби,0,6,410.12
2026-06-12,ХОБ-005,Хобби,0,6,410.12
2026-06-13,ХОБ-005,Хобби,2,4,410.12
2026-06-14,ХОБ-005,Хобби,4,0,410.12
2026-06-15,ХОБ-005,Хобби,0,12,410.12
2026-06-16,ХОБ-005,Хобби,0,12,410.12
2026-06-17,ХОБ-005,Хобби,2,10,410.12
2026-06-18,ХОБ-005,Хобби,0,10,410.12
2026-06-19,ХОБ-005,Хобби,3,7,410.12
2026-06-20,ХОБ-005,Хобби,0,7,410.12
2026-06-21,ХОБ-005,Хобби,7,0,410.12
2026-06-22,ХОБ-005,Хобби,0,12,410.12
2026-06-23,ХОБ-005,Хобби,3,9,410.12
2026-06-24,ХОБ-005,Хобби,0,9,410.12
2026-06-25,ХОБ-005,Хобби,4,5,410.12
2026-06-26,ХОБ-005,Хобби,0,5,410.12
2026-06-27,ХОБ-005,Хобби,0,5,410.12
2026-06-28,ХОБ-005,Хобби,0,5,410.12
2026-06-29,ХОБ-005,Хобби,6,6,410.12
2026-06-30,ХОБ-005,Хобби,0,6,410.12
2026-07-01,ХОБ-005,Хобби,0,6,410.12
2026-07-02,ХОБ-005,Хобби,0,6,410.12
2026-07-03,ХОБ-005,Хобби,0,6,410.12
2026-07-04,ХОБ-005,Хобби,4,2,410.12
2026-07-05,ХОБ-005,Хобби,1,1,410.12
2026-07-06,ХОБ-005,Хобби,0,12,410.12
2026-07-07,ХОБ-005,Хобби,0,12,410.12
2026-07-08,ХОБ-005,Хобби,0,12,410.12
2026-07-09,ХОБ-005,Хобби,0,12,410.12
2026-07-10,ХОБ-005,Хобби,0,12,410.12
2026-07-11,ХОБ-005,Хобби,4,8,410.12
2026-07-12,ХОБ-005,Хобби,0,8,410.12
2026-07-13,ХОБ-005,Хобби,0,12,410.12
2026-07-14,ХОБ-005,Хобби,0,12,410.12
2026-07-15,ХОБ-005,Хобби,0,12,410.12
2026-07-16,ХОБ-005,Хобби,0,12,410.12
2026-07-17,ХОБ-005,Хобби,0,12,410.12
2026-07-18,ХОБ-005,Хобби,0,12,410.12
2026-07-19,ХОБ-005,Хобби,3,9,410.12
2026-07-20,ХОБ-005,Хобби,0,12,410.12
2026-07-21,ХОБ-005,Хобби,0,12,410.12
2026-07-22,ХОБ-005,Хобби,0,12,410.12
2026-07-23,ХОБ-005,Хобби,0,12,410.12
2026-07-24,ХОБ-005,Хобби,0,12,410.12
2026-07-25,ХОБ-005,Хобби,0,12,410.12
2026-07-26,ХОБ-005,Хобби,0,12,410.12
2026-07-27,ХОБ-005,Хобби,0,12,410.12
2026-07-28,ХОБ-005,Хобби,0,12,410.12
2026-07-29,ХОБ-005,Хобби,0,12,410.12
2026-07-30,ХОБ-005,Хобби,0,12,410.12
2026-07-31,ХОБ-005,Хобби,0,12,410.12
2026-08-01,ХОБ-005,Хобби,0,12,410.12
2026-08-02,ХОБ-005,Хобби,0,12,410.12
2026-08-03,ХОБ-005,Хобби,0,12,410.12
2026-08-04,ХОБ-005,Хобби,0,12,410.12
2026-08-05,ХОБ-005,Хобби,0,12,410.12
2026-08-06,ХОБ-005,Хобби,0,12,410.12
2026-08-07,ХОБ-005,Хобби,0,12,410.12
2026-08-08,ХОБ-005,Хобби,3,9,410.12
2026-08-09,ХОБ-005,Хобби,0,9,410.12
2026-08-10,ХОБ-005,Хобби,0,12,410.12
2026-08-11,ХОБ-005,Хобби,0,12,410.12
2026-08-12,ХОБ-005,Хобби,0,12,410.12
2026-08-13,ХОБ-005,Хобби,0,12,410.12
2026-08-14,ХОБ-005,Хобби,0,12,410.12
2026-08-15,ХОБ-005,Хобби,0,12,410.12
2026-08-16,ХОБ-005,Хобби,0,12,410.12
2026-08-17,ХОБ-005,Хобби,0,12,410.12
2026-08-18,ХОБ-005,Хобби,0,12,410.12
2026-08-19,ХОБ-005,Хобби,0,12,410.12
2026-08-20,ХОБ-005,Хобби,0,12,410.12
2026-08-21,ХОБ-005,Хобби,4,8,410.12
2026-08-22,ХОБ-005,Хобби,0,8,410.12
2026-08-23,ХОБ-005,Хобби,0,8,410.12
2026-08-24,ХОБ-005,Хобби,0,12,410.12
2026-08-25,ХОБ-005,Хобби,0,12,410.12
2026-08-26,ХОБ-005,Хобби,0,12,410.12
2026-08-27,ХОБ-005,Хобби,0,12,410.12
2026-08-28,ХОБ-005,Хобби,0,12,410.12
2026-08-29,ХОБ-005,Хобби,0,12,410.12
2026-08-30,ХОБ-005,Хобби,0,12,410.12
2026-08-31,ХОБ-005,Хобби,0,12,410.12
2026-09-01,ХОБ-005,Хобби,4,8,410.12
2026-09-02,ХОБ-005,Хобби,4,4,410.12
2026-09-03,ХОБ-005,Хобби,0,4,410.12
2026-09-04,ХОБ-005,Хобби,3,1,410.12
2026-09-05,ХОБ-005,Хобби,0,1,410.12
2026-09-06,ХОБ-005,Хобби,0,1,410.12
2026-09-07,ХОБ-005,Хобби,0,12,410.12
2026-09-08,ХОБ-005,Хобби,0,12,410.12
2026-09-09,ХОБ-005,Хобби,5,7,410.12
2026-09-10,ХОБ-005,Хобби,0,7,410.12
2026-09-11,ХОБ-005,Хобби,0,7,410.12
2026-09-12,ХОБ-005,Хобби,4,3,410.12
2026-09-13,ХОБ-005,Хобби,0,3,410.12
2026-09-14,ХОБ-005,Хобби,0,12,410.12
2026-09-15,ХОБ-005,Хобби,0,12,410.12
2026-09-16,ХОБ-005,Хобби,0,12,410.12
2026-09-17,ХОБ-005,Хобби,3,9,410.12
2026-09-18,ХОБ-005,Хобби,0,9,410.12
2026-09-19,ХОБ-005,Хобби,2,7,410.12
2026-09-20,ХОБ-005,Хобби,0,7,410.12
2026-09-21,ХОБ-005,Хобби,0,12,410.12
2026-09-22,ХОБ-005,Хобби,0,12,410.12
2026-09-23,ХОБ-005,Хобби,0,12,410.12
2026-09-24,ХОБ-005,Хобби,0,12,410.12
2026-09-25,ХОБ-005,Хобби,0,12,410.12
2026-09-26,ХОБ-005,Хобби,0,12,410.12
2026-09-27,ХОБ-005,Хобби,3,9,410.12
2026-09-28,ХОБ-005,Хобби,3,9,410.12
2026-09-29,ХОБ-005,Хобби,0,9,410.12
2026-09-30,ХОБ-005,Хобби,0,9,410.12
2025-06-01,ХОБ-006,Хобби,2,9,368.95
2025-06-02,ХОБ-006,Хобби,0,11,368.95
2025-06-03,ХОБ-006,Хобби,0,11,368.95
2025-06-04,ХОБ-006,Хобби,0,11,368.95
2025-06-05,ХОБ-006,Хобби,0,11,368.95
2025-06-06,ХОБ-006,Хобби,0,11,368.95
2025-06-07,ХОБ-006,Хобби,0,11,368.95
2025-06-08,ХОБ-006,Хобби,0,11,368.95
2025-06-09,ХОБ-006,Хобби,0,11,368.95
2025-06-10,ХОБ-006,Хобби,0,11,368.95
2025-06-11,ХОБ-006,Хобби,1,10,368.95
2025-06-12,ХОБ-006,Хобби,0,10,368.95
2025-06-13,ХОБ-006,Хобби,0,10,368.95
2025-06-14,ХОБ-006,Хобби,0,10,368.95
2025-06-15,ХОБ-006,Хобби,0,10,368.95
2025-06-16,ХОБ-006,Хобби,0,11,368.95
2025-06-17,ХОБ-006,Хобби,0,11,368.95
2025-06-18,ХОБ-006,Хобби,0,11,368.95
2025-06-19,ХОБ-006,Хобби,2,9,368.95
2025-06-20,ХОБ-006,Хобби,0,9,368.95
2025-06-21,ХОБ-006,Хобби,2,7,368.95
2025-06-22,ХОБ-006,Хобби,4,3,368.95
2025-06-23,ХОБ-006,Хобби,0,11,368.95
2025-06-24,ХОБ-006,Хобби,0,11,368.95
2025-06-25,ХОБ-006,Хобби,0,11,368.95
2025-06-26,ХОБ-006,Хобби,0,11,368.95
2025-06-27,ХОБ-006,Хобби,0,11,368.95
2025-06-28,ХОБ-006,Хобби,0,11,368.95
2025-06-29,ХОБ-006,Хобби,2,9,368.95
2025-06-30,ХОБ-006,Хобби,0,11,368.95
2025-07-01,ХОБ-006,Хобби,0,11,368.95
2025-07-02,ХОБ-006,Хобби,0,11,368.95
2025-07-03,ХОБ-006,Хобби,0,11,368.95
2025-07-04,ХОБ-006,Хобби,0,11,368.95
2025-07-05,ХОБ-006,Хобби,3,8,368.95
2025-07-06,ХОБ-006,Хобби,0,8,368.95
2025-07-07,ХОБ-006,Хобби,0,11,368.95
2025-07-08,ХОБ-006,Хобби,5,6,368.95
2025-07-09,ХОБ-006,Хобби,0,6,368.95
2025-07-10,ХОБ-006,Хобби,0,6,368.95
2025-07-11,ХОБ-006,Хобби,0,6,368.95
2025-07-12,ХОБ-006,Хобби,0,6,368.95
2025-07-13,ХОБ-006,Хобби,0,6,368.95
2025-07-14,ХОБ-006,Хобби,0,11,368.95
2025-07-15,ХОБ-006,Хобби,0,11,368.95
2025-07-16,ХОБ-006,Хобби,0,11,368.95
2025-07-17,ХОБ-006,Хобби,0,11,368.95
2025-07-18,ХОБ-006,Хобби,0,11,368.95
2025-07-19,ХОБ-006,Хобби,1,10,368.95
2025-07-20,ХОБ-006,Хобби,0,10,368.95
2025-07-21,ХОБ-006,Хобби,0,11,368.95
2025-07-22,ХОБ-006,Хобби,0,11,368.95
2025-07-23,ХОБ-006,Хобби,0,11,368.95
2025-07-24,ХОБ-006,Хобби,0,11,368.95
2025-07-25,ХОБ-006,Хобби,0,11,368.95
2025-07-26,ХОБ-006,Хобби,3,8,368.95
2025-07-27,ХОБ-006,Хобби,0,8,368.95
2025-07-28,ХОБ-006,Хобби,0,11,368.95
2025-07-29,ХОБ-006,Хобби,0,11,368.95
2025-07-30,ХОБ-006,Хобби,0,11,368.95
2025-07-31,ХОБ-006,Хобби,0,11,368.95
2025-08-01,ХОБ-006,Хобби,2,9,368.95
2025-08-02,ХОБ-006,Хобби,0,9,368.95
2025-08-03,ХОБ-006,Хобби,4,5,368.95
2025-08-04,ХОБ-006,Хобби,0,11,368.95
2025-08-05,ХОБ-006,Хобби,0,11,368.95
2025-08-06,ХОБ-006,Хобби,7,4,368.95
2025-08-07,ХОБ-006,Хобби,0,4,368.95
2025-08-08,ХОБ-006,Хобби,0,4,368.95
2025-08-09,ХОБ-006,Хобби,0,4,368.95
2025-08-10,ХОБ-006,Хобби,0,4,368.95
2025-08-11,ХОБ-006,Хобби,0,11,368.95
2025-08-12,ХОБ-006,Хобби,0,11,368.95
2025-08-13,ХОБ-006,Хобби,2,9,368.95
2025-08-14,ХОБ-006,Хобби,0,9,368.95
2025-08-15,ХОБ-006,Хобби,0,9,368.95
2025-08-16,ХОБ-006,Хобби,0,9,368.95
2025-08-17,ХОБ-006,Хобби,0,9,368.95
2025-08-18,ХОБ-006,Хобби,1,10,368.95
2025-08-19,ХОБ-006,Хобби,0,10,368.95
2025-08-20,ХОБ-006,Хобби,0,10,368.95
2025-08-21,ХОБ-006,Хобби,0,10,368.95
2025-08-22,ХОБ-006,Хобби,3,7,368.95
2025-08-23,ХОБ-006,Хобби,0,7,368.95
2025-08-24,ХОБ-006,Хобби,3,4,368.95
2025-08-25,ХОБ-006,Хобби,0,11,368.95
2025-08-26,ХОБ-006,Хобби,0,11,368.95
2025-08-27,ХОБ-006,Хобби,0,11,368.95
2025-08-28,ХОБ-006,Хобби,0,11,368.95
2025-08-29,ХОБ-006,Хобби,0,11,368.95
2025-08-30,ХОБ-006,Хобби,3,8,368.95
2025-08-31,ХОБ-006,Хобби,0,8,368.95
2025-09-01,ХОБ-006,Хобби,0,11,368.95
2025-09-02,ХОБ-006,Хобби,0,11,368.95
2025-09-03,ХОБ-006,Хобби,0,11,368.95
2025-09-04,ХОБ-006,Хобби,0,11,368.95
2025-09-05,ХОБ-006,Хобби,6,5,368.95
2025-09-06,ХОБ-006,Хобби,2,3,368.95
2025-09-07,ХОБ-006,Хобби,2,1,368.95
2025-09-08,ХОБ-006,Хобби,0,11,368.95
2025-09-09,ХОБ-006,Хобби,5,6,368.95
2025-09-10,ХОБ-006,Хобби,0,6,368.95
2025-09-11,ХОБ-006,Хобби,0,6,368.95
2025-09-12,ХОБ-006,Хобби,0,6,368.95
2025-09-13,ХОБ-006,Хобби,0,6,368.95
2025-09-14,ХОБ-006,Хобби,0,6,368.95
2025-09-15,ХОБ-006,Хобби,0,11,368.95
2025-09-16,ХОБ-006,Хобби,4,7,368.95
2025-09-17,ХОБ-006,Хобби,0,7,368.95
2025-09-18,ХОБ-006,Хобби,0,7,368.95
2025-09-19,ХОБ-006,Хобби,0,7,368.95
2025-09-20,ХОБ-006,Хобби,5,2,368.95
2025-09-21,ХОБ-006,Хобби,0,2,368.95
2025-09-22,ХОБ-006,Хобби,0,11,368.95
2025-09-23,ХОБ-006,Хобби,3,8,368.95
2025-09-24,ХОБ-006,Хобби,0,8,368.95
2025-09-25,ХОБ-006,Хобби,0,8,368.95
2025-09-26,ХОБ-006,Хобби,0,8,368.95
2025-09-27,ХОБ-006,Хобби,0,8,368.95
2025-09-28,ХОБ-006,Хобби,0,8,368.95
2025-09-29,ХОБ-006,Хобби,0,11,368.95
2025-09-30,ХОБ-006,Хобби,0,11,368.95
2025-10-01,ХОБ-006,Хобби,0,11,368.95
2025-10-02,ХОБ-006,Хобби,0,11,368.95
2025-10-03,ХОБ-006,Хобби,0,11,368.95
2025-10-04,ХОБ-006,Хобби,0,11,368.95
2025-10-05,ХОБ-006,Хобби,0,11,368.95
2025-10-06,ХОБ-006,Хобби,0,11,368.95
2025-10-07,ХОБ-006,Хобби,0,11,368.95
2025-10-08,ХОБ-006,Хобби,0,11,368.95
2025-10-09,ХОБ-006,Хобби,0,11,368.95
2025-10-10,ХОБ-006,Хобби,0,11,368.95
2025-10-11,ХОБ-006,Хобби,0,11,368.95
2025-10-12,ХОБ-006,Хобби,0,11,368.95
2025-10-13,ХОБ-006,Хобби,0,11,368.95
2025-10-14,ХОБ-006,Хобби,1,10,368.95
2025-10-15,ХОБ-006,Хобби,0,10,368.95
2025-10-16,ХОБ-006,Хобби,0,10,368.95
2025-10-17,ХОБ-006,Хобби,0,10,368.95
2025-10-18,ХОБ-006,Хобби,0,10,368.95
2025-10-19,ХОБ-006,Хобби,0,10,368.95
2025-10-20,ХОБ-006,Хобби,0,11,368.95
2025-10-21,ХОБ-006,Хобби,0,11,368.95
2025-10-22,ХОБ-006,Хобби,0,11,368.95
2025-10-23,ХОБ-006,Хобби,3,8,368.95
2025-10-24,ХОБ-006,Хобби,0,8,368.95
2025-10-25,ХОБ-006,Хобби,0,8,368.95
2025-10-26,ХОБ-006,Хобби,0,8,368.95
2025-10-27,ХОБ-006,Хобби,0,11,368.95
2025-10-28,ХОБ-006,Хобби,0,11,368.95
2025-10-29,ХОБ-006,Хобби,0,11,368.95
2025-10-30,ХОБ-006,Хобби,0,11,368.95
2025-10-31,ХОБ-006,Хобби,0,11,368.95
2025-11-01,ХОБ-006,Хобби,0,11,368.95
2025-11-02,ХОБ-006,Хобби,0,11,368.95
2025-11-03,ХОБ-006,Хобби,0,11,368.95
2025-11-04,ХОБ-006,Хобби,4,7,368.95
2025-11-05,ХОБ-006,Хобби,0,7,368.95
2025-11-06,ХОБ-006,Хобби,0,7,368.95
2025-11-07,ХОБ-006,Хобби,1,6,368.95
2025-11-08,ХОБ-006,Хобби,0,6,368.95
2025-11-09,ХОБ-006,Хобби,0,6,368.95
2025-11-10,ХОБ-006,Хобби,0,11,368.95
2025-11-11,ХОБ-006,Хобби,0,11,368.95
2025-11-12,ХОБ-006,Хобби,0,11,368.95
2025-11-13,ХОБ-006,Хобби,0,11,368.95
2025-11-14,ХОБ-006,Хобби,0,11,368.95
2025-11-15,ХОБ-006,Хобби,0,11,368.95
2025-11-16,ХОБ-006,Хобби,0,11,368.95
2025-11-17,ХОБ-006,Хобби,0,11,368.95
2025-11-18,ХОБ-006,Хобби,0,11,368.95
2025-11-19,ХОБ-006,Хобби,0,11,368.95
2025-11-20,ХОБ-006,Хобби,0,11,368.95
2025-11-21,ХОБ-006,Хобби,0,11,368.95
2025-11-22,ХОБ-006,Хобби,0,11,368.95
2025-11-23,ХОБ-006,Хобби,0,11,368.95
2025-11-24,ХОБ-006,Хобби,0,11,368.95
2025-11-25,ХОБ-006,Хобби,0,11,368.95
2025-11-26,ХОБ-006,Хобби,1,10,368.95
2025-11-27,ХОБ-006,Хобби,0,10,368.95
2025-11-28,ХОБ-006,Хобби,0,10,368.95
2025-11-29,ХОБ-006,Хобби,0,10,368.95
2025-11-30,ХОБ-006,Хобби,0,10,368.95
2025-12-01,ХОБ-006,Хобби,0,11,368.95
2025-12-02,ХОБ-006,Хобби,0,11,368.95
2025-12-03,ХОБ-006,Хобби,0,11,368.95
2025-12-04,ХОБ-006,Хобби,3,8,368.95
2025-12-05,ХОБ-006,Хобби,1,7,368.95
2025-12-06,ХОБ-006,Хобби,0,7,368.95
2025-12-07,ХОБ-006,Хобби,0,7,368.95
2025-12-08,ХОБ-006,Хобби,0,11,368.95
2025-12-09,ХОБ-006,Хобби,0,11,368.95
2025-12-10,ХОБ-006,Хобби,0,11,368.95
2025-12-11,ХОБ-006,Хобби,0,11,368.95
2025-12-12,ХОБ-006,Хобби,0,11,368.95
2025-12-13,ХОБ-006,Хобби,0,11,368.95
2025-12-14,ХОБ-006,Хобби,0,11,368.95
2025-12-15,ХОБ-006,Хобби,0,11,368.95
2025-12-16,ХОБ-006,Хобби,0,11,368.95
2025-12-17,ХОБ-006,Хобби,2,9,368.95
2025-12-18,ХОБ-006,Хобби,0,9,368.95
2025-12-19,ХОБ-006,Хобби,0,9,368.95
2025-12-20,ХОБ-006,Хобби,0,9,368.95
2025-12-21,ХОБ-006,Хобби,0,9,368.95
2025-12-22,ХОБ-006,Хобби,0,11,368.95
2025-12-23,ХОБ-006,Хобби,0,11,368.95
2025-12-24,ХОБ-006,Хобби,0,11,368.95
2025-12-25,ХОБ-006,Хобби,0,11,368.95
2025-12-26,ХОБ-006,Хобби,7,4,368.95
2025-12-27,ХОБ-006,Хобби,0,4,368.95
2025-12-28,ХОБ-006,Хобби,0,4,368.95
2025-12-29,ХОБ-006,Хобби,3,8,368.95
2025-12-30,ХОБ-006,Хобби,0,8,368.95
2025-12-31,ХОБ-006,Хобби,0,8,368.95
2026-01-01,ХОБ-006,Хобби,1,7,368.95
2026-01-02,ХОБ-006,Хобби,0,7,368.95
2026-01-03,ХОБ-006,Хобби,0,7,368.95
2026-01-04,ХОБ-006,Хобби,3,4,368.95
2026-01-05,ХОБ-006,Хобби,0,11,368.95
2026-01-06,ХОБ-006,Хобби,0,11,368.95
2026-01-07,ХОБ-006,Хобби,0,11,368.95
2026-01-08,ХОБ-006,Хобби,0,11,368.95
2026-01-09,ХОБ-006,Хобби,0,11,368.95
2026-01-10,ХОБ-006,Хобби,0,11,368.95
2026-01-11,ХОБ-006,Хобби,0,11,368.95
2026-01-12,ХОБ-006,Хобби,0,11,368.95
2026-01-13,ХОБ-006,Хобби,0,11,368.95
2026-01-14,ХОБ-006,Хобби,0,11,368.95
2026-01-15,ХОБ-006,Хобби,0,11,368.95
2026-01-16,ХОБ-006,Хобби,0,11,368.95
2026-01-17,ХОБ-006,Хобби,1,10,368.95
2026-01-18,ХОБ-006,Хобби,0,10,368.95
2026-01-19,ХОБ-006,Хобби,0,11,368.95
2026-01-20,ХОБ-006,Хобби,0,11,368.95
2026-01-21,ХОБ-006,Хобби,2,9,368.95
2026-01-22,ХОБ-006,Хобби,0,9,368.95
2026-01-23,ХОБ-006,Хобби,0,9,368.95
2026-01-24,ХОБ-006,Хобби,0,9,368.95
2026-01-25,ХОБ-006,Хобби,0,9,368.95
2026-01-26,ХОБ-006,Хобби,0,11,368.95
2026-01-27,ХОБ-006,Хобби,0,11,368.95
2026-01-28,ХОБ-006,Хобби,0,11,368.95
2026-01-29,ХОБ-006,Хобби,0,11,368.95
2026-01-30,ХОБ-006,Хобби,0,11,368.95
2026-01-31,ХОБ-006,Хобби,2,9,368.95
2026-02-01,ХОБ-006,Хобби,0,9,368.95
2026-02-02,ХОБ-006,Хобби,0,11,368.95
2026-02-03,ХОБ-006,Хобби,0,11,368.95
2026-02-04,ХОБ-006,Хобби,0,11,368.95
2026-02-05,ХОБ-006,Хобби,0,11,368.95
2026-02-06,ХОБ-006,Хобби,0,11,368.95
2026-02-07,ХОБ-006,Хобби,0,11,368.95
2026-02-08,ХОБ-006,Хобби,0,11,368.95
2026-02-09,ХОБ-006,Хобби,0,11,368.95
2026-02-10,ХОБ-006,Хобби,0,11,368.95
2026-02-11,ХОБ-006,Хобби,0,11,368.95
2026-02-12,ХОБ-006,Хобби,1,10,368.95
2026-02-13,ХОБ-006,Хобби,0,10,368.95
2026-02-14,ХОБ-006,Хобби,0,10,368.95
2026-02-15,ХОБ-006,Хобби,0,10,368.95
2026-02-16,ХОБ-006,Хобби,0,11,368.95
2026-02-17,ХОБ-006,Хобби,4,7,368.95
2026-02-18,ХОБ-006,Хобби,0,7,368.95
2026-02-19,ХОБ-006,Хобби,0,7,368.95
2026-02-20,ХОБ-006,Хобби,0,7,368.95
2026-02-21,ХОБ-006,Хобби,0,7,368.95
2026-02-22,ХОБ-006,Хобби,0,7,368.95
2026-02-23,ХОБ-006,Хобби,0,11,368.95
2026-02-24,ХОБ-006,Хобби,0,11,368.95
2026-02-25,ХОБ-006,Хобби,0,11,368.95
2026-02-26,ХОБ-006,Хобби,0,11,368.95
2026-02-27,ХОБ-006,Хобби,0,11,368.95
2026-02-28,ХОБ-006,Хобби,0,11,368.95
2026-03-01,ХОБ-006,Хобби,0,11,368.95
2026-03-02,ХОБ-006,Хобби,0,11,368.95
2026-03-03,ХОБ-006,Хобби,0,11,368.95
2026-03-04,ХОБ-006,Хобби,2,9,368.95
2026-03-05,ХОБ-006,Хобби,1,8,368.95
2026-03-06,ХОБ-006,Хобби,3,5,368.95
2026-03-07,ХОБ-006,Хобби,0,5,368.95
2026-03-08,ХОБ-006,Хобби,0,5,368.95
2026-03-09,ХОБ-006,Хобби,0,11,368.95
2026-03-10,ХОБ-006,Хобби,0,11,368.95
2026-03-11,ХОБ-006,Хобби,0,11,368.95
2026-03-12,ХОБ-006,Хобби,0,11,368.95
2026-03-13,ХОБ-006,Хобби,0,11,368.95
2026-03-14,ХОБ-006,Хобби,0,11,368.95
2026-03-15,ХОБ-006,Хобби,0,11,368.95
2026-03-16,ХОБ-006,Хобби,0,11,368.95
2026-03-17,ХОБ-006,Хобби,0,11,368.95
2026-03-18,ХОБ-006,Хобби,0,11,368.95
2026-03-19,ХОБ-006,Хобби,0,11,368.95
2026-03-20,ХОБ-006,Хобби,2,9,368.95
2026-03-21,ХОБ-006,Хобби,0,9,368.95
2026-03-22,ХОБ-006,Хобби,0,9,368.95
2026-03-23,ХОБ-006,Хобби,0,11,368.95
2026-03-24,ХОБ-006,Хобби,0,11,368.95
2026-03-25,ХОБ-006,Хобби,0,11,368.95
2026-03-26,ХОБ-006,Хобби,0,11,368.95
2026-03-27,ХОБ-006,Хобби,0,11,368.95
2026-03-28,ХОБ-006,Хобби,0,11,368.95
2026-03-29,ХОБ-006,Хобби,0,11,368.95
2026-03-30,ХОБ-006,Хобби,0,11,368.95
2026-03-31,ХОБ-006,Хобби,0,11,368.95
2026-04-01,ХОБ-006,Хобби,0,11,368.95
2026-04-02,ХОБ-006,Хобби,0,11,368.95
2026-04-03,ХОБ-006,Хобби,0,11,368.95
2026-04-04,ХОБ-006,Хобби,0,11,368.95
2026-04-05,ХОБ-006,Хобби,0,11,368.95
2026-04-06,ХОБ-006,Хобби,0,11,368.95
2026-04-07,ХОБ-006,Хобби,0,11,368.95
2026-04-08,ХОБ-006,Хобби,0,11,368.95
2026-04-09,ХОБ-006,Хобби,0,11,368.95
2026-04-10,ХОБ-006,Хобби,3,8,368.95
2026-04-11,ХОБ-006,Хобби,0,8,368.95
2026-04-12,ХОБ-006,Хобби,0,8,368.95
2026-04-13,ХОБ-006,Хобби,0,11,368.95
2026-04-14,ХОБ-006,Хобби,0,11,368.95
2026-04-15,ХОБ-006,Хобби,0,11,368.95
2026-04-16,ХОБ-006,Хобби,0,11,368.95
2026-04-17,ХОБ-006,Хобби,0,11,368.95
2026-04-18,ХОБ-006,Хобби,0,11,368.95
2026-04-19,ХОБ-006,Хобби,0,11,368.95
2026-04-20,ХОБ-006,Хобби,0,11,368.95
2026-04-21,ХОБ-006,Хобби,0,11,368.95
2026-04-22,ХОБ-006,Хобби,0,11,368.95
2026-04-23,ХОБ-006,Хобби,0,11,368.95
2026-04-24,ХОБ-006,Хобби,4,7,368.95
2026-04-25,ХОБ-006,Хобби,1,6,368.95
2026-04-26,ХОБ-006,Хобби,1,5,368.95
2026-04-27,ХОБ-006,Хобби,0,11,368.95
2026-04-28,ХОБ-006,Хобби,0,11,368.95
2026-04-29,ХОБ-006,Хобби,0,11,368.95
2026-04-30,ХОБ-006,Хобби,0,11,368.95
2026-05-01,ХОБ-006,Хобби,0,11,368.95
2026-05-02,ХОБ-006,Хобби,2,9,368.95
2026-05-03,ХОБ-006,Хобби,2,7,368.95
2026-05-04,ХОБ-006,Хобби,0,11,368.95
2026-05-05,ХОБ-006,Хобби,2,9,368.95
2026-05-06,ХОБ-006,Хобби,6,3,368.95
2026-05-07,ХОБ-006,Хобби,0,3,368.95
2026-05-08,ХОБ-006,Хобби,0,3,368.95
2026-05-09,ХОБ-006,Хобби,0,3,368.95
2026-05-10,ХОБ-006,Хобби,0,3,368.95
2026-05-11,ХОБ-006,Хобби,2,9,368.95
2026-05-12,ХОБ-006,Хобби,0,9,368.95
2026-05-13,ХОБ-006,Хобби,0,9,368.95
2026-05-14,ХОБ-006,Хобби,2,7,368.95
2026-05-15,ХОБ-006,Хобби,2,5,368.95
2026-05-16,ХОБ-006,Хобби,0,5,368.95
2026-05-17,ХОБ-006,Хобби,0,5,368.95
2026-05-18,ХОБ-006,Хобби,0,11,368.95
2026-05-19,ХОБ-006,Хобби,2,9,368.95
2026-05-20,ХОБ-006,Хобби,0,9,368.95
2026-05-21,ХОБ-006,Хобби,0,9,368.95
2026-05-22,ХОБ-006,Хобби,0,9,368.95
2026-05-23,ХОБ-006,Хобби,0,9,368.95
2026-05-24,ХОБ-006,Хобби,0,9,368.95
2026-05-25,ХОБ-006,Хобби,0,11,368.95
2026-05-26,ХОБ-006,Хобби,0,11,368.95
2026-05-27,ХОБ-006,Хобби,0,11,368.95
2026-05-28,ХОБ-006,Хобби,0,11,368.95
2026-05-29,ХОБ-006,Хобби,0,11,368.95
2026-05-30,ХОБ-006,Хобби,0,11,368.95
2026-05-31,ХОБ-006,Хобби,0,11,368.95
2026-06-01,ХОБ-006,Хобби,0,11,368.95
2026-06-02,ХОБ-006,Хобби,0,11,368.95
2026-06-03,ХОБ-006,Хобби,0,11,368.95
2026-06-04,ХОБ-006,Хобби,0,11,368.95
2026-06-05,ХОБ-006,Хобби,0,11,368.95
2026-06-06,ХОБ-006,Хобби,5,6,368.95
2026-06-07,ХОБ-006,Хобби,0,6,368.95
2026-06-08,ХОБ-006,Хобби,0,11,368.95
2026-06-09,ХОБ-006,Хобби,0,11,368.95
2026-06-10,ХОБ-006,Хобби,3,8,368.95
2026-06-11,ХОБ-006,Хобби,0,8,368.95
2026-06-12,ХОБ-006,Хобби,1,7,368.95
2026-06-13,ХОБ-006,Хобби,0,7,368.95
2026-06-14,ХОБ-006,Хобби,0,7,368.95
2026-06-15,ХОБ-006,Хобби,0,11,368.95
2026-06-16,ХОБ-006,Хобби,0,11,368.95
2026-06-17,ХОБ-006,Хобби,0,11,368.95
2026-06-18,ХОБ-006,Хобби,0,11,368.95
2026-06-19,ХОБ-006,Хобби,2,9,368.95
2026-06-20,ХОБ-006,Хобби,0,9,368.95
2026-06-21,ХОБ-006,Хобби,0,9,368.95
2026-06-22,ХОБ-006,Хобби,0,11,368.95
2026-06-23,ХОБ-006,Хобби,0,11,368.95
2026-06-24,ХОБ-006,Хобби,0,11,368.95
2026-06-25,ХОБ-006,Хобби,0,11,368.95
2026-06-26,ХОБ-006,Хобби,5,6,368.95
2026-06-27,ХОБ-006,Хобби,3,3,368.95
2026-06-28,ХОБ-006,Хобби,0,3,368.95
2026-06-29,ХОБ-006,Хобби,0,11,368.95
2026-06-30,ХОБ-006,Хобби,0,11,368.95
2026-07-01,ХОБ-006,Хобби,5,6,368.95
2026-07-02,ХОБ-006,Хобби,0,6,368.95
2026-07-03,ХОБ-006,Хобби,0,6,368.95
2026-07-04,ХОБ-006,Хобби,0,6,368.95
2026-07-05,ХОБ-006,Хобби,0,6,368.95
2026-07-06,ХОБ-006,Хобби,0,11,368.95
2026-07-07,ХОБ-006,Хобби,0,11,368.95
2026-07-08,ХОБ-006,Хобби,1,10,368.95
2026-07-09,ХОБ-006,Хобби,6,4,368.95
2026-07-10,ХОБ-006,Хобби,0,4,368.95
2026-07-11,ХОБ-006,Хобби,3,1,368.95
2026-07-12,ХОБ-006,Хобби,0,1,368.95
2026-07-13,ХОБ-006,Хобби,2,9,368.95
2026-07-14,ХОБ-006,Хобби,0,9,368.95
2026-07-15,ХОБ-006,Хобби,0,9,368.95
2026-07-16,ХОБ-006,Хобби,0,9,368.95
2026-07-17,ХОБ-006,Хобби,0,9,368.95
2026-07-18,ХОБ-006,Хобби,0,9,368.95
2026-07-19,ХОБ-006,Хобби,0,9,368.95
2026-07-20,ХОБ-006,Хобби,0,11,368.95
2026-07-21,ХОБ-006,Хобби,5,6,368.95
2026-07-22,ХОБ-006,Хобби,0,6,368.95
2026-07-23,ХОБ-006,Хобби,0,6,368.95
2026-07-24,ХОБ-006,Хобби,0,6,368.95
2026-07-25,ХОБ-006,Хобби,0,6,368.95
2026-07-26,ХОБ-006,Хобби,0,6,368.95
2026-07-27,ХОБ-006,Хобби,0,11,368.95
2026-07-28,ХОБ-006,Хобби,0,11,368.95
2026-07-29,ХОБ-006,Хобби,5,6,368.95
2026-07-30,ХОБ-006,Хобби,0,6,368.95
2026-07-31,ХОБ-006,Хобби,0,6,368.95
2026-08-01,ХОБ-006,Хобби,0,6,368.95
2026-08-02,ХОБ-006,Хобби,0,6,368.95
2026-08-03,ХОБ-006,Хобби,0,11,368.95
2026-08-04,ХОБ-006,Хобби,0,11,368.95
2026-08-05,ХОБ-006,Хобби,6,5,368.95
2026-08-06,ХОБ-006,Хобби,0,5,368.95
2026-08-07,ХОБ-006,Хобби,0,5,368.95
2026-08-08,ХОБ-006,Хобби,0,5,368.95
2026-08-09,ХОБ-006,Хобби,3,2,368.95
2026-08-10,ХОБ-006,Хобби,0,11,368.95
2026-08-11,ХОБ-006,Хобби,2,9,368.95
2026-08-12,ХОБ-006,Хобби,1,8,368.95
2026-08-13,ХОБ-006,Хобби,0,8,368.95
2026-08-14,ХОБ-006,Хобби,0,8,368.95
2026-08-15,ХОБ-006,Хобби,0,8,368.95
2026-08-16,ХОБ-006,Хобби,0,8,368.95
2026-08-17,ХОБ-006,Хобби,0,11,368.95
2026-08-18,ХОБ-006,Хобби,3,8,368.95
2026-08-19,ХОБ-006,Хобби,0,8,368.95
2026-08-20,ХОБ-006,Хобби,0,8,368.95
2026-08-21,ХОБ-006,Хобби,2,6,368.95
2026-08-22,ХОБ-006,Хобби,0,6,368.95
2026-08-23,ХОБ-006,Хобби,0,6,368.95
2026-08-24,ХОБ-006,Хобби,0,11,368.95
2026-08-25,ХОБ-006,Хобби,0,11,368.95
2026-08-26,ХОБ-006,Хобби,0,11,368.95
2026-08-27,ХОБ-006,Хобби,0,11,368.95
2026-08-28,ХОБ-006,Хобби,0,11,368.95
2026-08-29,ХОБ-006,Хобби,5,6,368.95
2026-08-30,ХОБ-006,Хобби,1,5,368.95
2026-08-31,ХОБ-006,Хобби,0,11,368.95
2026-09-01,ХОБ-006,Хобби,0,11,368.95
2026-09-02,ХОБ-006,Хобби,0,11,368.95
2026-09-03,ХОБ-006,Хобби,0,11,368.95
2026-09-04,ХОБ-006,Хобби,0,11,368.95
2026-09-05,ХОБ-006,Хобби,0,11,368.95
2026-09-06,ХОБ-006,Хобби,5,6,368.95
2026-09-07,ХОБ-006,Хобби,0,11,368.95
2026-09-08,ХОБ-006,Хобби,2,9,368.95
2026-09-09,ХОБ-006,Хобби,0,9,368.95
2026-09-10,ХОБ-006,Хобби,0,9,368.95
2026-09-11,ХОБ-006,Хобби,0,9,368.95
2026-09-12,ХОБ-006,Хобби,0,9,368.95
2026-09-13,ХОБ-006,Хобби,0,9,368.95
2026-09-14,ХОБ-006,Хобби,0,11,368.95
2026-09-15,ХОБ-006,Хобби,0,11,368.95
2026-09-16,ХОБ-006,Хобби,0,11,368.95
2026-09-17,ХОБ-006,Хобби,0,11,368.95
2026-09-18,ХОБ-006,Хобби,0,11,368.95
2026-09-19,ХОБ-006,Хобби,0,11,368.95
2026-09-20,ХОБ-006,Хобби,1,10,368.95
2026-09-21,ХОБ-006,Хобби,0,11,368.95
2026-09-22,ХОБ-006,Хобби,0,11,368.95
2026-09-23,ХОБ-006,Хобби,0,11,368.95
2026-09-24,ХОБ-006,Хобби,0,11,368.95
2026-09-25,ХОБ-006,Хобби,1,10,368.95
2026-09-26,ХОБ-006,Хобби,2,8,368.95
2026-09-27,ХОБ-006,Хобби,0,8,368.95
2026-09-28,ХОБ-006,Хобби,0,11,368.95
2026-09-29,ХОБ-006,Хобби,0,11,368.95
2026-09-30,ХОБ-006,Хобби,0,11,368.95
